fiscalYear,code,codeDotted,wasBillable,category,shortTitle,longTitle
2017,H4011X0,H40.11X0,true,H40,"Primary open-angle glaucoma, stage unspecified","Primary open-angle glaucoma, stage unspecified"
2017,H4011X1,H40.11X1,true,H40,"Primary open-angle glaucoma, mild stage","Primary open-angle glaucoma, mild stage"
2017,H4011X2,H40.11X2,true,H40,"Primary open-angle glaucoma, moderate stage","Primary open-angle glaucoma, moderate stage"
2017,H4011X3,H40.11X3,true,H40,"Primary open-angle glaucoma, severe stage","Primary open-angle glaucoma, severe stage"
2017,H4011X4,H40.11X4,true,H40,"Primary open-angle glaucoma, indeterminate stage","Primary open-angle glaucoma, indeterminate stage"
2017,I6020,I60.20,true,I60,Ntrm subarach hemor from unsp anterior communicating artery,Nontraumatic subarachnoid hemorrhage from unspecified anterior communicating artery
2017,I6021,I60.21,true,I60,Ntrm subarach hemor from right anterior communicating artery,Nontraumatic subarachnoid hemorrhage from right anterior communicating artery
2017,I6022,I60.22,true,I60,Ntrm subarach hemor from left anterior communicating artery,Nontraumatic subarachnoid hemorrhage from left anterior communicating artery
2017,S0210XA,S02.10XA,true,S02,"Unsp fracture of base of skull, init for clos fx","Unspecified fracture of base of skull, initial encounter for closed fracture"
2017,S0210XB,S02.10XB,true,S02,"Unsp fracture of base of skull, init for opn fx","Unspecified fracture of base of skull, initial encounter for open fracture"
2017,S0210XD,S02.10XD,true,S02,"Unsp fracture of base of skull, subs for fx w routn heal","Unspecified fracture of base of skull, subsequent encounter for fracture with routine healing"
2017,S0210XG,S02.10XG,true,S02,"Unsp fracture of base of skull, subs for fx w delay heal","Unspecified fracture of base of skull, subsequent encounter for fracture with delayed healing"
2017,S0210XK,S02.10XK,true,S02,"Unsp fracture of base of skull, subs for fx w nonunion","Unspecified fracture of base of skull, subsequent encounter for fracture with nonunion"
2017,S0210XS,S02.10XS,true,S02,"Unspecified fracture of base of skull, sequela","Unspecified fracture of base of skull, sequela"
2017,S023XXA,S02.3XXA,true,S02,"Fracture of orbital floor, init encntr for closed fracture","Fracture of orbital floor, initial encounter for closed fracture"
2017,S023XXB,S02.3XXB,true,S02,"Fracture of orbital floor, init encntr for open fracture","Fracture of orbital floor, initial encounter for open fracture"
2017,S023XXD,S02.3XXD,true,S02,"Fracture of orbital floor, subs for fx w routn heal","Fracture of orbital floor, subsequent encounter for fracture with routine healing"
2017,S023XXG,S02.3XXG,true,S02,"Fracture of orbital floor, subs for fx w delay heal","Fracture of orbital floor, subsequent encounter for fracture with delayed healing"
2017,S023XXK,S02.3XXK,true,S02,"Fracture of orbital floor, subs for fx w nonunion","Fracture of orbital floor, subsequent encounter for fracture with nonunion"
2017,S023XXS,S02.3XXS,true,S02,"Fracture of orbital floor, sequela","Fracture of orbital floor, sequela"
2017,S0261XA,S02.61XA,true,S02,"Fracture of condylar process of mandible, init for clos fx","Fracture of condylar process of mandible, initial encounter for closed fracture"
2017,S0261XB,S02.61XB,true,S02,"Fracture of condylar process of mandible, init for opn fx","Fracture of condylar process of mandible, initial encounter for open fracture"
2017,S0261XD,S02.61XD,true,S02,"Fx condylar process of mandible, subs for fx w routn heal","Fracture of condylar process of mandible, subsequent encounter for fracture with routine healing"
2017,S0261XG,S02.61XG,true,S02,"Fx condylar process of mandible, subs for fx w delay heal","Fracture of condylar process of mandible, subsequent encounter for fracture with delayed healing"
2017,S0261XK,S02.61XK,true,S02,"Fx condylar process of mandible, subs for fx w nonunion","Fracture of condylar process of mandible, subsequent encounter for fracture with nonunion"
2017,S0261XS,S02.61XS,true,S02,"Fracture of condylar process of mandible, sequela","Fracture of condylar process of mandible, sequela"
2017,S0262XA,S02.62XA,true,S02,"Fracture of subcondylar process of mandible, init","Fracture of subcondylar process of mandible, initial encounter for closed fracture"
2017,S0262XB,S02.62XB,true,S02,"Fracture of subcondylar process of mandible, init for opn fx","Fracture of subcondylar process of mandible, initial encounter for open fracture"
2017,S0262XD,S02.62XD,true,S02,"Fx subcondylar process of mandible, subs for fx w routn heal","Fracture of subcondylar process of mandible, subsequent encounter for fracture with routine healing"
2017,S0262XG,S02.62XG,true,S02,"Fx subcondylar process of mandible, subs for fx w delay heal","Fracture of subcondylar process of mandible, subsequent encounter for fracture with delayed healing"
2017,S0262XK,S02.62XK,true,S02,"Fx subcondylar process of mandible, subs for fx w nonunion","Fracture of subcondylar process of mandible, subsequent encounter for fracture with nonunion"
2017,S0262XS,S02.62XS,true,S02,"Fracture of subcondylar process of mandible, sequela","Fracture of subcondylar process of mandible, sequela"
2017,S0263XA,S02.63XA,true,S02,"Fracture of coronoid process of mandible, init for clos fx","Fracture of coronoid process of mandible, initial encounter for closed fracture"
2017,S0263XB,S02.63XB,true,S02,"Fracture of coronoid process of mandible, init for opn fx","Fracture of coronoid process of mandible, initial encounter for open fracture"
2017,S0263XD,S02.63XD,true,S02,"Fx coronoid process of mandible, subs for fx w routn heal","Fracture of coronoid process of mandible, subsequent encounter for fracture with routine healing"
2017,S0263XG,S02.63XG,true,S02,"Fx coronoid process of mandible, subs for fx w delay heal","Fracture of coronoid process of mandible, subsequent encounter for fracture with delayed healing"
2017,S0263XK,S02.63XK,true,S02,"Fx coronoid process of mandible, subs for fx w nonunion","Fracture of coronoid process of mandible, subsequent encounter for fracture with nonunion"
2017,S0263XS,S02.63XS,true,S02,"Fracture of coronoid process of mandible, sequela","Fracture of coronoid process of mandible, sequela"
2017,S0264XA,S02.64XA,true,S02,"Fracture of ramus of mandible, init for clos fx","Fracture of ramus of mandible, initial encounter for closed fracture"
2017,S0264XB,S02.64XB,true,S02,"Fracture of ramus of mandible, init encntr for open fracture","Fracture of ramus of mandible, initial encounter for open fracture"
2017,S0264XD,S02.64XD,true,S02,"Fracture of ramus of mandible, subs for fx w routn heal","Fracture of ramus of mandible, subsequent encounter for fracture with routine healing"
2017,S0264XG,S02.64XG,true,S02,"Fracture of ramus of mandible, subs for fx w delay heal","Fracture of ramus of mandible, subsequent encounter for fracture with delayed healing"
2017,S0264XK,S02.64XK,true,S02,"Fracture of ramus of mandible, subs for fx w nonunion","Fracture of ramus of mandible, subsequent encounter for fracture with nonunion"
2017,S0264XS,S02.64XS,true,S02,"Fracture of ramus of mandible, sequela","Fracture of ramus of mandible, sequela"
2017,S0265XA,S02.65XA,true,S02,"Fracture of angle of mandible, init for clos fx","Fracture of angle of mandible, initial encounter for closed fracture"
2017,S0265XB,S02.65XB,true,S02,"Fracture of angle of mandible, init encntr for open fracture","Fracture of angle of mandible, initial encounter for open fracture"
2017,S0265XD,S02.65XD,true,S02,"Fracture of angle of mandible, subs for fx w routn heal","Fracture of angle of mandible, subsequent encounter for fracture with routine healing"
2017,S0265XG,S02.65XG,true,S02,"Fracture of angle of mandible, subs for fx w delay heal","Fracture of angle of mandible, subsequent encounter for fracture with delayed healing"
2017,S0265XK,S02.65XK,true,S02,"Fracture of angle of mandible, subs for fx w nonunion","Fracture of angle of mandible, subsequent encounter for fracture with nonunion"
2017,S0265XS,S02.65XS,true,S02,"Fracture of angle of mandible, sequela","Fracture of angle of mandible, sequela"
2017,S0267XA,S02.67XA,true,S02,"Fracture of alveolus of mandible, init for clos fx","Fracture of alveolus of mandible, initial encounter for closed fracture"
2017,S0267XB,S02.67XB,true,S02,"Fracture of alveolus of mandible, init for opn fx","Fracture of alveolus of mandible, initial encounter for open fracture"
2017,S0267XD,S02.67XD,true,S02,"Fracture of alveolus of mandible, subs for fx w routn heal","Fracture of alveolus of mandible, subsequent encounter for fracture with routine healing"
2017,S0267XG,S02.67XG,true,S02,"Fracture of alveolus of mandible, subs for fx w delay heal","Fracture of alveolus of mandible, subsequent encounter for fracture with delayed healing"
2017,S0267XK,S02.67XK,true,S02,"Fracture of alveolus of mandible, subs for fx w nonunion","Fracture of alveolus of mandible, subsequent encounter for fracture with nonunion"
2017,S0267XS,S02.67XS,true,S02,"Fracture of alveolus of mandible, sequela","Fracture of alveolus of mandible, sequela"
2017,S028XXA,S02.8XXA,true,S02,"Fractures of oth skull and facial bones, init for clos fx","Fractures of other specified skull and facial bones, initial encounter for closed fracture"
2017,S028XXB,S02.8XXB,true,S02,"Fractures of oth skull and facial bones, init for opn fx","Fractures of other specified skull and facial bones, initial encounter for open fracture"
2017,S028XXD,S02.8XXD,true,S02,"Fx of skull and facial bones, subs for fx w routn heal","Fractures of other specified skull and facial bones, subsequent encounter for fracture with routine healing"
2017,S028XXG,S02.8XXG,true,S02,"Fx of skull and facial bones, subs for fx w delay heal","Fractures of other specified skull and facial bones, subsequent encounter for fracture with delayed healing"
2017,S028XXK,S02.8XXK,true,S02,"Fractures of skull and facial bones, subs for fx w nonunion","Fractures of other specified skull and facial bones, subsequent encounter for fracture with nonunion"
2017,S028XXS,S02.8XXS,true,S02,"Fractures of other specified skull and facial bones, sequela","Fractures of other specified skull and facial bones, sequela"
2017,S030XXA,S03.0XXA,true,S03,"Dislocation of jaw, initial encounter","Dislocation of jaw, initial encounter"
2017,S030XXD,S03.0XXD,true,S03,"Dislocation of jaw, subsequent encounter","Dislocation of jaw, subsequent encounter"
2017,S030XXS,S03.0XXS,true,S03,"Dislocation of jaw, sequela","Dislocation of jaw, sequela"
2017,S034XXA,S03.4XXA,true,S03,"Sprain of jaw, initial encounter","Sprain of jaw, initial encounter"
2017,S034XXD,S03.4XXD,true,S03,"Sprain of jaw, subsequent encounter","Sprain of jaw, subsequent encounter"
2017,S034XXS,S03.4XXS,true,S03,"Sprain of jaw, sequela","Sprain of jaw, sequela"
2017,S060X2,S06.0X2,false,S06,Concussion w loss of consciousness of 31-59 min,Concussion with loss of consciousness of 31 minutes to 59 minutes
2017,S060X2A,S06.0X2A,true,S06,"Concussion w loss of consciousness of 31-59 min, init","Concussion with loss of consciousness of 31 minutes to 59 minutes, initial encounter"
2017,S060X2D,S06.0X2D,true,S06,"Concussion w loss of consciousness of 31-59 min, subs","Concussion with loss of consciousness of 31 minutes to 59 minutes, subsequent encounter"
2017,S060X2S,S06.0X2S,true,S06,"Concussion w loss of consciousness of 31-59 min, sequela","Concussion with loss of consciousness of 31 minutes to 59 minutes, sequela"
2017,S060X3,S06.0X3,false,S06,Concussion w loss of consciousness of 1-5 hrs 59 min,Concussion with loss of consciousness of 1 hour to 5 hours 59 minutes
2017,S060X3A,S06.0X3A,true,S06,"Concussion w loss of consciousness of 1-5 hrs 59 min, init","Concussion with loss of consciousness of 1 hour to 5 hours 59 minutes, initial encounter"
2017,S060X3D,S06.0X3D,true,S06,"Concussion w loss of consciousness of 1-5 hrs 59 min, subs","Concussion with loss of consciousness of 1 hour to 5 hours 59 minutes, subsequent encounter"
2017,S060X3S,S06.0X3S,true,S06,"Concussion w LOC of 1-5 hrs 59 min, sequela","Concussion with loss of consciousness of 1 hour to 5 hours 59 minutes, sequela"
2017,S060X4,S06.0X4,false,S06,Concussion with loss of consciousness of 6 hours to 24 hours,Concussion with loss of consciousness of 6 hours to 24 hours
2017,S060X4A,S06.0X4A,true,S06,"Concussion w LOC of 6 hours to 24 hours, init","Concussion with loss of consciousness of 6 hours to 24 hours, initial encounter"
2017,S060X4D,S06.0X4D,true,S06,"Concussion w LOC of 6 hours to 24 hours, subs","Concussion with loss of consciousness of 6 hours to 24 hours, subsequent encounter"
2017,S060X4S,S06.0X4S,true,S06,"Concussion w LOC of 6 hours to 24 hours, sequela","Concussion with loss of consciousness of 6 hours to 24 hours, sequela"
2017,S060X5,S06.0X5,false,S06,Concussion w loss of consciousness >24 hr w ret consc lev,Concussion with loss of consciousness greater than 24 hours with return to pre-existing conscious level
2017,S060X5A,S06.0X5A,true,S06,"Concussion w LOC >24 hr w ret consc lev, init","Concussion with loss of consciousness greater than 24 hours with return to pre-existing conscious level, initial encounter"
2017,S060X5D,S06.0X5D,true,S06,"Concussion w LOC >24 hr w ret consc lev, subs","Concussion with loss of consciousness greater than 24 hours with return to pre-existing conscious level, subsequent encounter"
2017,S060X5S,S06.0X5S,true,S06,"Concussion w LOC >24 hr w ret consc lev, sequela","Concussion with loss of consciousness greater than 24 hours with return to pre-existing conscious level, sequela"
2017,S060X6,S06.0X6,false,S06,Concussion w LOC >24 hr w/o ret consc w surv,Concussion with loss of consciousness greater than 24 hours without return to pre-existing conscious level with patient surviving
2017,S060X6A,S06.0X6A,true,S06,"Concussion w LOC >24 hr w/o ret consc w surv, init","Concussion with loss of consciousness greater than 24 hours without return to pre-existing conscious level with patient surviving, initial encounter"
2017,S060X6D,S06.0X6D,true,S06,"Concussion w LOC >24 hr w/o ret consc w surv, subs","Concussion with loss of consciousness greater than 24 hours without return to pre-existing conscious level with patient surviving, subsequent encounter"
2017,S060X6S,S06.0X6S,true,S06,"Concussion w LOC >24 hr w/o ret consc w surv, sequela","Concussion with loss of consciousness greater than 24 hours without return to pre-existing conscious level with patient surviving, sequela"
2017,S060X7,S06.0X7,false,S06,Concussion w LOC w death due to brain injury bf consc,Concussion with loss of consciousness of any duration with death due to brain injury prior to regaining consciousness
2017,S060X7A,S06.0X7A,true,S06,"Concussion w LOC w death due to brain injury bf consc, init","Concussion with loss of consciousness of any duration with death due to brain injury prior to regaining consciousness, initial encounter"
2017,S060X7D,S06.0X7D,true,S06,"Concussion w LOC w death due to brain injury bf consc, subs","Concussion with loss of consciousness of any duration with death due to brain injury prior to regaining consciousness, subsequent encounter"
2017,S060X7S,S06.0X7S,true,S06,"Concuss w LOC w death due to brain injury bf consc, sequela","Concussion with loss of consciousness of any duration with death due to brain injury prior to regaining consciousness, sequela"
2017,S060X8,S06.0X8,false,S06,Concussion w LOC w death due to oth cause bf consc,Concussion with loss of consciousness of any duration with death due to other cause prior to regaining consciousness
2017,S060X8A,S06.0X8A,true,S06,"Concussion w LOC w death due to oth cause bf consc, init","Concussion with loss of consciousness of any duration with death due to other cause prior to regaining consciousness, initial encounter"
2017,S060X8D,S06.0X8D,true,S06,"Concussion w LOC w death due to oth cause bf consc, subs","Concussion with loss of consciousness of any duration with death due to other cause prior to regaining consciousness, subsequent encounter"
2017,S060X8S,S06.0X8S,true,S06,"Concussion w LOC w death due to oth cause bf consc, sequela","Concussion with loss of consciousness of any duration with death due to other cause prior to regaining consciousness, sequela"
2017,T8351XA,T83.51XA,true,T83,"Infect/inflm reaction due to indwell urinary catheter, init","Infection and inflammatory reaction due to indwelling urinary catheter, initial encounter"
2017,T8351XD,T83.51XD,true,T83,"Infect/inflm reaction due to indwell urinary catheter, subs","Infection and inflammatory reaction due to indwelling urinary catheter, subsequent encounter"
2017,T8351XS,T83.51XS,true,T83,"Infect/inflm reaction due to indwell urinary cath, sequela","Infection and inflammatory reaction due to indwelling urinary catheter, sequela"
2017,T8359XA,T83.59XA,true,T83,"Infect/inflm react d/t prosth dev/grft in urinry sys, init","Infection and inflammatory reaction due to prosthetic device, implant and graft in urinary system, initial encounter"
2017,T8359XD,T83.59XD,true,T83,"Infect/inflm react d/t prosth dev/grft in urinry sys, subs","Infection and inflammatory reaction due to prosthetic device, implant and graft in urinary system, subsequent encounter"
2017,T8359XS,T83.59XS,true,T83,"Infect/inflm react d/t prosth dev/grft in urinry sys, sqla","Infection and inflammatory reaction due to prosthetic device, implant and graft in urinary system, sequela"
2017,T836XXA,T83.6XXA,true,T83,"Infect/inflm react d/t prosth dev/grft in genitl trct, init","Infection and inflammatory reaction due to prosthetic device, implant and graft in genital tract, initial encounter"
2017,T836XXD,T83.6XXD,true,T83,"Infect/inflm react d/t prosth dev/grft in genitl trct, subs","Infection and inflammatory reaction due to prosthetic device, implant and graft in genital tract, subsequent encounter"
2017,T836XXS,T83.6XXS,true,T83,"Infect/inflm react d/t prosth dev/grft in genitl trct, sqla","Infection and inflammatory reaction due to prosthetic device, implant and graft in genital tract, sequela"
2017,T8404,T84.04,false,T84,Periprosthetic fracture around internal prosthetic joint,Periprosthetic fracture around internal prosthetic joint
2017,T84040,T84.040,false,T84,Periprosthetic fracture around internal prosthetic r hip jt,Periprosthetic fracture around internal prosthetic right hip joint
2017,T84040A,T84.040A,true,T84,"Periprosth fracture around internal prosth r hip jt, init","Periprosthetic fracture around internal prosthetic right hip joint, initial encounter"
2017,T84040D,T84.040D,true,T84,"Periprosth fracture around internal prosth r hip jt, subs","Periprosthetic fracture around internal prosthetic right hip joint, subsequent encounter"
2017,T84040S,T84.040S,true,T84,"Periprosth fracture around internal prosth r hip jt, sequela","Periprosthetic fracture around internal prosthetic right hip joint, sequela"
2017,T84041,T84.041,false,T84,Periprosthetic fracture around internal prosthetic l hip jt,Periprosthetic fracture around internal prosthetic left hip joint
2017,T84041A,T84.041A,true,T84,"Periprosth fracture around internal prosth l hip jt, init","Periprosthetic fracture around internal prosthetic left hip joint, initial encounter"
2017,T84041D,T84.041D,true,T84,"Periprosth fracture around internal prosth l hip jt, subs","Periprosthetic fracture around internal prosthetic left hip joint, subsequent encounter"
2017,T84041S,T84.041S,true,T84,"Periprosth fracture around internal prosth l hip jt, sequela","Periprosthetic fracture around internal prosthetic left hip joint, sequela"
2017,T84042,T84.042,false,T84,Periprosthetic fracture around internal prosthetic r knee jt,Periprosthetic fracture around internal prosthetic right knee joint
2017,T84042A,T84.042A,true,T84,"Periprosth fracture around internal prosth r knee jt, init","Periprosthetic fracture around internal prosthetic right knee joint, initial encounter"
2017,T84042D,T84.042D,true,T84,"Periprosth fracture around internal prosth r knee jt, subs","Periprosthetic fracture around internal prosthetic right knee joint, subsequent encounter"
2017,T84042S,T84.042S,true,T84,"Periprosth fx around internal prosth r knee jt, sequela","Periprosthetic fracture around internal prosthetic right knee joint, sequela"
2017,T84043,T84.043,false,T84,Periprosthetic fracture around internal prosthetic l knee jt,Periprosthetic fracture around internal prosthetic left knee joint
2017,T84043A,T84.043A,true,T84,"Periprosth fracture around internal prosth l knee jt, init","Periprosthetic fracture around internal prosthetic left knee joint, initial encounter"
2017,T84043D,T84.043D,true,T84,"Periprosth fracture around internal prosth l knee jt, subs","Periprosthetic fracture around internal prosthetic left knee joint, subsequent encounter"
2017,T84043S,T84.043S,true,T84,"Periprosth fx around internal prosth l knee jt, sequela","Periprosthetic fracture around internal prosthetic left knee joint, sequela"
2017,T84048,T84.048,false,T84,Periprosthetic fracture around oth internal prosthetic joint,Periprosthetic fracture around other internal prosthetic joint
2017,T84048A,T84.048A,true,T84,"Periprosth fracture around oth internal prosth joint, init","Periprosthetic fracture around other internal prosthetic joint, initial encounter"
2017,T84048D,T84.048D,true,T84,"Periprosth fracture around oth internal prosth joint, subs","Periprosthetic fracture around other internal prosthetic joint, subsequent encounter"
2017,T84048S,T84.048S,true,T84,"Periprosth fx around oth internal prosth joint, sequela","Periprosthetic fracture around other internal prosthetic joint, sequela"
2017,T84049,T84.049,false,T84,Periprosth fracture around unsp internal prosthetic joint,Periprosthetic fracture around unspecified internal prosthetic joint
2017,T84049A,T84.049A,true,T84,"Periprosth fracture around unsp internal prosth joint, init","Periprosthetic fracture around unspecified internal prosthetic joint, initial encounter"
2017,T84049D,T84.049D,true,T84,"Periprosth fracture around unsp internal prosth joint, subs","Periprosthetic fracture around unspecified internal prosthetic joint, subsequent encounter"
2017,T84049S,T84.049S,true,T84,"Periprosth fx around unsp internal prosth joint, sequela","Periprosthetic fracture around unspecified internal prosthetic joint, sequela"
2017,T8581XA,T85.81XA,true,T85,"Embolism due to internal prosth dev/grft, NEC, init","Embolism due to internal prosthetic devices, implants and grafts, not elsewhere classified, initial encounter"
2017,T8581XD,T85.81XD,true,T85,"Embolism due to internal prosth dev/grft, NEC, subs","Embolism due to internal prosthetic devices, implants and grafts, not elsewhere classified, subsequent encounter"
2017,T8581XS,T85.81XS,true,T85,"Embolism due to internal prosth dev/grft, NEC, sequela","Embolism due to internal prosthetic devices, implants and grafts, not elsewhere classified, sequela"
2017,T8582XA,T85.82XA,true,T85,"Fibrosis due to internal prosth dev/grft, NEC, init","Fibrosis due to internal prosthetic devices, implants and grafts, not elsewhere classified, initial encounter"
2017,T8582XD,T85.82XD,true,T85,"Fibrosis due to internal prosth dev/grft, NEC, subs","Fibrosis due to internal prosthetic devices, implants and grafts, not elsewhere classified, subsequent encounter"
2017,T8582XS,T85.82XS,true,T85,"Fibrosis due to internal prosth dev/grft, NEC, sequela","Fibrosis due to internal prosthetic devices, implants and grafts, not elsewhere classified, sequela"
2017,T8583XA,T85.83XA,true,T85,"Hemorrhage due to internal prosth dev/grft, NEC, init","Hemorrhage due to internal prosthetic devices, implants and grafts, not elsewhere classified, initial encounter"
2017,T8583XD,T85.83XD,true,T85,"Hemorrhage due to internal prosth dev/grft, NEC, subs","Hemorrhage due to internal prosthetic devices, implants and grafts, not elsewhere classified, subsequent encounter"
2017,T8583XS,T85.83XS,true,T85,"Hemorrhage due to internal prosth dev/grft, NEC, sequela","Hemorrhage due to internal prosthetic devices, implants and grafts, not elsewhere classified, sequela"
2017,T8584XA,T85.84XA,true,T85,"Pain due to internal prosth dev/grft, NEC, init","Pain due to internal prosthetic devices, implants and grafts, not elsewhere classified, initial encounter"
2017,T8584XD,T85.84XD,true,T85,"Pain due to internal prosth dev/grft, NEC, subs","Pain due to internal prosthetic devices, implants and grafts, not elsewhere classified, subsequent encounter"
2017,T8584XS,T85.84XS,true,T85,"Pain due to internal prosth dev/grft, NEC, sequela","Pain due to internal prosthetic devices, implants and grafts, not elsewhere classified, sequela"
2017,T8585XA,T85.85XA,true,T85,"Stenosis due to internal prosth dev/grft, NEC, init","Stenosis due to internal prosthetic devices, implants and grafts, not elsewhere classified, initial encounter"
2017,T8585XD,T85.85XD,true,T85,"Stenosis due to internal prosth dev/grft, NEC, subs","Stenosis due to internal prosthetic devices, implants and grafts, not elsewhere classified, subsequent encounter"
2017,T8585XS,T85.85XS,true,T85,"Stenosis due to internal prosth dev/grft, NEC, sequela","Stenosis due to internal prosthetic devices, implants and grafts, not elsewhere classified, sequela"
2017,T8586XA,T85.86XA,true,T85,"Thrombosis due to internal prosth dev/grft, NEC, init","Thrombosis due to internal prosthetic devices, implants and grafts, not elsewhere classified, initial encounter"
2017,T8586XD,T85.86XD,true,T85,"Thrombosis due to internal prosth dev/grft, NEC, subs","Thrombosis due to internal prosthetic devices, implants and grafts, not elsewhere classified, subsequent encounter"
2017,T8586XS,T85.86XS,true,T85,"Thrombosis due to internal prosth dev/grft, NEC, sequela","Thrombosis due to internal prosthetic devices, implants and grafts, not elsewhere classified, sequela"
2017,T8589XA,T85.89XA,true,T85,"Oth complication of internal prosth dev/grft, NEC, init","Other specified complication of internal prosthetic devices, implants and grafts, not elsewhere classified, initial encounter"
2017,T8589XD,T85.89XD,true,T85,"Oth complication of internal prosth dev/grft, NEC, subs","Other specified complication of internal prosthetic devices, implants and grafts, not elsewhere classified, subsequent encounter"
2017,T8589XS,T85.89XS,true,T85,"Oth complication of internal prosth dev/grft, NEC, sequela","Other specified complication of internal prosthetic devices, implants and grafts, not elsewhere classified, sequela"
2017,V4701,V47.01,false,V47,Driver of SUV injured in collision w statnry object nontraf,Driver of sport utility vehicle injured in collision with fixed or stationary object in nontraffic accident
2017,V4701XA,V47.01XA,true,V47,"Driver of SUV injured in clsn w statnry object nontraf, init","Driver of sport utility vehicle injured in collision with fixed or stationary object in nontraffic accident, initial encounter"
2017,V4701XD,V47.01XD,true,V47,"Driver of SUV injured in clsn w statnry object nontraf, subs","Driver of sport utility vehicle injured in collision with fixed or stationary object in nontraffic accident, subsequent encounter"
2017,V4701XS,V47.01XS,true,V47,"Driver of SUV inj in clsn w statnry object nontraf, sequela","Driver of sport utility vehicle injured in collision with fixed or stationary object in nontraffic accident, sequela"
2017,V4702,V47.02,false,V47,Driver of car injured in collision w statnry object nontraf,Driver of other type car injured in collision with fixed or stationary object in nontraffic accident
2017,V4702XA,V47.02XA,true,V47,"Driver of car injured in clsn w statnry object nontraf, init","Driver of other type car injured in collision with fixed or stationary object in nontraffic accident, initial encounter"
2017,V4702XD,V47.02XD,true,V47,"Driver of car injured in clsn w statnry object nontraf, subs","Driver of other type car injured in collision with fixed or stationary object in nontraffic accident, subsequent encounter"
2017,V4702XS,V47.02XS,true,V47,"Driver of car inj in clsn w statnry object nontraf, sequela","Driver of other type car injured in collision with fixed or stationary object in nontraffic accident, sequela"
2017,V4711,V47.11,false,V47,Passenger of SUV injured in clsn w statnry object nontraf,Passenger of sport utility vehicle injured in collision with fixed or stationary object in nontraffic accident
2017,V4711XA,V47.11XA,true,V47,"Pasngr of SUV injured in clsn w statnry object nontraf, init","Passenger of sport utility vehicle injured in collision with fixed or stationary object in nontraffic accident, initial encounter"
2017,V4711XD,V47.11XD,true,V47,"Pasngr of SUV injured in clsn w statnry object nontraf, subs","Passenger of sport utility vehicle injured in collision with fixed or stationary object in nontraffic accident, subsequent encounter"
2017,V4711XS,V47.11XS,true,V47,"Pasngr of SUV inj in clsn w statnry object nontraf, sequela","Passenger of sport utility vehicle injured in collision with fixed or stationary object in nontraffic accident, sequela"
2017,V4712,V47.12,false,V47,Passenger of car injured in clsn w statnry object nontraf,Passenger of other type car injured in collision with fixed or stationary object in nontraffic accident
2017,V4712XA,V47.12XA,true,V47,"Pasngr of car injured in clsn w statnry object nontraf, init","Passenger of other type car injured in collision with fixed or stationary object in nontraffic accident, initial encounter"
2017,V4712XD,V47.12XD,true,V47,"Pasngr of car injured in clsn w statnry object nontraf, subs","Passenger of other type car injured in collision with fixed or stationary object in nontraffic accident, subsequent encounter"
2017,V4712XS,V47.12XS,true,V47,"Pasngr of car inj in clsn w statnry object nontraf, sequela","Passenger of other type car injured in collision with fixed or stationary object in nontraffic accident, sequela"
2017,V4731,V47.31,false,V47,Occup of SUV injured in collision w statnry object nontraf,Unspecified occupant of sport utility vehicle injured in collision with fixed or stationary object in nontraffic accident
2017,V4731XA,V47.31XA,true,V47,"Occup of SUV injured in clsn w statnry object nontraf, init","Unspecified occupant of sport utility vehicle injured in collision with fixed or stationary object in nontraffic accident, initial encounter"
2017,V4731XD,V47.31XD,true,V47,"Occup of SUV injured in clsn w statnry object nontraf, subs","Unspecified occupant of sport utility vehicle injured in collision with fixed or stationary object in nontraffic accident, subsequent encounter"
2017,V4731XS,V47.31XS,true,V47,"Occup of SUV inj in clsn w statnry object nontraf, sequela","Unspecified occupant of sport utility vehicle injured in collision with fixed or stationary object in nontraffic accident, sequela"
2017,V4732,V47.32,false,V47,Occup of car injured in collision w statnry object nontraf,Unspecified occupant of other type car injured in collision with fixed or stationary object in nontraffic accident
2017,V4732XA,V47.32XA,true,V47,"Occup of car injured in clsn w statnry object nontraf, init","Unspecified occupant of other type car injured in collision with fixed or stationary object in nontraffic accident, initial encounter"
2017,V4732XD,V47.32XD,true,V47,"Occup of car injured in clsn w statnry object nontraf, subs","Unspecified occupant of other type car injured in collision with fixed or stationary object in nontraffic accident, subsequent encounter"
2017,V4732XS,V47.32XS,true,V47,"Occup of car inj in clsn w statnry object nontraf, sequela","Unspecified occupant of other type car injured in collision with fixed or stationary object in nontraffic accident, sequela"
2017,V4751,V47.51,false,V47,Driver of SUV injured in collision w statnry object in traf,Driver of sport utility vehicle injured in collision with fixed or stationary object in traffic accident
2017,V4751XA,V47.51XA,true,V47,"Driver of SUV injured in clsn w statnry object in traf, init","Driver of sport utility vehicle injured in collision with fixed or stationary object in traffic accident, initial encounter"
2017,V4751XD,V47.51XD,true,V47,"Driver of SUV injured in clsn w statnry object in traf, subs","Driver of sport utility vehicle injured in collision with fixed or stationary object in traffic accident, subsequent encounter"
2017,V4751XS,V47.51XS,true,V47,"Driver of SUV inj in clsn w statnry object in traf, sequela","Driver of sport utility vehicle injured in collision with fixed or stationary object in traffic accident, sequela"
2017,V4752,V47.52,false,V47,Driver of car injured in collision w statnry object in traf,Driver of other type car injured in collision with fixed or stationary object in traffic accident
2017,V4752XA,V47.52XA,true,V47,"Driver of car injured in clsn w statnry object in traf, init","Driver of other type car injured in collision with fixed or stationary object in traffic accident, initial encounter"
2017,V4752XD,V47.52XD,true,V47,"Driver of car injured in clsn w statnry object in traf, subs","Driver of other type car injured in collision with fixed or stationary object in traffic accident, subsequent encounter"
2017,V4752XS,V47.52XS,true,V47,"Driver of car inj in clsn w statnry object in traf, sequela","Driver of other type car injured in collision with fixed or stationary object in traffic accident, sequela"
2017,V4761,V47.61,false,V47,Passenger of SUV injured in clsn w statnry object in traf,Passenger of sport utility vehicle injured in collision with fixed or stationary object in traffic accident
2017,V4761XA,V47.61XA,true,V47,"Pasngr of SUV injured in clsn w statnry object in traf, init","Passenger of sport utility vehicle injured in collision with fixed or stationary object in traffic accident, initial encounter"
2017,V4761XD,V47.61XD,true,V47,"Pasngr of SUV injured in clsn w statnry object in traf, subs","Passenger of sport utility vehicle injured in collision with fixed or stationary object in traffic accident, subsequent encounter"
2017,V4761XS,V47.61XS,true,V47,"Pasngr of SUV inj in clsn w statnry object in traf, sequela","Passenger of sport utility vehicle injured in collision with fixed or stationary object in traffic accident, sequela"
2017,V4762,V47.62,false,V47,Passenger of car injured in clsn w statnry object in traf,Passenger of other type car injured in collision with fixed or stationary object in traffic accident
2017,V4762XA,V47.62XA,true,V47,"Pasngr of car injured in clsn w statnry object in traf, init","Passenger of other type car injured in collision with fixed or stationary object in traffic accident, initial encounter"
2017,V4762XD,V47.62XD,true,V47,"Pasngr of car injured in clsn w statnry object in traf, subs","Passenger of other type car injured in collision with fixed or stationary object in traffic accident, subsequent encounter"
2017,V4762XS,V47.62XS,true,V47,"Pasngr of car inj in clsn w statnry object in traf, sequela","Passenger of other type car injured in collision with fixed or stationary object in traffic accident, sequela"
2017,V4791,V47.91,false,V47,Occup of SUV injured in collision w statnry object in traf,Unspecified occupant of sport utility vehicle injured in collision with fixed or stationary object in traffic accident
2017,V4791XA,V47.91XA,true,V47,"Occup of SUV injured in clsn w statnry object in traf, init","Unspecified occupant of sport utility vehicle injured in collision with fixed or stationary object in traffic accident, initial encounter"
2017,V4791XD,V47.91XD,true,V47,"Occup of SUV injured in clsn w statnry object in traf, subs","Unspecified occupant of sport utility vehicle injured in collision with fixed or stationary object in traffic accident, subsequent encounter"
2017,V4791XS,V47.91XS,true,V47,"Occup of SUV inj in clsn w statnry object in traf, sequela","Unspecified occupant of sport utility vehicle injured in collision with fixed or stationary object in traffic accident, sequela"
2017,V4792,V47.92,false,V47,Occup of car injured in collision w statnry object in traf,Unspecified occupant of other type car injured in collision with fixed or stationary object in traffic accident
2017,V4792XA,V47.92XA,true,V47,"Occup of car injured in clsn w statnry object in traf, init","Unspecified occupant of other type car injured in collision with fixed or stationary object in traffic accident, initial encounter"
2017,V4792XD,V47.92XD,true,V47,"Occup of car injured in clsn w statnry object in traf, subs","Unspecified occupant of other type car injured in collision with fixed or stationary object in traffic accident, subsequent encounter"
2017,V4792XS,V47.92XS,true,V47,"Occup of car inj in clsn w statnry object in traf, sequela","Unspecified occupant of other type car injured in collision with fixed or stationary object in traffic accident, sequela"
2017,W451,W45.1,false,W45,Paper entering through skin,Paper entering through skin
2017,W451XXA,W45.1XXA,true,W45,"Paper entering through skin, initial encounter","Paper entering through skin, initial encounter"
2017,W451XXD,W45.1XXD,true,W45,"Paper entering through skin, subsequent encounter","Paper entering through skin, subsequent encounter"
2017,W451XXS,W45.1XXS,true,W45,"Paper entering through skin, sequela","Paper entering through skin, sequela"
2017,W452,W45.2,false,W45,Lid of can entering through skin,Lid of can entering through skin
2017,W452XXA,W45.2XXA,true,W45,"Lid of can entering through skin, initial encounter","Lid of can entering through skin, initial encounter"
2017,W452XXD,W45.2XXD,true,W45,"Lid of can entering through skin, subsequent encounter","Lid of can entering through skin, subsequent encounter"
2017,W452XXS,W45.2XXS,true,W45,"Lid of can entering through skin, sequela","Lid of can entering through skin, sequela"
2017,Z225,Z22.5,false,Z22,Carrier of viral hepatitis,Carrier of viral hepatitis
2017,Z2250,Z22.50,true,Z22,Carrier of unspecified viral hepatitis,Carrier of unspecified viral hepatitis
2017,Z2251,Z22.51,true,Z22,Carrier of viral hepatitis B,Carrier of viral hepatitis B
2017,Z2252,Z22.52,true,Z22,Carrier of viral hepatitis C,Carrier of viral hepatitis C
2017,Z2259,Z22.59,true,Z22,Carrier of other viral hepatitis,Carrier of other viral hepatitis
2018,S061X7D,S06.1X7D,true,S06,"Traum cereb edema w LOC w death d/t brain inj bf consc, subs","Traumatic cerebral edema with loss of consciousness of any duration with death due to brain injury prior to regaining consciousness, subsequent encounter"
2018,S061X7S,S06.1X7S,true,S06,"Traum cereb edema w LOC w death d/t brain inj bf consc, sqla","Traumatic cerebral edema with loss of consciousness of any duration with death due to brain injury prior to regaining consciousness, sequela"
2018,S061X8D,S06.1X8D,true,S06,"Traum cereb edema w LOC w death d/t oth cause bf consc, subs","Traumatic cerebral edema with loss of consciousness of any duration with death due to other cause prior to regaining consciousness, subsequent encounter"
2018,S061X8S,S06.1X8S,true,S06,"Traum cereb edema w LOC w death d/t oth cause bf consc, sqla","Traumatic cerebral edema with loss of consciousness of any duration with death due to other cause prior to regaining consciousness, sequela"
2018,S062X7D,S06.2X7D,true,S06,"Diffuse TBI w LOC w death due to brain injury bf consc, subs","Diffuse traumatic brain injury with loss of consciousness of any duration with death due to brain injury prior to regaining consciousness, subsequent encounter"
2018,S062X7S,S06.2X7S,true,S06,"Diffus TBI w LOC w death due to brain injury bf consc, sqla","Diffuse traumatic brain injury with loss of consciousness of any duration with death due to brain injury prior to regaining consciousness, sequela"
2018,S062X8D,S06.2X8D,true,S06,"Diffuse TBI w LOC w death due to oth cause bf consc, subs","Diffuse traumatic brain injury with loss of consciousness of any duration with death due to other cause prior to regaining consciousness, subsequent encounter"
2018,S062X8S,S06.2X8S,true,S06,"Diffuse TBI w LOC w death due to oth cause bf consc, sequela","Diffuse traumatic brain injury with loss of consciousness of any duration with death due to other cause prior to regaining consciousness, sequela"
2018,S06307D,S06.307D,true,S06,"Unsp focal TBI w LOC w death d/t brain injury bf consc, subs","Unspecified focal traumatic brain injury with loss of consciousness of any duration with death due to brain injury prior to regaining consciousness, subsequent encounter"
2018,S06307S,S06.307S,true,S06,"Unsp focal TBI w LOC w death d/t brain injury bf consc, sqla","Unspecified focal traumatic brain injury with loss of consciousness of any duration with death due to brain injury prior to regaining consciousness, sequela"
2018,S06308D,S06.308D,true,S06,"Unsp focal TBI w LOC w death due to oth cause bf consc, subs","Unspecified focal traumatic brain injury with loss of consciousness of any duration with death due to other cause prior to regaining consciousness, subsequent encounter"
2018,S06308S,S06.308S,true,S06,"Unsp focal TBI w LOC w death due to oth cause bf consc, sqla","Unspecified focal traumatic brain injury with loss of consciousness of any duration with death due to other cause prior to regaining consciousness, sequela"
2018,S06317D,S06.317D,true,S06,"Contus/lac r cereb w LOC w dth d/t brain inj bf consc, subs","Contusion and laceration of right cerebrum with loss of consciousness of any duration with death due to brain injury prior to regaining consciousness, subsequent encounter"
2018,S06317S,S06.317S,true,S06,"Contus/lac r cereb w LOC w dth d/t brain inj bf consc, sqla","Contusion and laceration of right cerebrum with loss of consciousness of any duration with death due to brain injury prior to regaining consciousness, sequela"
2018,S06318D,S06.318D,true,S06,"Contus/lac r cereb w LOC w dth d/t oth cause bf consc, subs","Contusion and laceration of right cerebrum with loss of consciousness of any duration with death due to other cause prior to regaining consciousness, subsequent encounter"
2018,S06318S,S06.318S,true,S06,"Contus/lac r cereb w LOC w dth d/t oth cause bf consc, sqla","Contusion and laceration of right cerebrum with loss of consciousness of any duration with death due to other cause prior to regaining consciousness, sequela"
2018,S06327D,S06.327D,true,S06,"Contus/lac l cereb w LOC w dth d/t brain inj bf consc, subs","Contusion and laceration of left cerebrum with loss of consciousness of any duration with death due to brain injury prior to regaining consciousness, subsequent encounter"
2018,S06327S,S06.327S,true,S06,"Contus/lac l cereb w LOC w dth d/t brain inj bf consc, sqla","Contusion and laceration of left cerebrum with loss of consciousness of any duration with death due to brain injury prior to regaining consciousness, sequela"
2018,S06328D,S06.328D,true,S06,"Contus/lac l cereb w LOC w dth d/t oth cause bf consc, subs","Contusion and laceration of left cerebrum with loss of consciousness of any duration with death due to other cause prior to regaining consciousness, subsequent encounter"
2018,S06328S,S06.328S,true,S06,"Contus/lac l cereb w LOC w dth d/t oth cause bf consc, sqla","Contusion and laceration of left cerebrum with loss of consciousness of any duration with death due to other cause prior to regaining consciousness, sequela"
2018,S06337D,S06.337D,true,S06,"Contus/lac cereb, w LOC w death d/t brain inj bf consc, subs","Contusion and laceration of cerebrum, unspecified, with loss of consciousness of any duration with death due to brain injury prior to regaining consciousness, subsequent encounter"
2018,S06337S,S06.337S,true,S06,"Contus/lac cereb, w LOC w death d/t brain inj bf consc, sqla","Contusion and laceration of cerebrum, unspecified, with loss of consciousness of any duration with death due to brain injury prior to regaining consciousness, sequela"
2018,S06338D,S06.338D,true,S06,"Contus/lac cereb, w LOC w death d/t oth cause bf consc, subs","Contusion and laceration of cerebrum, unspecified, with loss of consciousness of any duration with death due to other cause prior to regaining consciousness, subsequent encounter"
2018,S06338S,S06.338S,true,S06,"Contus/lac cereb, w LOC w death d/t oth cause bf consc, sqla","Contusion and laceration of cerebrum, unspecified, with loss of consciousness of any duration with death due to other cause prior to regaining consciousness, sequela"
2018,S06347D,S06.347D,true,S06,"Traum hemor r cereb w LOC w dth d/t brain inj bf consc, subs","Traumatic hemorrhage of right cerebrum with loss of consciousness of any duration with death due to brain injury prior to regaining consciousness, subsequent encounter"
2018,S06347S,S06.347S,true,S06,"Traum hemor r cereb w LOC w dth d/t brain inj bf consc, sqla","Traumatic hemorrhage of right cerebrum with loss of consciousness of any duration with death due to brain injury prior to regaining consciousness, sequela"
2018,S06348D,S06.348D,true,S06,"Traum hemor r cereb w LOC w dth d/t oth cause bf consc, subs","Traumatic hemorrhage of right cerebrum with loss of consciousness of any duration with death due to other cause prior to regaining consciousness, subsequent encounter"
2018,S06348S,S06.348S,true,S06,"Traum hemor r cereb w LOC w dth d/t oth cause bf consc, sqla","Traumatic hemorrhage of right cerebrum with loss of consciousness of any duration with death due to other cause prior to regaining consciousness, sequela"
2018,S06357D,S06.357D,true,S06,"Traum hemor l cereb w LOC w dth d/t brain inj bf consc, subs","Traumatic hemorrhage of left cerebrum with loss of consciousness of any duration with death due to brain injury prior to regaining consciousness, subsequent encounter"
2018,S06357S,S06.357S,true,S06,"Traum hemor l cereb w LOC w dth d/t brain inj bf consc, sqla","Traumatic hemorrhage of left cerebrum with loss of consciousness of any duration with death due to brain injury prior to regaining consciousness, sequela"
2018,S06358D,S06.358D,true,S06,"Traum hemor l cereb w LOC w dth d/t oth cause bf consc, subs","Traumatic hemorrhage of left cerebrum with loss of consciousness of any duration with death due to other cause prior to regaining consciousness, subsequent encounter"
2018,S06358S,S06.358S,true,S06,"Traum hemor l cereb w LOC w dth d/t oth cause bf consc, sqla","Traumatic hemorrhage of left cerebrum with loss of consciousness of any duration with death due to other cause prior to regaining consciousness, sequela"
2018,S06367D,S06.367D,true,S06,"Traum hemor cereb, w LOC w dth d/t brain inj bf consc, subs","Traumatic hemorrhage of cerebrum, unspecified, with loss of consciousness of any duration with death due to brain injury prior to regaining consciousness, subsequent encounter"
2018,S06367S,S06.367S,true,S06,"Traum hemor cereb, w LOC w dth d/t brain inj bf consc, sqla","Traumatic hemorrhage of cerebrum, unspecified, with loss of consciousness of any duration with death due to brain injury prior to regaining consciousness, sequela"
2018,S06368D,S06.368D,true,S06,"Traum hemor cereb, w LOC w dth d/t oth cause bf consc, subs","Traumatic hemorrhage of cerebrum, unspecified, with loss of consciousness of any duration with death due to other cause prior to regaining consciousness, subsequent encounter"
2018,S06368S,S06.368S,true,S06,"Traum hemor cereb, w LOC w dth d/t oth cause bf consc, sqla","Traumatic hemorrhage of cerebrum, unspecified, with loss of consciousness of any duration with death due to other cause prior to regaining consciousness, sequela"
2018,S06377D,S06.377D,true,S06,"Contus/lac/hem crblm w LOC w dth d/t brain inj bf consc,subs","Contusion, laceration, and hemorrhage of cerebellum with loss of consciousness of any duration with death due to brain injury prior to regaining consciousness, subsequent encounter"
2018,S06377S,S06.377S,true,S06,"Contus/lac/hem crblm w LOC w dth d/t brain inj bf consc,sqla","Contusion, laceration, and hemorrhage of cerebellum with loss of consciousness of any duration with death due to brain injury prior to regaining consciousness, sequela"
2018,S06378D,S06.378D,true,S06,"Contus/lac/hem crblm w LOC w dth d/t oth cause bf consc,subs","Contusion, laceration, and hemorrhage of cerebellum with loss of consciousness of any duration with death due to other cause prior to regaining consciousness, subsequent encounter"
2018,S06378S,S06.378S,true,S06,"Contus/lac/hem crblm w LOC w dth d/t oth cause bf consc,sqla","Contusion, laceration, and hemorrhage of cerebellum with loss of consciousness of any duration with death due to other cause prior to regaining consciousness, sequela"
2018,S06387D,S06.387D,true,S06,"Contus/lac/hem brnst w LOC w dth d/t brain inj bf consc,subs","Contusion, laceration, and hemorrhage of brainstem with loss of consciousness of any duration with death due to brain injury prior to regaining consciousness, subsequent encounter"
2018,S06387S,S06.387S,true,S06,"Contus/lac/hem brnst w LOC w dth d/t brain inj bf consc,sqla","Contusion, laceration, and hemorrhage of brainstem with loss of consciousness of any duration with death due to brain injury prior to regaining consciousness, sequela"
2018,S06388D,S06.388D,true,S06,"Contus/lac/hem brnst w LOC w dth d/t oth cause bf consc,subs","Contusion, laceration, and hemorrhage of brainstem with loss of consciousness of any duration with death due to other cause prior to regaining consciousness, subsequent encounter"
2018,S06388S,S06.388S,true,S06,"Contus/lac/hem brnst w LOC w dth d/t oth cause bf consc,sqla","Contusion, laceration, and hemorrhage of brainstem with loss of consciousness of any duration with death due to other cause prior to regaining consciousness, sequela"
2018,S064X7D,S06.4X7D,true,S06,"Epidur hemor w LOC w death d/t brain injury bf consc, subs","Epidural hemorrhage with loss of consciousness of any duration with death due to brain injury prior to regaining consciousness, subsequent encounter"
2018,S064X7S,S06.4X7S,true,S06,"Epidur hemor w LOC w death d/t brain injury bf consc, sqla","Epidural hemorrhage with loss of consciousness of any duration with death due to brain injury prior to regaining consciousness, sequela"
2018,S064X8D,S06.4X8D,true,S06,"Epidur hemor w LOC w death due to oth causes bf consc, subs","Epidural hemorrhage with loss of consciousness of any duration with death due to other causes prior to regaining consciousness, subsequent encounter"
2018,S064X8S,S06.4X8S,true,S06,"Epidur hemor w LOC w death due to oth causes bf consc, sqla","Epidural hemorrhage with loss of consciousness of any duration with death due to other causes prior to regaining consciousness, sequela"
2018,S065X7D,S06.5X7D,true,S06,"Traum subdr hem w LOC w dth d/t brain inj bef reg consc,subs","Traumatic subdural hemorrhage with loss of consciousness of any duration with death due to brain injury before regaining consciousness, subsequent encounter"
2018,S065X7S,S06.5X7S,true,S06,"Traum subdr hem w LOC w dth d/t brain inj bef reg consc,sqla","Traumatic subdural hemorrhage with loss of consciousness of any duration with death due to brain injury before regaining consciousness, sequela"
2018,S065X8D,S06.5X8D,true,S06,"Traum subdr hem w LOC w dth d/t oth cause bef reg consc,subs","Traumatic subdural hemorrhage with loss of consciousness of any duration with death due to other cause before regaining consciousness, subsequent encounter"
2018,S065X8S,S06.5X8S,true,S06,"Traum subdr hem w LOC w dth d/t oth cause bef reg consc,sqla","Traumatic subdural hemorrhage with loss of consciousness of any duration with death due to other cause before regaining consciousness, sequela"
2018,S066X7D,S06.6X7D,true,S06,"Traum subrac hem w LOC w death d/t brain inj bf consc, subs","Traumatic subarachnoid hemorrhage with loss of consciousness of any duration with death due to brain injury prior to regaining consciousness, subsequent encounter"
2018,S066X7S,S06.6X7S,true,S06,"Traum subrac hem w LOC w death d/t brain inj bf consc, sqla","Traumatic subarachnoid hemorrhage with loss of consciousness of any duration with death due to brain injury prior to regaining consciousness, sequela"
2018,S066X8D,S06.6X8D,true,S06,"Traum subrac hem w LOC w death d/t oth cause bf consc, subs","Traumatic subarachnoid hemorrhage with loss of consciousness of any duration with death due to other cause prior to regaining consciousness, subsequent encounter"
2018,S066X8S,S06.6X8S,true,S06,"Traum subrac hem w LOC w death d/t oth cause bf consc, sqla","Traumatic subarachnoid hemorrhage with loss of consciousness of any duration with death due to other cause prior to regaining consciousness, sequela"
2018,S06817D,S06.817D,true,S06,"Inj r int crtd,intcr w LOC w dth d/t brain inj bf consc,subs","Injury of right internal carotid artery, intracranial portion, not elsewhere classified with loss of consciousness of any duration with death due to brain injury prior to regaining consciousness, subsequent encounter"
2018,S06817S,S06.817S,true,S06,"Inj r int crtd,intcr w LOC w dth d/t brain inj bf consc,sqla","Injury of right internal carotid artery, intracranial portion, not elsewhere classified with loss of consciousness of any duration with death due to brain injury prior to regaining consciousness, sequela"
2018,S06818D,S06.818D,true,S06,"Inj r int crtd,intcr w LOC w dth d/t oth cause bf consc,subs","Injury of right internal carotid artery, intracranial portion, not elsewhere classified with loss of consciousness of any duration with death due to other cause prior to regaining consciousness, subsequent encounter"
2018,S06818S,S06.818S,true,S06,"Inj r int crtd,intcr w LOC w dth d/t oth cause bf consc,sqla","Injury of right internal carotid artery, intracranial portion, not elsewhere classified with loss of consciousness of any duration with death due to other cause prior to regaining consciousness, sequela"
2018,S06827D,S06.827D,true,S06,"Inj l int crtd,intcr w LOC w dth d/t brain inj bf consc,subs","Injury of left internal carotid artery, intracranial portion, not elsewhere classified with loss of consciousness of any duration with death due to brain injury prior to regaining consciousness, subsequent encounter"
2018,S06827S,S06.827S,true,S06,"Inj l int crtd,intcr w LOC w dth d/t brain inj bf consc,sqla","Injury of left internal carotid artery, intracranial portion, not elsewhere classified with loss of consciousness of any duration with death due to brain injury prior to regaining consciousness, sequela"
2018,S06828D,S06.828D,true,S06,"Inj l int crtd,intcr w LOC w dth d/t oth cause bf consc,subs","Injury of left internal carotid artery, intracranial portion, not elsewhere classified with loss of consciousness of any duration with death due to other cause prior to regaining consciousness, subsequent encounter"
2018,S06828S,S06.828S,true,S06,"Inj l int crtd,intcr w LOC w dth d/t oth cause bf consc,sqla","Injury of left internal carotid artery, intracranial portion, not elsewhere classified with loss of consciousness of any duration with death due to other cause prior to regaining consciousness, sequela"
2018,S06897D,S06.897D,true,S06,"Intcran inj w LOC w death due to brain injury bf consc, subs","Other specified intracranial injury with loss of consciousness of any duration with death due to brain injury prior to regaining consciousness, subsequent encounter"
2018,S06897S,S06.897S,true,S06,"Intcran inj w LOC w death due to brain injury bf consc, sqla","Other specified intracranial injury with loss of consciousness of any duration with death due to brain injury prior to regaining consciousness, sequela"
2018,S06898D,S06.898D,true,S06,"Intcran inj w LOC w death due to oth cause bf consc, subs","Other specified intracranial injury with loss of consciousness of any duration with death due to other cause prior to regaining consciousness, subsequent encounter"
2018,S06898S,S06.898S,true,S06,"Intcran inj w LOC w death due to oth cause bf consc, sequela","Other specified intracranial injury with loss of consciousness of any duration with death due to other cause prior to regaining consciousness, sequela"
2018,S069X7D,S06.9X7D,true,S06,"Unsp intcrn inj w LOC w death d/t brain inj bf consc, subs","Unspecified intracranial injury with loss of consciousness of any duration with death due to brain injury prior to regaining consciousness, subsequent encounter"
2018,S069X7S,S06.9X7S,true,S06,"Unsp intcrn inj w LOC w death d/t brain inj bf consc, sqla","Unspecified intracranial injury with loss of consciousness of any duration with death due to brain injury prior to regaining consciousness, sequela"
2018,S069X8D,S06.9X8D,true,S06,"Unsp intcrn inj w LOC w death d/t oth cause bf consc, subs","Unspecified intracranial injury with loss of consciousness of any duration with death due to other cause prior to regaining consciousness, subsequent encounter"
2018,S069X8S,S06.9X8S,true,S06,"Unsp intcrn inj w LOC w death d/t oth cause bf consc, sqla","Unspecified intracranial injury with loss of consciousness of any duration with death due to other cause prior to regaining consciousness, sequela"
2018,S6313,S63.13,false,S63,Subluxation and disloc of proximal interphaln joint of thumb,Subluxation and dislocation of proximal interphalangeal joint of thumb
2018,S63131,S63.131,false,S63,Subluxation of proximal interphalangeal joint of right thumb,Subluxation of proximal interphalangeal joint of right thumb
2018,S63131A,S63.131A,true,S63,"Subluxation of proximal interphaln joint of r thm, init","Subluxation of proximal interphalangeal joint of right thumb, initial encounter"
2018,S63131D,S63.131D,true,S63,"Subluxation of proximal interphaln joint of r thm, subs","Subluxation of proximal interphalangeal joint of right thumb, subsequent encounter"
2018,S63131S,S63.131S,true,S63,"Subluxation of proximal interphaln joint of r thm, sequela","Subluxation of proximal interphalangeal joint of right thumb, sequela"
2018,S63132,S63.132,false,S63,Subluxation of proximal interphalangeal joint of left thumb,Subluxation of proximal interphalangeal joint of left thumb
2018,S63132A,S63.132A,true,S63,"Subluxation of proximal interphaln joint of left thumb, init","Subluxation of proximal interphalangeal joint of left thumb, initial encounter"
2018,S63132D,S63.132D,true,S63,"Subluxation of proximal interphaln joint of left thumb, subs","Subluxation of proximal interphalangeal joint of left thumb, subsequent encounter"
2018,S63132S,S63.132S,true,S63,"Sublux of proximal interphaln joint of left thumb, sequela","Subluxation of proximal interphalangeal joint of left thumb, sequela"
2018,S63133,S63.133,false,S63,Subluxation of proximal interphalangeal joint of unsp thumb,Subluxation of proximal interphalangeal joint of unspecified thumb
2018,S63133A,S63.133A,true,S63,"Subluxation of proximal interphalangeal joint of thmb, init","Subluxation of proximal interphalangeal joint of unspecified thumb, initial encounter"
2018,S63133D,S63.133D,true,S63,"Subluxation of proximal interphalangeal joint of thmb, subs","Subluxation of proximal interphalangeal joint of unspecified thumb, subsequent encounter"
2018,S63133S,S63.133S,true,S63,"Subluxation of proximal interphaln joint of thmb, sequela","Subluxation of proximal interphalangeal joint of unspecified thumb, sequela"
2018,S63134,S63.134,false,S63,Dislocation of proximal interphalangeal joint of right thumb,Dislocation of proximal interphalangeal joint of right thumb
2018,S63134A,S63.134A,true,S63,"Disloc of proximal interphaln joint of right thumb, init","Dislocation of proximal interphalangeal joint of right thumb, initial encounter"
2018,S63134D,S63.134D,true,S63,"Disloc of proximal interphaln joint of right thumb, subs","Dislocation of proximal interphalangeal joint of right thumb, subsequent encounter"
2018,S63134S,S63.134S,true,S63,"Disloc of proximal interphaln joint of right thumb, sequela","Dislocation of proximal interphalangeal joint of right thumb, sequela"
2018,S63135,S63.135,false,S63,Dislocation of proximal interphalangeal joint of left thumb,Dislocation of proximal interphalangeal joint of left thumb
2018,S63135A,S63.135A,true,S63,"Dislocation of proximal interphaln joint of left thumb, init","Dislocation of proximal interphalangeal joint of left thumb, initial encounter"
2018,S63135D,S63.135D,true,S63,"Dislocation of proximal interphaln joint of left thumb, subs","Dislocation of proximal interphalangeal joint of left thumb, subsequent encounter"
2018,S63135S,S63.135S,true,S63,"Disloc of proximal interphaln joint of left thumb, sequela","Dislocation of proximal interphalangeal joint of left thumb, sequela"
2018,S63136,S63.136,false,S63,Dislocation of proximal interphalangeal joint of unsp thumb,Dislocation of proximal interphalangeal joint of unspecified thumb
2018,S63136A,S63.136A,true,S63,"Dislocation of proximal interphalangeal joint of thmb, init","Dislocation of proximal interphalangeal joint of unspecified thumb, initial encounter"
2018,S63136D,S63.136D,true,S63,"Dislocation of proximal interphalangeal joint of thmb, subs","Dislocation of proximal interphalangeal joint of unspecified thumb, subsequent encounter"
2018,S63136S,S63.136S,true,S63,"Dislocation of proximal interphaln joint of thmb, sequela","Dislocation of proximal interphalangeal joint of unspecified thumb, sequela"
2018,S6314,S63.14,false,S63,Subluxation and disloc of distal interphaln joint of thumb,Subluxation and dislocation of distal interphalangeal joint of thumb
2018,S63141,S63.141,false,S63,Subluxation of distal interphalangeal joint of right thumb,Subluxation of distal interphalangeal joint of right thumb
2018,S63141A,S63.141A,true,S63,"Subluxation of distal interphaln joint of right thumb, init","Subluxation of distal interphalangeal joint of right thumb, initial encounter"
2018,S63141D,S63.141D,true,S63,"Subluxation of distal interphaln joint of right thumb, subs","Subluxation of distal interphalangeal joint of right thumb, subsequent encounter"
2018,S63141S,S63.141S,true,S63,"Subluxation of distal interphaln joint of r thm, sequela","Subluxation of distal interphalangeal joint of right thumb, sequela"
2018,S63142,S63.142,false,S63,Subluxation of distal interphalangeal joint of left thumb,Subluxation of distal interphalangeal joint of left thumb
2018,S63142A,S63.142A,true,S63,"Subluxation of distal interphaln joint of left thumb, init","Subluxation of distal interphalangeal joint of left thumb, initial encounter"
2018,S63142D,S63.142D,true,S63,"Subluxation of distal interphaln joint of left thumb, subs","Subluxation of distal interphalangeal joint of left thumb, subsequent encounter"
2018,S63142S,S63.142S,true,S63,"Sublux of distal interphaln joint of left thumb, sequela","Subluxation of distal interphalangeal joint of left thumb, sequela"
2018,S63143,S63.143,false,S63,Subluxation of distal interphalangeal joint of unsp thumb,Subluxation of distal interphalangeal joint of unspecified thumb
2018,S63143A,S63.143A,true,S63,"Subluxation of distal interphalangeal joint of thmb, init","Subluxation of distal interphalangeal joint of unspecified thumb, initial encounter"
2018,S63143D,S63.143D,true,S63,"Subluxation of distal interphalangeal joint of thmb, subs","Subluxation of distal interphalangeal joint of unspecified thumb, subsequent encounter"
2018,S63143S,S63.143S,true,S63,"Subluxation of distal interphalangeal joint of thmb, sequela","Subluxation of distal interphalangeal joint of unspecified thumb, sequela"
2018,S63144,S63.144,false,S63,Dislocation of distal interphalangeal joint of right thumb,Dislocation of distal interphalangeal joint of right thumb
2018,S63144A,S63.144A,true,S63,"Dislocation of distal interphaln joint of right thumb, init","Dislocation of distal interphalangeal joint of right thumb, initial encounter"
2018,S63144D,S63.144D,true,S63,"Dislocation of distal interphaln joint of right thumb, subs","Dislocation of distal interphalangeal joint of right thumb, subsequent encounter"
2018,S63144S,S63.144S,true,S63,"Disloc of distal interphaln joint of right thumb, sequela","Dislocation of distal interphalangeal joint of right thumb, sequela"
2018,S63145,S63.145,false,S63,Dislocation of distal interphalangeal joint of left thumb,Dislocation of distal interphalangeal joint of left thumb
2018,S63145A,S63.145A,true,S63,"Dislocation of distal interphaln joint of left thumb, init","Dislocation of distal interphalangeal joint of left thumb, initial encounter"
2018,S63145D,S63.145D,true,S63,"Dislocation of distal interphaln joint of left thumb, subs","Dislocation of distal interphalangeal joint of left thumb, subsequent encounter"
2018,S63145S,S63.145S,true,S63,"Disloc of distal interphaln joint of left thumb, sequela","Dislocation of distal interphalangeal joint of left thumb, sequela"
2018,S63146,S63.146,false,S63,Dislocation of distal interphalangeal joint of unsp thumb,Dislocation of distal interphalangeal joint of unspecified thumb
2018,S63146A,S63.146A,true,S63,"Dislocation of distal interphalangeal joint of thmb, init","Dislocation of distal interphalangeal joint of unspecified thumb, initial encounter"
2018,S63146D,S63.146D,true,S63,"Dislocation of distal interphalangeal joint of thmb, subs","Dislocation of distal interphalangeal joint of unspecified thumb, subsequent encounter"
2018,S63146S,S63.146S,true,S63,"Dislocation of distal interphalangeal joint of thmb, sequela","Dislocation of distal interphalangeal joint of unspecified thumb, sequela"
2019,T814XXA,T81.4XXA,true,T81,"Infection following a procedure, initial encounter","Infection following a procedure, initial encounter"
2019,T814XXD,T81.4XXD,true,T81,"Infection following a procedure, subsequent encounter","Infection following a procedure, subsequent encounter"
2019,T814XXS,T81.4XXS,true,T81,"Infection following a procedure, sequela","Infection following a procedure, sequela"
2020,H8141,H81.41,true,H81,"Vertigo of central origin, right ear","Vertigo of central origin, right ear"
2020,H8142,H81.42,true,H81,"Vertigo of central origin, left ear","Vertigo of central origin, left ear"
2020,H8143,H81.43,true,H81,"Vertigo of central origin, bilateral","Vertigo of central origin, bilateral"
2020,H8149,H81.49,true,H81,"Vertigo of central origin, unspecified ear","Vertigo of central origin, unspecified ear"
2020,T670XXA,T67.0XXA,true,T67,"Heatstroke and sunstroke, initial encounter","Heatstroke and sunstroke, initial encounter"
2020,T670XXD,T67.0XXD,true,T67,"Heatstroke and sunstroke, subsequent encounter","Heatstroke and sunstroke, subsequent encounter"
2020,T670XXS,T67.0XXS,true,T67,"Heatstroke and sunstroke, sequela","Heatstroke and sunstroke, sequela"
2021,Q5120,Q51.20,true,Q51,"Other doubling of uterus, unspecified","Other doubling of uterus, unspecified"
2021,T404X,T40.4X,false,T40,Synthetic narcotics,"Poisoning by, adverse effect of and underdosing of other synthetic narcotics"
2021,T404X1,T40.4X1,false,T40,"Poisoning by oth synthetic narcotics, accidental","Poisoning by other synthetic narcotics, accidental (unintentional)"
2021,T404X1A,T40.4X1A,true,T40,"Poisoning by oth synthetic narcotics, accidental, init","Poisoning by other synthetic narcotics, accidental (unintentional), initial encounter"
2021,T404X1D,T40.4X1D,true,T40,"Poisoning by oth synthetic narcotics, accidental, subs","Poisoning by other synthetic narcotics, accidental (unintentional), subsequent encounter"
2021,T404X1S,T40.4X1S,true,T40,"Poisoning by oth synthetic narcotics, accidental, sequela","Poisoning by other synthetic narcotics, accidental (unintentional), sequela"
2021,T404X2,T40.4X2,false,T40,"Poisoning by oth synthetic narcotics, intentional self-harm","Poisoning by other synthetic narcotics, intentional self-harm"
2021,T404X2A,T40.4X2A,true,T40,"Poisoning by oth synthetic narcotics, self-harm, init","Poisoning by other synthetic narcotics, intentional self-harm, initial encounter"
2021,T404X2D,T40.4X2D,true,T40,"Poisoning by oth synthetic narcotics, self-harm, subs","Poisoning by other synthetic narcotics, intentional self-harm, subsequent encounter"
2021,T404X2S,T40.4X2S,true,T40,"Poisoning by oth synthetic narcotics, self-harm, sequela","Poisoning by other synthetic narcotics, intentional self-harm, sequela"
2021,T404X3,T40.4X3,false,T40,"Poisoning by other synthetic narcotics, assault","Poisoning by other synthetic narcotics, assault"
2021,T404X3A,T40.4X3A,true,T40,"Poisoning by other synthetic narcotics, assault, init encntr","Poisoning by other synthetic narcotics, assault, initial encounter"
2021,T404X3D,T40.4X3D,true,T40,"Poisoning by other synthetic narcotics, assault, subs encntr","Poisoning by other synthetic narcotics, assault, subsequent encounter"
2021,T404X3S,T40.4X3S,true,T40,"Poisoning by other synthetic narcotics, assault, sequela","Poisoning by other synthetic narcotics, assault, sequela"
2021,T404X4,T40.4X4,false,T40,"Poisoning by other synthetic narcotics, undetermined","Poisoning by other synthetic narcotics, undetermined"
2021,T404X4A,T40.4X4A,true,T40,"Poisoning by oth synthetic narcotics, undetermined, init","Poisoning by other synthetic narcotics, undetermined, initial encounter"
2021,T404X4D,T40.4X4D,true,T40,"Poisoning by oth synthetic narcotics, undetermined, subs","Poisoning by other synthetic narcotics, undetermined, subsequent encounter"
2021,T404X4S,T40.4X4S,true,T40,"Poisoning by oth synthetic narcotics, undetermined, sequela","Poisoning by other synthetic narcotics, undetermined, sequela"
2021,T404X5,T40.4X5,false,T40,Adverse effect of other synthetic narcotics,Adverse effect of other synthetic narcotics
2021,T404X5A,T40.4X5A,true,T40,"Adverse effect of other synthetic narcotics, init encntr","Adverse effect of other synthetic narcotics, initial encounter"
2021,T404X5D,T40.4X5D,true,T40,"Adverse effect of other synthetic narcotics, subs encntr","Adverse effect of other synthetic narcotics, subsequent encounter"
2021,T404X5S,T40.4X5S,true,T40,"Adverse effect of other synthetic narcotics, sequela","Adverse effect of other synthetic narcotics, sequela"
2021,T404X6,T40.4X6,false,T40,Underdosing of other synthetic narcotics,Underdosing of other synthetic narcotics
2021,T404X6A,T40.4X6A,true,T40,"Underdosing of other synthetic narcotics, initial encounter","Underdosing of other synthetic narcotics, initial encounter"
2021,T404X6D,T40.4X6D,true,T40,"Underdosing of other synthetic narcotics, subs encntr","Underdosing of other synthetic narcotics, subsequent encounter"
2021,T404X6S,T40.4X6S,true,T40,"Underdosing of other synthetic narcotics, sequela","Underdosing of other synthetic narcotics, sequela"
2022,T407X,T40.7X,false,T40,Cannabis (derivatives),"Poisoning by, adverse effect of and underdosing of cannabis (derivatives)"
2022,T407X1,T40.7X1,false,T40,"Poisoning by cannabis (derivatives), accidental","Poisoning by cannabis (derivatives), accidental (unintentional)"
2022,T407X1A,T40.7X1A,true,T40,"Poisoning by cannabis (derivatives), accidental, init","Poisoning by cannabis (derivatives), accidental (unintentional), initial encounter"
2022,T407X1D,T40.7X1D,true,T40,"Poisoning by cannabis (derivatives), accidental, subs","Poisoning by cannabis (derivatives), accidental (unintentional), subsequent encounter"
2022,T407X1S,T40.7X1S,true,T40,"Poisoning by cannabis (derivatives), accidental, sequela","Poisoning by cannabis (derivatives), accidental (unintentional), sequela"
2022,T407X2,T40.7X2,false,T40,"Poisoning by cannabis (derivatives), intentional self-harm","Poisoning by cannabis (derivatives), intentional self-harm"
2022,T407X2A,T40.7X2A,true,T40,"Poisoning by cannabis (derivatives), self-harm, init","Poisoning by cannabis (derivatives), intentional self-harm, initial encounter"
2022,T407X2D,T40.7X2D,true,T40,"Poisoning by cannabis (derivatives), self-harm, subs","Poisoning by cannabis (derivatives), intentional self-harm, subsequent encounter"
2022,T407X2S,T40.7X2S,true,T40,"Poisoning by cannabis (derivatives), self-harm, sequela","Poisoning by cannabis (derivatives), intentional self-harm, sequela"
2022,T407X3,T40.7X3,false,T40,"Poisoning by cannabis (derivatives), assault","Poisoning by cannabis (derivatives), assault"
2022,T407X3A,T40.7X3A,true,T40,"Poisoning by cannabis (derivatives), assault, init encntr","Poisoning by cannabis (derivatives), assault, initial encounter"
2022,T407X3D,T40.7X3D,true,T40,"Poisoning by cannabis (derivatives), assault, subs encntr","Poisoning by cannabis (derivatives), assault, subsequent encounter"
2022,T407X3S,T40.7X3S,true,T40,"Poisoning by cannabis (derivatives), assault, sequela","Poisoning by cannabis (derivatives), assault, sequela"
2022,T407X4,T40.7X4,false,T40,"Poisoning by cannabis (derivatives), undetermined","Poisoning by cannabis (derivatives), undetermined"
2022,T407X4A,T40.7X4A,true,T40,"Poisoning by cannabis (derivatives), undetermined, init","Poisoning by cannabis (derivatives), undetermined, initial encounter"
2022,T407X4D,T40.7X4D,true,T40,"Poisoning by cannabis (derivatives), undetermined, subs","Poisoning by cannabis (derivatives), undetermined, subsequent encounter"
2022,T407X4S,T40.7X4S,true,T40,"Poisoning by cannabis (derivatives), undetermined, sequela","Poisoning by cannabis (derivatives), undetermined, sequela"
2022,T407X5,T40.7X5,false,T40,Adverse effect of cannabis (derivatives),Adverse effect of cannabis (derivatives)
2022,T407X5A,T40.7X5A,true,T40,"Adverse effect of cannabis (derivatives), initial encounter","Adverse effect of cannabis (derivatives), initial encounter"
2022,T407X5D,T40.7X5D,true,T40,"Adverse effect of cannabis (derivatives), subs encntr","Adverse effect of cannabis (derivatives), subsequent encounter"
2022,T407X5S,T40.7X5S,true,T40,"Adverse effect of cannabis (derivatives), sequela","Adverse effect of cannabis (derivatives), sequela"
2022,T407X6,T40.7X6,false,T40,Underdosing of cannabis (derivatives),Underdosing of cannabis (derivatives)
2022,T407X6A,T40.7X6A,true,T40,"Underdosing of cannabis (derivatives), initial encounter","Underdosing of cannabis (derivatives), initial encounter"
2022,T407X6D,T40.7X6D,true,T40,"Underdosing of cannabis (derivatives), subsequent encounter","Underdosing of cannabis (derivatives), subsequent encounter"
2022,T407X6S,T40.7X6S,true,T40,"Underdosing of cannabis (derivatives), sequela","Underdosing of cannabis (derivatives), sequela"
2023,O350XX0,O35.0XX0,true,O35,"Maternal care for (suspected) cnsl malform in fetus, unsp","Maternal care for (suspected) central nervous system malformation in fetus, not applicable or unspecified"
2023,O350XX1,O35.0XX1,true,O35,"Maternal care for (suspected) cnsl malform in fetus, fetus 1","Maternal care for (suspected) central nervous system malformation in fetus, fetus 1"
2023,O350XX2,O35.0XX2,true,O35,"Maternal care for (suspected) cnsl malform in fetus, fetus 2","Maternal care for (suspected) central nervous system malformation in fetus, fetus 2"
2023,O350XX3,O35.0XX3,true,O35,"Maternal care for (suspected) cnsl malform in fetus, fetus 3","Maternal care for (suspected) central nervous system malformation in fetus, fetus 3"
2023,O350XX4,O35.0XX4,true,O35,"Maternal care for (suspected) cnsl malform in fetus, fetus 4","Maternal care for (suspected) central nervous system malformation in fetus, fetus 4"
2023,O350XX5,O35.0XX5,true,O35,"Maternal care for (suspected) cnsl malform in fetus, fetus 5","Maternal care for (suspected) central nervous system malformation in fetus, fetus 5"
2023,O350XX9,O35.0XX9,true,O35,"Maternal care for (suspected) cnsl malform in fetus, oth","Maternal care for (suspected) central nervous system malformation in fetus, other fetus"
2023,O351XX0,O35.1XX0,true,O35,"Maternal care for chromosomal abnormality in fetus, unsp","Maternal care for (suspected) chromosomal abnormality in fetus, not applicable or unspecified"
2023,O351XX1,O35.1XX1,true,O35,"Maternal care for chromosomal abnormality in fetus, fetus 1","Maternal care for (suspected) chromosomal abnormality in fetus, fetus 1"
2023,O351XX2,O35.1XX2,true,O35,"Maternal care for chromosomal abnormality in fetus, fetus 2","Maternal care for (suspected) chromosomal abnormality in fetus, fetus 2"
2023,O351XX3,O35.1XX3,true,O35,"Maternal care for chromosomal abnormality in fetus, fetus 3","Maternal care for (suspected) chromosomal abnormality in fetus, fetus 3"
2023,O351XX4,O35.1XX4,true,O35,"Maternal care for chromosomal abnormality in fetus, fetus 4","Maternal care for (suspected) chromosomal abnormality in fetus, fetus 4"
2023,O351XX5,O35.1XX5,true,O35,"Maternal care for chromosomal abnormality in fetus, fetus 5","Maternal care for (suspected) chromosomal abnormality in fetus, fetus 5"
2023,O351XX9,O35.1XX9,true,O35,"Maternal care for chromosomal abnormality in fetus, oth","Maternal care for (suspected) chromosomal abnormality in fetus, other fetus"
2023,V200XXA,V20.0XXA,true,V20,"Mtrcy driver injured in collision w ped/anml nontraf, init","Motorcycle driver injured in collision with pedestrian or animal in nontraffic accident, initial encounter"
2023,V200XXD,V20.0XXD,true,V20,"Mtrcy driver injured in collision w ped/anml nontraf, subs","Motorcycle driver injured in collision with pedestrian or animal in nontraffic accident, subsequent encounter"
2023,V200XXS,V20.0XXS,true,V20,"Mtrcy driver injured in clsn w ped/anml nontraf, sequela","Motorcycle driver injured in collision with pedestrian or animal in nontraffic accident, sequela"
2023,V201XXA,V20.1XXA,true,V20,"Mtrcy passenger injured in clsn w ped/anml nontraf, init","Motorcycle passenger injured in collision with pedestrian or animal in nontraffic accident, initial encounter"
2023,V201XXD,V20.1XXD,true,V20,"Mtrcy passenger injured in clsn w ped/anml nontraf, subs","Motorcycle passenger injured in collision with pedestrian or animal in nontraffic accident, subsequent encounter"
2023,V201XXS,V20.1XXS,true,V20,"Mtrcy passenger injured in clsn w ped/anml nontraf, sequela","Motorcycle passenger injured in collision with pedestrian or animal in nontraffic accident, sequela"
2023,V202XXA,V20.2XXA,true,V20,"Unsp mtrcy rider injured in clsn w ped/anml nontraf, init","Unspecified motorcycle rider injured in collision with pedestrian or animal in nontraffic accident, initial encounter"
2023,V202XXD,V20.2XXD,true,V20,"Unsp mtrcy rider injured in clsn w ped/anml nontraf, subs","Unspecified motorcycle rider injured in collision with pedestrian or animal in nontraffic accident, subsequent encounter"
2023,V202XXS,V20.2XXS,true,V20,"Unsp mtrcy rider injured in clsn w ped/anml nontraf, sequela","Unspecified motorcycle rider injured in collision with pedestrian or animal in nontraffic accident, sequela"
2023,V203XXA,V20.3XXA,true,V20,"Prsn brd/alit mtrcy injured in collision w ped/anml, init","Person boarding or alighting a motorcycle injured in collision with pedestrian or animal, initial encounter"
2023,V203XXD,V20.3XXD,true,V20,"Prsn brd/alit mtrcy injured in collision w ped/anml, subs","Person boarding or alighting a motorcycle injured in collision with pedestrian or animal, subsequent encounter"
2023,V203XXS,V20.3XXS,true,V20,"Prsn brd/alit mtrcy injured in collision w ped/anml, sequela","Person boarding or alighting a motorcycle injured in collision with pedestrian or animal, sequela"
2023,V204XXA,V20.4XXA,true,V20,"Mtrcy driver injured in collision w ped/anml in traf, init","Motorcycle driver injured in collision with pedestrian or animal in traffic accident, initial encounter"
2023,V204XXD,V20.4XXD,true,V20,"Mtrcy driver injured in collision w ped/anml in traf, subs","Motorcycle driver injured in collision with pedestrian or animal in traffic accident, subsequent encounter"
2023,V204XXS,V20.4XXS,true,V20,"Mtrcy driver injured in clsn w ped/anml in traf, sequela","Motorcycle driver injured in collision with pedestrian or animal in traffic accident, sequela"
2023,V205XXA,V20.5XXA,true,V20,"Mtrcy passenger injured in clsn w ped/anml in traf, init","Motorcycle passenger injured in collision with pedestrian or animal in traffic accident, initial encounter"
2023,V205XXD,V20.5XXD,true,V20,"Mtrcy passenger injured in clsn w ped/anml in traf, subs","Motorcycle passenger injured in collision with pedestrian or animal in traffic accident, subsequent encounter"
2023,V205XXS,V20.5XXS,true,V20,"Mtrcy passenger injured in clsn w ped/anml in traf, sequela","Motorcycle passenger injured in collision with pedestrian or animal in traffic accident, sequela"
2023,V209XXA,V20.9XXA,true,V20,"Unsp mtrcy rider injured in clsn w ped/anml in traf, init","Unspecified motorcycle rider injured in collision with pedestrian or animal in traffic accident, initial encounter"
2023,V209XXD,V20.9XXD,true,V20,"Unsp mtrcy rider injured in clsn w ped/anml in traf, subs","Unspecified motorcycle rider injured in collision with pedestrian or animal in traffic accident, subsequent encounter"
2023,V209XXS,V20.9XXS,true,V20,"Unsp mtrcy rider injured in clsn w ped/anml in traf, sequela","Unspecified motorcycle rider injured in collision with pedestrian or animal in traffic accident, sequela"
2023,V210XXA,V21.0XXA,true,V21,"Mtrcy driver injured in collision w pedl cyc nontraf, init","Motorcycle driver injured in collision with pedal cycle in nontraffic accident, initial encounter"
2023,V210XXD,V21.0XXD,true,V21,"Mtrcy driver injured in collision w pedl cyc nontraf, subs","Motorcycle driver injured in collision with pedal cycle in nontraffic accident, subsequent encounter"
2023,V210XXS,V21.0XXS,true,V21,"Mtrcy driver injured in clsn w pedl cyc nontraf, sequela","Motorcycle driver injured in collision with pedal cycle in nontraffic accident, sequela"
2023,V211XXA,V21.1XXA,true,V21,"Mtrcy passenger injured in clsn w pedl cyc nontraf, init","Motorcycle passenger injured in collision with pedal cycle in nontraffic accident, initial encounter"
2023,V211XXD,V21.1XXD,true,V21,"Mtrcy passenger injured in clsn w pedl cyc nontraf, subs","Motorcycle passenger injured in collision with pedal cycle in nontraffic accident, subsequent encounter"
2023,V211XXS,V21.1XXS,true,V21,"Mtrcy passenger injured in clsn w pedl cyc nontraf, sequela","Motorcycle passenger injured in collision with pedal cycle in nontraffic accident, sequela"
2023,V212XXA,V21.2XXA,true,V21,"Unsp mtrcy rider injured in clsn w pedl cyc nontraf, init","Unspecified motorcycle rider injured in collision with pedal cycle in nontraffic accident, initial encounter"
2023,V212XXD,V21.2XXD,true,V21,"Unsp mtrcy rider injured in clsn w pedl cyc nontraf, subs","Unspecified motorcycle rider injured in collision with pedal cycle in nontraffic accident, subsequent encounter"
2023,V212XXS,V21.2XXS,true,V21,"Unsp mtrcy rider injured in clsn w pedl cyc nontraf, sequela","Unspecified motorcycle rider injured in collision with pedal cycle in nontraffic accident, sequela"
2023,V213XXA,V21.3XXA,true,V21,"Prsn brd/alit mtrcy injured in collision w pedal cycle, init","Person boarding or alighting a motorcycle injured in collision with pedal cycle, initial encounter"
2023,V213XXD,V21.3XXD,true,V21,"Prsn brd/alit mtrcy injured in collision w pedal cycle, subs","Person boarding or alighting a motorcycle injured in collision with pedal cycle, subsequent encounter"
2023,V213XXS,V21.3XXS,true,V21,"Prsn brd/alit mtrcy injured in collision w pedl cyc, sequela","Person boarding or alighting a motorcycle injured in collision with pedal cycle, sequela"
2023,V214XXA,V21.4XXA,true,V21,"Mtrcy driver injured in collision w pedl cyc in traf, init","Motorcycle driver injured in collision with pedal cycle in traffic accident, initial encounter"
2023,V214XXD,V21.4XXD,true,V21,"Mtrcy driver injured in collision w pedl cyc in traf, subs","Motorcycle driver injured in collision with pedal cycle in traffic accident, subsequent encounter"
2023,V214XXS,V21.4XXS,true,V21,"Mtrcy driver injured in clsn w pedl cyc in traf, sequela","Motorcycle driver injured in collision with pedal cycle in traffic accident, sequela"
2023,V215XXA,V21.5XXA,true,V21,"Mtrcy passenger injured in clsn w pedl cyc in traf, init","Motorcycle passenger injured in collision with pedal cycle in traffic accident, initial encounter"
2023,V215XXD,V21.5XXD,true,V21,"Mtrcy passenger injured in clsn w pedl cyc in traf, subs","Motorcycle passenger injured in collision with pedal cycle in traffic accident, subsequent encounter"
2023,V215XXS,V21.5XXS,true,V21,"Mtrcy passenger injured in clsn w pedl cyc in traf, sequela","Motorcycle passenger injured in collision with pedal cycle in traffic accident, sequela"
2023,V219XXA,V21.9XXA,true,V21,"Unsp mtrcy rider injured in clsn w pedl cyc in traf, init","Unspecified motorcycle rider injured in collision with pedal cycle in traffic accident, initial encounter"
2023,V219XXD,V21.9XXD,true,V21,"Unsp mtrcy rider injured in clsn w pedl cyc in traf, subs","Unspecified motorcycle rider injured in collision with pedal cycle in traffic accident, subsequent encounter"
2023,V219XXS,V21.9XXS,true,V21,"Unsp mtrcy rider injured in clsn w pedl cyc in traf, sequela","Unspecified motorcycle rider injured in collision with pedal cycle in traffic accident, sequela"
2023,V220XXA,V22.0XXA,true,V22,"Mtrcy driver injured in collision w 2/3-whl mv nontraf, init","Motorcycle driver injured in collision with two- or three-wheeled motor vehicle in nontraffic accident, initial encounter"
2023,V220XXD,V22.0XXD,true,V22,"Mtrcy driver injured in collision w 2/3-whl mv nontraf, subs","Motorcycle driver injured in collision with two- or three-wheeled motor vehicle in nontraffic accident, subsequent encounter"
2023,V220XXS,V22.0XXS,true,V22,"Mtrcy driver injured in clsn w 2/3-whl mv nontraf, sequela","Motorcycle driver injured in collision with two- or three-wheeled motor vehicle in nontraffic accident, sequela"
2023,V221XXA,V22.1XXA,true,V22,"Mtrcy passenger injured in clsn w 2/3-whl mv nontraf, init","Motorcycle passenger injured in collision with two- or three-wheeled motor vehicle in nontraffic accident, initial encounter"
2023,V221XXD,V22.1XXD,true,V22,"Mtrcy passenger injured in clsn w 2/3-whl mv nontraf, subs","Motorcycle passenger injured in collision with two- or three-wheeled motor vehicle in nontraffic accident, subsequent encounter"
2023,V221XXS,V22.1XXS,true,V22,"Mtrcy pasngr injured in clsn w 2/3-whl mv nontraf, sequela","Motorcycle passenger injured in collision with two- or three-wheeled motor vehicle in nontraffic accident, sequela"
2023,V222XXA,V22.2XXA,true,V22,"Unsp mtrcy rider injured in clsn w 2/3-whl mv nontraf, init","Unspecified motorcycle rider injured in collision with two- or three-wheeled motor vehicle in nontraffic accident, initial encounter"
2023,V222XXD,V22.2XXD,true,V22,"Unsp mtrcy rider injured in clsn w 2/3-whl mv nontraf, subs","Unspecified motorcycle rider injured in collision with two- or three-wheeled motor vehicle in nontraffic accident, subsequent encounter"
2023,V222XXS,V22.2XXS,true,V22,"Unsp mtrcy rider inj in clsn w 2/3-whl mv nontraf, sequela","Unspecified motorcycle rider injured in collision with two- or three-wheeled motor vehicle in nontraffic accident, sequela"
2023,V223XXA,V22.3XXA,true,V22,"Prsn brd/alit mtrcy injured in collision w 2/3-whl mv, init","Person boarding or alighting a motorcycle injured in collision with two- or three-wheeled motor vehicle, initial encounter"
2023,V223XXD,V22.3XXD,true,V22,"Prsn brd/alit mtrcy injured in collision w 2/3-whl mv, subs","Person boarding or alighting a motorcycle injured in collision with two- or three-wheeled motor vehicle, subsequent encounter"
2023,V223XXS,V22.3XXS,true,V22,"Prsn brd/alit mtrcy injured in clsn w 2/3-whl mv, sequela","Person boarding or alighting a motorcycle injured in collision with two- or three-wheeled motor vehicle, sequela"
2023,V224XXA,V22.4XXA,true,V22,"Mtrcy driver injured in collision w 2/3-whl mv in traf, init","Motorcycle driver injured in collision with two- or three-wheeled motor vehicle in traffic accident, initial encounter"
2023,V224XXD,V22.4XXD,true,V22,"Mtrcy driver injured in collision w 2/3-whl mv in traf, subs","Motorcycle driver injured in collision with two- or three-wheeled motor vehicle in traffic accident, subsequent encounter"
2023,V224XXS,V22.4XXS,true,V22,"Mtrcy driver injured in clsn w 2/3-whl mv in traf, sequela","Motorcycle driver injured in collision with two- or three-wheeled motor vehicle in traffic accident, sequela"
2023,V225XXA,V22.5XXA,true,V22,"Mtrcy passenger injured in clsn w 2/3-whl mv in traf, init","Motorcycle passenger injured in collision with two- or three-wheeled motor vehicle in traffic accident, initial encounter"
2023,V225XXD,V22.5XXD,true,V22,"Mtrcy passenger injured in clsn w 2/3-whl mv in traf, subs","Motorcycle passenger injured in collision with two- or three-wheeled motor vehicle in traffic accident, subsequent encounter"
2023,V225XXS,V22.5XXS,true,V22,"Mtrcy pasngr injured in clsn w 2/3-whl mv in traf, sequela","Motorcycle passenger injured in collision with two- or three-wheeled motor vehicle in traffic accident, sequela"
2023,V229XXA,V22.9XXA,true,V22,"Unsp mtrcy rider injured in clsn w 2/3-whl mv in traf, init","Unspecified motorcycle rider injured in collision with two- or three-wheeled motor vehicle in traffic accident, initial encounter"
2023,V229XXD,V22.9XXD,true,V22,"Unsp mtrcy rider injured in clsn w 2/3-whl mv in traf, subs","Unspecified motorcycle rider injured in collision with two- or three-wheeled motor vehicle in traffic accident, subsequent encounter"
2023,V229XXS,V22.9XXS,true,V22,"Unsp mtrcy rider inj in clsn w 2/3-whl mv in traf, sequela","Unspecified motorcycle rider injured in collision with two- or three-wheeled motor vehicle in traffic accident, sequela"
2023,V230XXA,V23.0XXA,true,V23,"Mtrcy driver injured pick-up truck, pk-up/van nontraf, init","Motorcycle driver injured in collision with car, pick-up truck or van in nontraffic accident, initial encounter"
2023,V230XXD,V23.0XXD,true,V23,"Mtrcy driver injured pick-up truck, pk-up/van nontraf, subs","Motorcycle driver injured in collision with car, pick-up truck or van in nontraffic accident, subsequent encounter"
2023,V230XXS,V23.0XXS,true,V23,"Mtrcy driver inj pick-up truck, pk-up/van nontraf, sequela","Motorcycle driver injured in collision with car, pick-up truck or van in nontraffic accident, sequela"
2023,V231XXA,V23.1XXA,true,V23,"Mtrcy pasngr injured pick-up truck, pk-up/van nontraf, init","Motorcycle passenger injured in collision with car, pick-up truck or van in nontraffic accident, initial encounter"
2023,V231XXD,V23.1XXD,true,V23,"Mtrcy pasngr injured pick-up truck, pk-up/van nontraf, subs","Motorcycle passenger injured in collision with car, pick-up truck or van in nontraffic accident, subsequent encounter"
2023,V231XXS,V23.1XXS,true,V23,"Mtrcy pasngr inj pick-up truck, pk-up/van nontraf, sequela","Motorcycle passenger injured in collision with car, pick-up truck or van in nontraffic accident, sequela"
2023,V232XXA,V23.2XXA,true,V23,"Unsp mtrcy rider inj pick-up truck, pk-up/van nontraf, init","Unspecified motorcycle rider injured in collision with car, pick-up truck or van in nontraffic accident, initial encounter"
2023,V232XXD,V23.2XXD,true,V23,"Unsp mtrcy rider inj pick-up truck, pk-up/van nontraf, subs","Unspecified motorcycle rider injured in collision with car, pick-up truck or van in nontraffic accident, subsequent encounter"
2023,V232XXS,V23.2XXS,true,V23,"Unsp mtrcy rider inj pk-up truck, pk-up/van nontraf, sequela","Unspecified motorcycle rider injured in collision with car, pick-up truck or van in nontraffic accident, sequela"
2023,V233XXA,V23.3XXA,true,V23,"Prsn brd/alit mtrcy injured pick-up truck, pk-up/van, init","Person boarding or alighting a motorcycle injured in collision with car, pick-up truck or van, initial encounter"
2023,V233XXD,V23.3XXD,true,V23,"Prsn brd/alit mtrcy injured pick-up truck, pk-up/van, subs","Person boarding or alighting a motorcycle injured in collision with car, pick-up truck or van, subsequent encounter"
2023,V233XXS,V23.3XXS,true,V23,"Prsn brd/alit mtrcy inj pick-up truck, pk-up/van, sequela","Person boarding or alighting a motorcycle injured in collision with car, pick-up truck or van, sequela"
2023,V234XXA,V23.4XXA,true,V23,"Mtrcy driver injured pick-up truck, pk-up/van in traf, init","Motorcycle driver injured in collision with car, pick-up truck or van in traffic accident, initial encounter"
2023,V234XXD,V23.4XXD,true,V23,"Mtrcy driver injured pick-up truck, pk-up/van in traf, subs","Motorcycle driver injured in collision with car, pick-up truck or van in traffic accident, subsequent encounter"
2023,V234XXS,V23.4XXS,true,V23,"Mtrcy driver inj pick-up truck, pk-up/van in traf, sequela","Motorcycle driver injured in collision with car, pick-up truck or van in traffic accident, sequela"
2023,V235XXA,V23.5XXA,true,V23,"Mtrcy pasngr injured pick-up truck, pk-up/van in traf, init","Motorcycle passenger injured in collision with car, pick-up truck or van in traffic accident, initial encounter"
2023,V235XXD,V23.5XXD,true,V23,"Mtrcy pasngr injured pick-up truck, pk-up/van in traf, subs","Motorcycle passenger injured in collision with car, pick-up truck or van in traffic accident, subsequent encounter"
2023,V235XXS,V23.5XXS,true,V23,"Mtrcy pasngr inj pick-up truck, pk-up/van in traf, sequela","Motorcycle passenger injured in collision with car, pick-up truck or van in traffic accident, sequela"
2023,V239XXA,V23.9XXA,true,V23,"Unsp mtrcy rider inj pick-up truck, pk-up/van in traf, init","Unspecified motorcycle rider injured in collision with car, pick-up truck or van in traffic accident, initial encounter"
2023,V239XXD,V23.9XXD,true,V23,"Unsp mtrcy rider inj pick-up truck, pk-up/van in traf, subs","Unspecified motorcycle rider injured in collision with car, pick-up truck or van in traffic accident, subsequent encounter"
2023,V239XXS,V23.9XXS,true,V23,"Unsp mtrcy rider inj pk-up truck, pk-up/van in traf, sequela","Unspecified motorcycle rider injured in collision with car, pick-up truck or van in traffic accident, sequela"
2023,V240XXA,V24.0XXA,true,V24,"Mtrcy driver injured in collision w hv veh nontraf, init","Motorcycle driver injured in collision with heavy transport vehicle or bus in nontraffic accident, initial encounter"
2023,V240XXD,V24.0XXD,true,V24,"Mtrcy driver injured in collision w hv veh nontraf, subs","Motorcycle driver injured in collision with heavy transport vehicle or bus in nontraffic accident, subsequent encounter"
2023,V240XXS,V24.0XXS,true,V24,"Mtrcy driver injured in collision w hv veh nontraf, sequela","Motorcycle driver injured in collision with heavy transport vehicle or bus in nontraffic accident, sequela"
2023,V241XXA,V24.1XXA,true,V24,"Mtrcy passenger injured in collision w hv veh nontraf, init","Motorcycle passenger injured in collision with heavy transport vehicle or bus in nontraffic accident, initial encounter"
2023,V241XXD,V24.1XXD,true,V24,"Mtrcy passenger injured in collision w hv veh nontraf, subs","Motorcycle passenger injured in collision with heavy transport vehicle or bus in nontraffic accident, subsequent encounter"
2023,V241XXS,V24.1XXS,true,V24,"Mtrcy passenger injured in clsn w hv veh nontraf, sequela","Motorcycle passenger injured in collision with heavy transport vehicle or bus in nontraffic accident, sequela"
2023,V242XXA,V24.2XXA,true,V24,"Unsp mtrcy rider injured in collision w hv veh nontraf, init","Unspecified motorcycle rider injured in collision with heavy transport vehicle or bus in nontraffic accident, initial encounter"
2023,V242XXD,V24.2XXD,true,V24,"Unsp mtrcy rider injured in collision w hv veh nontraf, subs","Unspecified motorcycle rider injured in collision with heavy transport vehicle or bus in nontraffic accident, subsequent encounter"
2023,V242XXS,V24.2XXS,true,V24,"Unsp mtrcy rider injured in clsn w hv veh nontraf, sequela","Unspecified motorcycle rider injured in collision with heavy transport vehicle or bus in nontraffic accident, sequela"
2023,V243XXA,V24.3XXA,true,V24,"Prsn brd/alit mtrcy injured in collision w hv veh, init","Person boarding or alighting a motorcycle injured in collision with heavy transport vehicle or bus, initial encounter"
2023,V243XXD,V24.3XXD,true,V24,"Prsn brd/alit mtrcy injured in collision w hv veh, subs","Person boarding or alighting a motorcycle injured in collision with heavy transport vehicle or bus, subsequent encounter"
2023,V243XXS,V24.3XXS,true,V24,"Prsn brd/alit mtrcy injured in collision w hv veh, sequela","Person boarding or alighting a motorcycle injured in collision with heavy transport vehicle or bus, sequela"
2023,V244XXA,V24.4XXA,true,V24,"Mtrcy driver injured in collision w hv veh in traf, init","Motorcycle driver injured in collision with heavy transport vehicle or bus in traffic accident, initial encounter"
2023,V244XXD,V24.4XXD,true,V24,"Mtrcy driver injured in collision w hv veh in traf, subs","Motorcycle driver injured in collision with heavy transport vehicle or bus in traffic accident, subsequent encounter"
2023,V244XXS,V24.4XXS,true,V24,"Mtrcy driver injured in collision w hv veh in traf, sequela","Motorcycle driver injured in collision with heavy transport vehicle or bus in traffic accident, sequela"
2023,V245XXA,V24.5XXA,true,V24,"Mtrcy passenger injured in collision w hv veh in traf, init","Motorcycle passenger injured in collision with heavy transport vehicle or bus in traffic accident, initial encounter"
2023,V245XXD,V24.5XXD,true,V24,"Mtrcy passenger injured in collision w hv veh in traf, subs","Motorcycle passenger injured in collision with heavy transport vehicle or bus in traffic accident, subsequent encounter"
2023,V245XXS,V24.5XXS,true,V24,"Mtrcy passenger injured in clsn w hv veh in traf, sequela","Motorcycle passenger injured in collision with heavy transport vehicle or bus in traffic accident, sequela"
2023,V249XXA,V24.9XXA,true,V24,"Unsp mtrcy rider injured in collision w hv veh in traf, init","Unspecified motorcycle rider injured in collision with heavy transport vehicle or bus in traffic accident, initial encounter"
2023,V249XXD,V24.9XXD,true,V24,"Unsp mtrcy rider injured in collision w hv veh in traf, subs","Unspecified motorcycle rider injured in collision with heavy transport vehicle or bus in traffic accident, subsequent encounter"
2023,V249XXS,V24.9XXS,true,V24,"Unsp mtrcy rider injured in clsn w hv veh in traf, sequela","Unspecified motorcycle rider injured in collision with heavy transport vehicle or bus in traffic accident, sequela"
2023,V250XXA,V25.0XXA,true,V25,"Mtrcy driver injured in clsn w rail trn/veh nontraf, init","Motorcycle driver injured in collision with railway train or railway vehicle in nontraffic accident, initial encounter"
2023,V250XXD,V25.0XXD,true,V25,"Mtrcy driver injured in clsn w rail trn/veh nontraf, subs","Motorcycle driver injured in collision with railway train or railway vehicle in nontraffic accident, subsequent encounter"
2023,V250XXS,V25.0XXS,true,V25,"Mtrcy driver injured in clsn w rail trn/veh nontraf, sequela","Motorcycle driver injured in collision with railway train or railway vehicle in nontraffic accident, sequela"
2023,V251XXA,V25.1XXA,true,V25,"Mtrcy passenger injured in clsn w rail trn/veh nontraf, init","Motorcycle passenger injured in collision with railway train or railway vehicle in nontraffic accident, initial encounter"
2023,V251XXD,V25.1XXD,true,V25,"Mtrcy passenger injured in clsn w rail trn/veh nontraf, subs","Motorcycle passenger injured in collision with railway train or railway vehicle in nontraffic accident, subsequent encounter"
2023,V251XXS,V25.1XXS,true,V25,"Mtrcy pasngr injured in clsn w rail trn/veh nontraf, sequela","Motorcycle passenger injured in collision with railway train or railway vehicle in nontraffic accident, sequela"
2023,V252XXA,V25.2XXA,true,V25,"Unsp mtrcy rider inj in clsn w rail trn/veh nontraf, init","Unspecified motorcycle rider injured in collision with railway train or railway vehicle in nontraffic accident, initial encounter"
2023,V252XXD,V25.2XXD,true,V25,"Unsp mtrcy rider inj in clsn w rail trn/veh nontraf, subs","Unspecified motorcycle rider injured in collision with railway train or railway vehicle in nontraffic accident, subsequent encounter"
2023,V252XXS,V25.2XXS,true,V25,"Unsp mtrcy rider inj in clsn w rail trn/veh nontraf, sequela","Unspecified motorcycle rider injured in collision with railway train or railway vehicle in nontraffic accident, sequela"
2023,V253XXA,V25.3XXA,true,V25,"Prsn brd/alit mtrcy injured in clsn w rail trn/veh, init","Person boarding or alighting a motorcycle injured in collision with railway train or railway vehicle, initial encounter"
2023,V253XXD,V25.3XXD,true,V25,"Prsn brd/alit mtrcy injured in clsn w rail trn/veh, subs","Person boarding or alighting a motorcycle injured in collision with railway train or railway vehicle, subsequent encounter"
2023,V253XXS,V25.3XXS,true,V25,"Prsn brd/alit mtrcy injured in clsn w rail trn/veh, sequela","Person boarding or alighting a motorcycle injured in collision with railway train or railway vehicle, sequela"
2023,V254XXA,V25.4XXA,true,V25,"Mtrcy driver injured in clsn w rail trn/veh in traf, init","Motorcycle driver injured in collision with railway train or railway vehicle in traffic accident, initial encounter"
2023,V254XXD,V25.4XXD,true,V25,"Mtrcy driver injured in clsn w rail trn/veh in traf, subs","Motorcycle driver injured in collision with railway train or railway vehicle in traffic accident, subsequent encounter"
2023,V254XXS,V25.4XXS,true,V25,"Mtrcy driver injured in clsn w rail trn/veh in traf, sequela","Motorcycle driver injured in collision with railway train or railway vehicle in traffic accident, sequela"
2023,V255XXA,V25.5XXA,true,V25,"Mtrcy passenger injured in clsn w rail trn/veh in traf, init","Motorcycle passenger injured in collision with railway train or railway vehicle in traffic accident, initial encounter"
2023,V255XXD,V25.5XXD,true,V25,"Mtrcy passenger injured in clsn w rail trn/veh in traf, subs","Motorcycle passenger injured in collision with railway train or railway vehicle in traffic accident, subsequent encounter"
2023,V255XXS,V25.5XXS,true,V25,"Mtrcy pasngr injured in clsn w rail trn/veh in traf, sequela","Motorcycle passenger injured in collision with railway train or railway vehicle in traffic accident, sequela"
2023,V259XXA,V25.9XXA,true,V25,"Unsp mtrcy rider inj in clsn w rail trn/veh in traf, init","Unspecified motorcycle rider injured in collision with railway train or railway vehicle in traffic accident, initial encounter"
2023,V259XXD,V25.9XXD,true,V25,"Unsp mtrcy rider inj in clsn w rail trn/veh in traf, subs","Unspecified motorcycle rider injured in collision with railway train or railway vehicle in traffic accident, subsequent encounter"
2023,V259XXS,V25.9XXS,true,V25,"Unsp mtrcy rider inj in clsn w rail trn/veh in traf, sequela","Unspecified motorcycle rider injured in collision with railway train or railway vehicle in traffic accident, sequela"
2023,V260XXA,V26.0XXA,true,V26,"Mtrcy driver injured in clsn w nonmtr vehicle nontraf, init","Motorcycle driver injured in collision with other nonmotor vehicle in nontraffic accident, initial encounter"
2023,V260XXD,V26.0XXD,true,V26,"Mtrcy driver injured in clsn w nonmtr vehicle nontraf, subs","Motorcycle driver injured in collision with other nonmotor vehicle in nontraffic accident, subsequent encounter"
2023,V260XXS,V26.0XXS,true,V26,"Mtrcy driver inj in clsn w nonmtr vehicle nontraf, sequela","Motorcycle driver injured in collision with other nonmotor vehicle in nontraffic accident, sequela"
2023,V261XXA,V26.1XXA,true,V26,"Mtrcy pasngr injured in clsn w nonmtr vehicle nontraf, init","Motorcycle passenger injured in collision with other nonmotor vehicle in nontraffic accident, initial encounter"
2023,V261XXD,V26.1XXD,true,V26,"Mtrcy pasngr injured in clsn w nonmtr vehicle nontraf, subs","Motorcycle passenger injured in collision with other nonmotor vehicle in nontraffic accident, subsequent encounter"
2023,V261XXS,V26.1XXS,true,V26,"Mtrcy pasngr inj in clsn w nonmtr vehicle nontraf, sequela","Motorcycle passenger injured in collision with other nonmotor vehicle in nontraffic accident, sequela"
2023,V262XXA,V26.2XXA,true,V26,"Unsp mtrcy rider inj in clsn w nonmtr vehicle nontraf, init","Unspecified motorcycle rider injured in collision with other nonmotor vehicle in nontraffic accident, initial encounter"
2023,V262XXD,V26.2XXD,true,V26,"Unsp mtrcy rider inj in clsn w nonmtr vehicle nontraf, subs","Unspecified motorcycle rider injured in collision with other nonmotor vehicle in nontraffic accident, subsequent encounter"
2023,V262XXS,V26.2XXS,true,V26,"Unsp mtrcy rider inj in clsn w nonmtr vehicle nontraf, sqla","Unspecified motorcycle rider injured in collision with other nonmotor vehicle in nontraffic accident, sequela"
2023,V263XXA,V26.3XXA,true,V26,"Prsn brd/alit mtrcy injured in clsn w nonmtr vehicle, init","Person boarding or alighting a motorcycle injured in collision with other nonmotor vehicle, initial encounter"
2023,V263XXD,V26.3XXD,true,V26,"Prsn brd/alit mtrcy injured in clsn w nonmtr vehicle, subs","Person boarding or alighting a motorcycle injured in collision with other nonmotor vehicle, subsequent encounter"
2023,V263XXS,V26.3XXS,true,V26,"Prsn brd/alit mtrcy inj in clsn w nonmtr vehicle, sequela","Person boarding or alighting a motorcycle injured in collision with other nonmotor vehicle, sequela"
2023,V264XXA,V26.4XXA,true,V26,"Mtrcy driver injured in clsn w nonmtr vehicle in traf, init","Motorcycle driver injured in collision with other nonmotor vehicle in traffic accident, initial encounter"
2023,V264XXD,V26.4XXD,true,V26,"Mtrcy driver injured in clsn w nonmtr vehicle in traf, subs","Motorcycle driver injured in collision with other nonmotor vehicle in traffic accident, subsequent encounter"
2023,V264XXS,V26.4XXS,true,V26,"Mtrcy driver inj in clsn w nonmtr vehicle in traf, sequela","Motorcycle driver injured in collision with other nonmotor vehicle in traffic accident, sequela"
2023,V265XXA,V26.5XXA,true,V26,"Mtrcy pasngr injured in clsn w nonmtr vehicle in traf, init","Motorcycle passenger injured in collision with other nonmotor vehicle in traffic accident, initial encounter"
2023,V265XXD,V26.5XXD,true,V26,"Mtrcy pasngr injured in clsn w nonmtr vehicle in traf, subs","Motorcycle passenger injured in collision with other nonmotor vehicle in traffic accident, subsequent encounter"
2023,V265XXS,V26.5XXS,true,V26,"Mtrcy pasngr inj in clsn w nonmtr vehicle in traf, sequela","Motorcycle passenger injured in collision with other nonmotor vehicle in traffic accident, sequela"
2023,V269XXA,V26.9XXA,true,V26,"Unsp mtrcy rider inj in clsn w nonmtr vehicle in traf, init","Unspecified motorcycle rider injured in collision with other nonmotor vehicle in traffic accident, initial encounter"
2023,V269XXD,V26.9XXD,true,V26,"Unsp mtrcy rider inj in clsn w nonmtr vehicle in traf, subs","Unspecified motorcycle rider injured in collision with other nonmotor vehicle in traffic accident, subsequent encounter"
2023,V269XXS,V26.9XXS,true,V26,"Unsp mtrcy rider inj in clsn w nonmtr vehicle in traf, sqla","Unspecified motorcycle rider injured in collision with other nonmotor vehicle in traffic accident, sequela"
2023,V270XXA,V27.0XXA,true,V27,"Mtrcy driver injured in clsn w statnry object nontraf, init","Motorcycle driver injured in collision with fixed or stationary object in nontraffic accident, initial encounter"
2023,V270XXD,V27.0XXD,true,V27,"Mtrcy driver injured in clsn w statnry object nontraf, subs","Motorcycle driver injured in collision with fixed or stationary object in nontraffic accident, subsequent encounter"
2023,V270XXS,V27.0XXS,true,V27,"Mtrcy driver inj in clsn w statnry object nontraf, sequela","Motorcycle driver injured in collision with fixed or stationary object in nontraffic accident, sequela"
2023,V271XXA,V27.1XXA,true,V27,"Mtrcy pasngr injured in clsn w statnry object nontraf, init","Motorcycle passenger injured in collision with fixed or stationary object in nontraffic accident, initial encounter"
2023,V271XXD,V27.1XXD,true,V27,"Mtrcy pasngr injured in clsn w statnry object nontraf, subs","Motorcycle passenger injured in collision with fixed or stationary object in nontraffic accident, subsequent encounter"
2023,V271XXS,V27.1XXS,true,V27,"Mtrcy pasngr inj in clsn w statnry object nontraf, sequela","Motorcycle passenger injured in collision with fixed or stationary object in nontraffic accident, sequela"
2023,V272XXA,V27.2XXA,true,V27,"Unsp mtrcy rider inj in clsn w statnry object nontraf, init","Unspecified motorcycle rider injured in collision with fixed or stationary object in nontraffic accident, initial encounter"
2023,V272XXD,V27.2XXD,true,V27,"Unsp mtrcy rider inj in clsn w statnry object nontraf, subs","Unspecified motorcycle rider injured in collision with fixed or stationary object in nontraffic accident, subsequent encounter"
2023,V272XXS,V27.2XXS,true,V27,"Unsp mtrcy rider inj in clsn w statnry object nontraf, sqla","Unspecified motorcycle rider injured in collision with fixed or stationary object in nontraffic accident, sequela"
2023,V273XXA,V27.3XXA,true,V27,"Prsn brd/alit mtrcy injured in clsn w statnry object, init","Person boarding or alighting a motorcycle injured in collision with fixed or stationary object, initial encounter"
2023,V273XXD,V27.3XXD,true,V27,"Prsn brd/alit mtrcy injured in clsn w statnry object, subs","Person boarding or alighting a motorcycle injured in collision with fixed or stationary object, subsequent encounter"
2023,V273XXS,V27.3XXS,true,V27,"Prsn brd/alit mtrcy inj in clsn w statnry object, sequela","Person boarding or alighting a motorcycle injured in collision with fixed or stationary object, sequela"
2023,V274XXA,V27.4XXA,true,V27,"Mtrcy driver injured in clsn w statnry object in traf, init","Motorcycle driver injured in collision with fixed or stationary object in traffic accident, initial encounter"
2023,V274XXD,V27.4XXD,true,V27,"Mtrcy driver injured in clsn w statnry object in traf, subs","Motorcycle driver injured in collision with fixed or stationary object in traffic accident, subsequent encounter"
2023,V274XXS,V27.4XXS,true,V27,"Mtrcy driver inj in clsn w statnry object in traf, sequela","Motorcycle driver injured in collision with fixed or stationary object in traffic accident, sequela"
2023,V275XXA,V27.5XXA,true,V27,"Mtrcy pasngr injured in clsn w statnry object in traf, init","Motorcycle passenger injured in collision with fixed or stationary object in traffic accident, initial encounter"
2023,V275XXD,V27.5XXD,true,V27,"Mtrcy pasngr injured in clsn w statnry object in traf, subs","Motorcycle passenger injured in collision with fixed or stationary object in traffic accident, subsequent encounter"
2023,V275XXS,V27.5XXS,true,V27,"Mtrcy pasngr inj in clsn w statnry object in traf, sequela","Motorcycle passenger injured in collision with fixed or stationary object in traffic accident, sequela"
2023,V279XXA,V27.9XXA,true,V27,"Unsp mtrcy rider inj in clsn w statnry object in traf, init","Unspecified motorcycle rider injured in collision with fixed or stationary object in traffic accident, initial encounter"
2023,V279XXD,V27.9XXD,true,V27,"Unsp mtrcy rider inj in clsn w statnry object in traf, subs","Unspecified motorcycle rider injured in collision with fixed or stationary object in traffic accident, subsequent encounter"
2023,V279XXS,V27.9XXS,true,V27,"Unsp mtrcy rider inj in clsn w statnry object in traf, sqla","Unspecified motorcycle rider injured in collision with fixed or stationary object in traffic accident, sequela"
2023,V280XXA,V28.0XXA,true,V28,"Mtrcy driver injured in nonclsn trnsp accident nontraf, init","Motorcycle driver injured in noncollision transport accident in nontraffic accident, initial encounter"
2023,V280XXD,V28.0XXD,true,V28,"Mtrcy driver injured in nonclsn trnsp accident nontraf, subs","Motorcycle driver injured in noncollision transport accident in nontraffic accident, subsequent encounter"
2023,V280XXS,V28.0XXS,true,V28,"Mtrcy driver injured in nonclsn trnsp acc nontraf, sequela","Motorcycle driver injured in noncollision transport accident in nontraffic accident, sequela"
2023,V281XXA,V28.1XXA,true,V28,"Mtrcy pasngr injured in nonclsn trnsp accident nontraf, init","Motorcycle passenger injured in noncollision transport accident in nontraffic accident, initial encounter"
2023,V281XXD,V28.1XXD,true,V28,"Mtrcy pasngr injured in nonclsn trnsp accident nontraf, subs","Motorcycle passenger injured in noncollision transport accident in nontraffic accident, subsequent encounter"
2023,V281XXS,V28.1XXS,true,V28,"Mtrcy pasngr injured in nonclsn trnsp acc nontraf, sequela","Motorcycle passenger injured in noncollision transport accident in nontraffic accident, sequela"
2023,V282XXA,V28.2XXA,true,V28,"Unsp mtrcy rider injured in nonclsn trnsp acc nontraf, init","Unspecified motorcycle rider injured in noncollision transport accident in nontraffic accident, initial encounter"
2023,V282XXD,V28.2XXD,true,V28,"Unsp mtrcy rider injured in nonclsn trnsp acc nontraf, subs","Unspecified motorcycle rider injured in noncollision transport accident in nontraffic accident, subsequent encounter"
2023,V282XXS,V28.2XXS,true,V28,"Unsp mtrcy rider inj in nonclsn trnsp acc nontraf, sequela","Unspecified motorcycle rider injured in noncollision transport accident in nontraffic accident, sequela"
2023,V283XXA,V28.3XXA,true,V28,"Prsn brd/alit mtrcy injured in nonclsn trnsp accident, init","Person boarding or alighting a motorcycle injured in noncollision transport accident, initial encounter"
2023,V283XXD,V28.3XXD,true,V28,"Prsn brd/alit mtrcy injured in nonclsn trnsp accident, subs","Person boarding or alighting a motorcycle injured in noncollision transport accident, subsequent encounter"
2023,V283XXS,V28.3XXS,true,V28,"Prsn brd/alit mtrcy injured in nonclsn trnsp acc, sequela","Person boarding or alighting a motorcycle injured in noncollision transport accident, sequela"
2023,V284XXA,V28.4XXA,true,V28,"Mtrcy driver injured in nonclsn trnsp accident in traf, init","Motorcycle driver injured in noncollision transport accident in traffic accident, initial encounter"
2023,V284XXD,V28.4XXD,true,V28,"Mtrcy driver injured in nonclsn trnsp accident in traf, subs","Motorcycle driver injured in noncollision transport accident in traffic accident, subsequent encounter"
2023,V284XXS,V28.4XXS,true,V28,"Mtrcy driver injured in nonclsn trnsp acc in traf, sequela","Motorcycle driver injured in noncollision transport accident in traffic accident, sequela"
2023,V285XXA,V28.5XXA,true,V28,"Mtrcy pasngr injured in nonclsn trnsp accident in traf, init","Motorcycle passenger injured in noncollision transport accident in traffic accident, initial encounter"
2023,V285XXD,V28.5XXD,true,V28,"Mtrcy pasngr injured in nonclsn trnsp accident in traf, subs","Motorcycle passenger injured in noncollision transport accident in traffic accident, subsequent encounter"
2023,V285XXS,V28.5XXS,true,V28,"Mtrcy pasngr injured in nonclsn trnsp acc in traf, sequela","Motorcycle passenger injured in noncollision transport accident in traffic accident, sequela"
2023,V289XXA,V28.9XXA,true,V28,"Unsp mtrcy rider injured in nonclsn trnsp acc in traf, init","Unspecified motorcycle rider injured in noncollision transport accident in traffic accident, initial encounter"
2023,V289XXD,V28.9XXD,true,V28,"Unsp mtrcy rider injured in nonclsn trnsp acc in traf, subs","Unspecified motorcycle rider injured in noncollision transport accident in traffic accident, subsequent encounter"
2023,V289XXS,V28.9XXS,true,V28,"Unsp mtrcy rider inj in nonclsn trnsp acc in traf, sequela","Unspecified motorcycle rider injured in noncollision transport accident in traffic accident, sequela"
2023,V2900XA,V29.00XA,true,V29,"Mtrcy driver injured in collision w unsp mv nontraf, init","Motorcycle driver injured in collision with unspecified motor vehicles in nontraffic accident, initial encounter"
2023,V2900XD,V29.00XD,true,V29,"Mtrcy driver injured in collision w unsp mv nontraf, subs","Motorcycle driver injured in collision with unspecified motor vehicles in nontraffic accident, subsequent encounter"
2023,V2900XS,V29.00XS,true,V29,"Mtrcy driver injured in collision w unsp mv nontraf, sequela","Motorcycle driver injured in collision with unspecified motor vehicles in nontraffic accident, sequela"
2023,V2909XA,V29.09XA,true,V29,"Mtrcy driver injured in collision w oth mv nontraf, init","Motorcycle driver injured in collision with other motor vehicles in nontraffic accident, initial encounter"
2023,V2909XD,V29.09XD,true,V29,"Mtrcy driver injured in collision w oth mv nontraf, subs","Motorcycle driver injured in collision with other motor vehicles in nontraffic accident, subsequent encounter"
2023,V2909XS,V29.09XS,true,V29,"Mtrcy driver injured in collision w oth mv nontraf, sequela","Motorcycle driver injured in collision with other motor vehicles in nontraffic accident, sequela"
2023,V2910XA,V29.10XA,true,V29,"Mtrcy passenger injured in collision w unsp mv nontraf, init","Motorcycle passenger injured in collision with unspecified motor vehicles in nontraffic accident, initial encounter"
2023,V2910XD,V29.10XD,true,V29,"Mtrcy passenger injured in collision w unsp mv nontraf, subs","Motorcycle passenger injured in collision with unspecified motor vehicles in nontraffic accident, subsequent encounter"
2023,V2910XS,V29.10XS,true,V29,"Mtrcy passenger injured in clsn w unsp mv nontraf, sequela","Motorcycle passenger injured in collision with unspecified motor vehicles in nontraffic accident, sequela"
2023,V2919XA,V29.19XA,true,V29,"Mtrcy passenger injured in collision w oth mv nontraf, init","Motorcycle passenger injured in collision with other motor vehicles in nontraffic accident, initial encounter"
2023,V2919XD,V29.19XD,true,V29,"Mtrcy passenger injured in collision w oth mv nontraf, subs","Motorcycle passenger injured in collision with other motor vehicles in nontraffic accident, subsequent encounter"
2023,V2919XS,V29.19XS,true,V29,"Mtrcy passenger injured in clsn w oth mv nontraf, sequela","Motorcycle passenger injured in collision with other motor vehicles in nontraffic accident, sequela"
2023,V2920XA,V29.20XA,true,V29,"Unsp mtrcy rider injured in clsn w unsp mv nontraf, init","Unspecified motorcycle rider injured in collision with unspecified motor vehicles in nontraffic accident, initial encounter"
2023,V2920XD,V29.20XD,true,V29,"Unsp mtrcy rider injured in clsn w unsp mv nontraf, subs","Unspecified motorcycle rider injured in collision with unspecified motor vehicles in nontraffic accident, subsequent encounter"
2023,V2920XS,V29.20XS,true,V29,"Unsp mtrcy rider injured in clsn w unsp mv nontraf, sequela","Unspecified motorcycle rider injured in collision with unspecified motor vehicles in nontraffic accident, sequela"
2023,V2929XA,V29.29XA,true,V29,"Unsp mtrcy rider injured in collision w oth mv nontraf, init","Unspecified motorcycle rider injured in collision with other motor vehicles in nontraffic accident, initial encounter"
2023,V2929XD,V29.29XD,true,V29,"Unsp mtrcy rider injured in collision w oth mv nontraf, subs","Unspecified motorcycle rider injured in collision with other motor vehicles in nontraffic accident, subsequent encounter"
2023,V2929XS,V29.29XS,true,V29,"Unsp mtrcy rider injured in clsn w oth mv nontraf, sequela","Unspecified motorcycle rider injured in collision with other motor vehicles in nontraffic accident, sequela"
2023,V293XXA,V29.3XXA,true,V29,"Motorcycle rider (driver) injured in unsp nontraf, init","Motorcycle rider (driver) (passenger) injured in unspecified nontraffic accident, initial encounter"
2023,V293XXD,V29.3XXD,true,V29,"Motorcycle rider (driver) injured in unsp nontraf, subs","Motorcycle rider (driver) (passenger) injured in unspecified nontraffic accident, subsequent encounter"
2023,V293XXS,V29.3XXS,true,V29,"Motorcycle rider (driver) injured in unsp nontraf, sequela","Motorcycle rider (driver) (passenger) injured in unspecified nontraffic accident, sequela"
2023,V2940XA,V29.40XA,true,V29,"Mtrcy driver injured in collision w unsp mv in traf, init","Motorcycle driver injured in collision with unspecified motor vehicles in traffic accident, initial encounter"
2023,V2940XD,V29.40XD,true,V29,"Mtrcy driver injured in collision w unsp mv in traf, subs","Motorcycle driver injured in collision with unspecified motor vehicles in traffic accident, subsequent encounter"
2023,V2940XS,V29.40XS,true,V29,"Mtrcy driver injured in collision w unsp mv in traf, sequela","Motorcycle driver injured in collision with unspecified motor vehicles in traffic accident, sequela"
2023,V2949XA,V29.49XA,true,V29,"Mtrcy driver injured in collision w oth mv in traf, init","Motorcycle driver injured in collision with other motor vehicles in traffic accident, initial encounter"
2023,V2949XD,V29.49XD,true,V29,"Mtrcy driver injured in collision w oth mv in traf, subs","Motorcycle driver injured in collision with other motor vehicles in traffic accident, subsequent encounter"
2023,V2949XS,V29.49XS,true,V29,"Mtrcy driver injured in collision w oth mv in traf, sequela","Motorcycle driver injured in collision with other motor vehicles in traffic accident, sequela"
2023,V2950XA,V29.50XA,true,V29,"Mtrcy passenger injured in collision w unsp mv in traf, init","Motorcycle passenger injured in collision with unspecified motor vehicles in traffic accident, initial encounter"
2023,V2950XD,V29.50XD,true,V29,"Mtrcy passenger injured in collision w unsp mv in traf, subs","Motorcycle passenger injured in collision with unspecified motor vehicles in traffic accident, subsequent encounter"
2023,V2950XS,V29.50XS,true,V29,"Mtrcy passenger injured in clsn w unsp mv in traf, sequela","Motorcycle passenger injured in collision with unspecified motor vehicles in traffic accident, sequela"
2023,V2959XA,V29.59XA,true,V29,"Mtrcy passenger injured in collision w oth mv in traf, init","Motorcycle passenger injured in collision with other motor vehicles in traffic accident, initial encounter"
2023,V2959XD,V29.59XD,true,V29,"Mtrcy passenger injured in collision w oth mv in traf, subs","Motorcycle passenger injured in collision with other motor vehicles in traffic accident, subsequent encounter"
2023,V2959XS,V29.59XS,true,V29,"Mtrcy passenger injured in clsn w oth mv in traf, sequela","Motorcycle passenger injured in collision with other motor vehicles in traffic accident, sequela"
2023,V2960XA,V29.60XA,true,V29,"Unsp mtrcy rider injured in clsn w unsp mv in traf, init","Unspecified motorcycle rider injured in collision with unspecified motor vehicles in traffic accident, initial encounter"
2023,V2960XD,V29.60XD,true,V29,"Unsp mtrcy rider injured in clsn w unsp mv in traf, subs","Unspecified motorcycle rider injured in collision with unspecified motor vehicles in traffic accident, subsequent encounter"
2023,V2960XS,V29.60XS,true,V29,"Unsp mtrcy rider injured in clsn w unsp mv in traf, sequela","Unspecified motorcycle rider injured in collision with unspecified motor vehicles in traffic accident, sequela"
2023,V2969XA,V29.69XA,true,V29,"Unsp mtrcy rider injured in collision w oth mv in traf, init","Unspecified motorcycle rider injured in collision with other motor vehicles in traffic accident, initial encounter"
2023,V2969XD,V29.69XD,true,V29,"Unsp mtrcy rider injured in collision w oth mv in traf, subs","Unspecified motorcycle rider injured in collision with other motor vehicles in traffic accident, subsequent encounter"
2023,V2969XS,V29.69XS,true,V29,"Unsp mtrcy rider injured in clsn w oth mv in traf, sequela","Unspecified motorcycle rider injured in collision with other motor vehicles in traffic accident, sequela"
2023,V2981XA,V29.81XA,true,V29,"Mtrcy rider injured in trnsp acc w military vehicle, init","Motorcycle rider (driver) (passenger) injured in transport accident with military vehicle, initial encounter"
2023,V2981XD,V29.81XD,true,V29,"Mtrcy rider injured in trnsp acc w military vehicle, subs","Motorcycle rider (driver) (passenger) injured in transport accident with military vehicle, subsequent encounter"
2023,V2981XS,V29.81XS,true,V29,"Mtrcy rider injured in trnsp acc w military vehicle, sequela","Motorcycle rider (driver) (passenger) injured in transport accident with military vehicle, sequela"
2023,V2988XA,V29.88XA,true,V29,"Mtrcy rider (driver) injured in oth transport acc, init","Motorcycle rider (driver) (passenger) injured in other specified transport accidents, initial encounter"
2023,V2988XD,V29.88XD,true,V29,"Mtrcy rider (driver) injured in oth transport acc, subs","Motorcycle rider (driver) (passenger) injured in other specified transport accidents, subsequent encounter"
2023,V2988XS,V29.88XS,true,V29,"Mtrcy rider (driver) injured in oth transport acc, sequela","Motorcycle rider (driver) (passenger) injured in other specified transport accidents, sequela"
2023,V299XXA,V29.9XXA,true,V29,"Motorcycle rider (driver) injured in unsp traf, init","Motorcycle rider (driver) (passenger) injured in unspecified traffic accident, initial encounter"
2023,V299XXD,V29.9XXD,true,V29,"Motorcycle rider (driver) injured in unsp traf, subs","Motorcycle rider (driver) (passenger) injured in unspecified traffic accident, subsequent encounter"
2023,V299XXS,V29.9XXS,true,V29,"Motorcycle rider (driver) injured in unsp traf, sequela","Motorcycle rider (driver) (passenger) injured in unspecified traffic accident, sequela"
2025,T8132XA,T81.32XA,true,T81,"Disruption of internal operation (surgical) wound, NEC, init","Disruption of internal operation (surgical) wound, not elsewhere classified, initial encounter"
2025,T8132XD,T81.32XD,true,T81,"Disruption of internal operation (surgical) wound, NEC, subs","Disruption of internal operation (surgical) wound, not elsewhere classified, subsequent encounter"
2025,T8132XS,T81.32XS,true,T81,"Disrupt of internal operation (surgical) wound, NEC, sequela","Disruption of internal operation (surgical) wound, not elsewhere classified, sequela"
2026,S301XXA,S30.1XXA,true,S30,"Contusion of abdominal wall, initial encounter","Contusion of abdominal wall, initial encounter"
2026,S301XXD,S30.1XXD,true,S30,"Contusion of abdominal wall, subsequent encounter","Contusion of abdominal wall, subsequent encounter"
2026,S301XXS,S30.1XXS,true,S30,"Contusion of abdominal wall, sequela","Contusion of abdominal wall, sequela"
2026,T7807XA,T78.07XA,true,T78,"Anaphylactic reaction due to milk and dairy products, init","Anaphylactic reaction due to milk and dairy products, initial encounter"
2026,T7807XD,T78.07XD,true,T78,"Anaphylactic reaction due to milk and dairy products, subs","Anaphylactic reaction due to milk and dairy products, subsequent encounter"
2026,T7807XS,T78.07XS,true,T78,"Anaphyl reaction due to milk and dairy products, sequela","Anaphylactic reaction due to milk and dairy products, sequela"
2026,T7808XA,T78.08XA,true,T78,"Anaphylactic reaction due to eggs, initial encounter","Anaphylactic reaction due to eggs, initial encounter"
2026,T7808XD,T78.08XD,true,T78,"Anaphylactic reaction due to eggs, subsequent encounter","Anaphylactic reaction due to eggs, subsequent encounter"
2026,T7808XS,T78.08XS,true,T78,"Anaphylactic reaction due to eggs, sequela","Anaphylactic reaction due to eggs, sequela"
2026,T781XXA,T78.1XXA,true,T78,"Oth adverse food reactions, not elsewhere classified, init","Other adverse food reactions, not elsewhere classified, initial encounter"
2026,T781XXD,T78.1XXD,true,T78,"Oth adverse food reactions, not elsewhere classified, subs","Other adverse food reactions, not elsewhere classified, subsequent encounter"
2026,T781XXS,T78.1XXS,true,T78,"Oth adverse food reactions, NEC, sequela","Other adverse food reactions, not elsewhere classified, sequela"
2027,S23420,S23.420,false,S23,Sprain of sternoclavicular (joint) (ligament),Sprain of sternoclavicular (joint) (ligament)
2027,S23420A,S23.420A,true,S23,"Sprain of sternoclavicular (joint) (ligament), init encntr","Sprain of sternoclavicular (joint) (ligament), initial encounter"
2027,S23420D,S23.420D,true,S23,"Sprain of sternoclavicular (joint) (ligament), subs encntr","Sprain of sternoclavicular (joint) (ligament), subsequent encounter"
2027,S23420S,S23.420S,true,S23,"Sprain of sternoclavicular (joint) (ligament), sequela","Sprain of sternoclavicular (joint) (ligament), sequela"
2027,T528X,T52.8X,false,T52,Toxic effects of other organic solvents,Toxic effects of other organic solvents
2027,T528X1,T52.8X1,false,T52,"Toxic effect of organic solvents, accidental (unintentional)","Toxic effect of other organic solvents, accidental (unintentional)"
2027,T528X1A,T52.8X1A,true,T52,"Toxic effect of organic solvents, accidental, init","Toxic effect of other organic solvents, accidental (unintentional), initial encounter"
2027,T528X1D,T52.8X1D,true,T52,"Toxic effect of organic solvents, accidental, subs","Toxic effect of other organic solvents, accidental (unintentional), subsequent encounter"
2027,T528X1S,T52.8X1S,true,T52,"Toxic effect of organic solvents, accidental, sequela","Toxic effect of other organic solvents, accidental (unintentional), sequela"
2027,T528X2,T52.8X2,false,T52,"Toxic effect of oth organic solvents, intentional self-harm","Toxic effect of other organic solvents, intentional self-harm"
2027,T528X2A,T52.8X2A,true,T52,"Toxic effect of organic solvents, self-harm, init","Toxic effect of other organic solvents, intentional self-harm, initial encounter"
2027,T528X2D,T52.8X2D,true,T52,"Toxic effect of organic solvents, self-harm, subs","Toxic effect of other organic solvents, intentional self-harm, subsequent encounter"
2027,T528X2S,T52.8X2S,true,T52,"Toxic effect of organic solvents, self-harm, sequela","Toxic effect of other organic solvents, intentional self-harm, sequela"
2027,T528X3,T52.8X3,false,T52,"Toxic effect of other organic solvents, assault","Toxic effect of other organic solvents, assault"
2027,T528X3A,T52.8X3A,true,T52,"Toxic effect of other organic solvents, assault, init encntr","Toxic effect of other organic solvents, assault, initial encounter"
2027,T528X3D,T52.8X3D,true,T52,"Toxic effect of other organic solvents, assault, subs encntr","Toxic effect of other organic solvents, assault, subsequent encounter"
2027,T528X3S,T52.8X3S,true,T52,"Toxic effect of other organic solvents, assault, sequela","Toxic effect of other organic solvents, assault, sequela"
2027,T528X4,T52.8X4,false,T52,"Toxic effect of other organic solvents, undetermined","Toxic effect of other organic solvents, undetermined"
2027,T528X4A,T52.8X4A,true,T52,"Toxic effect of oth organic solvents, undetermined, init","Toxic effect of other organic solvents, undetermined, initial encounter"
2027,T528X4D,T52.8X4D,true,T52,"Toxic effect of oth organic solvents, undetermined, subs","Toxic effect of other organic solvents, undetermined, subsequent encounter"
2027,T528X4S,T52.8X4S,true,T52,"Toxic effect of oth organic solvents, undetermined, sequela","Toxic effect of other organic solvents, undetermined, sequela"
