fiscalYear,code,codeDotted,billable,previousLongTitle,newLongTitle,previousShortTitle,newShortTitle
2017,C7A094,C7A.094,true,Malignant carcinoid tumor of the foregut NOS,"Malignant carcinoid tumor of the foregut, unspecified",Malignant carcinoid tumor of the foregut NOS,"Malignant carcinoid tumor of the foregut, unspecified"
2017,C7A095,C7A.095,true,Malignant carcinoid tumor of the midgut NOS,"Malignant carcinoid tumor of the midgut, unspecified",Malignant carcinoid tumor of the midgut NOS,"Malignant carcinoid tumor of the midgut, unspecified"
2017,C7A096,C7A.096,true,Malignant carcinoid tumor of the hindgut NOS,"Malignant carcinoid tumor of the hindgut, unspecified",Malignant carcinoid tumor of the hindgut NOS,"Malignant carcinoid tumor of the hindgut, unspecified"
2017,C811,C81.1,false,Nodular sclerosis classical Hodgkin lymphoma,Nodular sclerosis Hodgkin lymphoma,Nodular sclerosis classical Hodgkin lymphoma,Nodular sclerosis Hodgkin lymphoma
2017,C8110,C81.10,true,"Nodular sclerosis classical Hodgkin lymphoma, unspecified site","Nodular sclerosis Hodgkin lymphoma, unspecified site","Nodular sclerosis classical Hodgkin lymphoma, unsp site","Nodular sclerosis Hodgkin lymphoma, unspecified site"
2017,C8111,C81.11,true,"Nodular sclerosis classical Hodgkin lymphoma, lymph nodes of head, face, and neck","Nodular sclerosis Hodgkin lymphoma, lymph nodes of head, face, and neck","Nodlr scler class Hdgkn lymph, nodes of head, face, and neck","Nodular scler Hodgkin lymph, nodes of head, face, and neck"
2017,C8112,C81.12,true,"Nodular sclerosis classical Hodgkin lymphoma, intrathoracic lymph nodes","Nodular sclerosis Hodgkin lymphoma, intrathoracic lymph nodes","Nodular sclerosis class Hodgkin lymphoma, intrathorac nodes","Nodular sclerosis Hodgkin lymphoma, intrathorac lymph nodes"
2017,C8113,C81.13,true,"Nodular sclerosis classical Hodgkin lymphoma, intra-abdominal lymph nodes","Nodular sclerosis Hodgkin lymphoma, intra-abdominal lymph nodes","Nodular sclerosis class Hodgkin lymphoma, intra-abd nodes","Nodular sclerosis Hodgkin lymphoma, intra-abd lymph nodes"
2017,C8114,C81.14,true,"Nodular sclerosis classical Hodgkin lymphoma, lymph nodes of axilla and upper limb","Nodular sclerosis Hodgkin lymphoma, lymph nodes of axilla and upper limb","Nodlr scler class Hdgkn lymph, nodes of axla and upper limb","Nodular scler Hodgkin lymph, nodes of axilla and upper limb"
2017,C8115,C81.15,true,"Nodular sclerosis classical Hodgkin lymphoma, lymph nodes of inguinal region and lower limb","Nodular sclerosis Hodgkin lymphoma, lymph nodes of inguinal region and lower limb","Nodlr scler class Hdgkn lymph, nodes of ing rgn and low limb","Nodlr scler Hdgkn lymph, nodes of ing region and lower limb"
2017,C8116,C81.16,true,"Nodular sclerosis classical Hodgkin lymphoma, intrapelvic lymph nodes","Nodular sclerosis Hodgkin lymphoma, intrapelvic lymph nodes","Nodular sclerosis class Hodgkin lymphoma, intrapelv nodes","Nodular sclerosis Hodgkin lymphoma, intrapelvic lymph nodes"
2017,C8117,C81.17,true,"Nodular sclerosis classical Hodgkin lymphoma, spleen","Nodular sclerosis Hodgkin lymphoma, spleen","Nodular sclerosis classical Hodgkin lymphoma, spleen","Nodular sclerosis Hodgkin lymphoma, spleen"
2017,C8118,C81.18,true,"Nodular sclerosis classical Hodgkin lymphoma, lymph nodes of multiple sites","Nodular sclerosis Hodgkin lymphoma, lymph nodes of multiple sites","Nodular sclerosis class Hodgkin lymphoma, nodes mult site","Nodular sclerosis Hodgkin lymphoma, lymph nodes mult site"
2017,C8119,C81.19,true,"Nodular sclerosis classical Hodgkin lymphoma, extranodal and solid organ sites","Nodular sclerosis Hodgkin lymphoma, extranodal and solid organ sites","Nodlr scler class Hdgkn lymph, extrnod and solid organ sites","Nodular scler Hodgkin lymph, extrnod and solid organ sites"
2017,C812,C81.2,false,Mixed cellularity classical Hodgkin lymphoma,Mixed cellularity Hodgkin lymphoma,Mixed cellularity classical Hodgkin lymphoma,Mixed cellularity Hodgkin lymphoma
2017,C8120,C81.20,true,"Mixed cellularity classical Hodgkin lymphoma, unspecified site","Mixed cellularity Hodgkin lymphoma, unspecified site","Mixed cellularity classical Hodgkin lymphoma, unsp site","Mixed cellularity Hodgkin lymphoma, unspecified site"
2017,C8121,C81.21,true,"Mixed cellularity classical Hodgkin lymphoma, lymph nodes of head, face, and neck","Mixed cellularity Hodgkin lymphoma, lymph nodes of head, face, and neck","Mix cellular class Hdgkn lymph, nodes of head, face, and nk","Mixed cellular Hodgkin lymph, nodes of head, face, and neck"
2017,C8122,C81.22,true,"Mixed cellularity classical Hodgkin lymphoma, intrathoracic lymph nodes","Mixed cellularity Hodgkin lymphoma, intrathoracic lymph nodes","Mixed cellular classical Hodgkin lymphoma, intrathorac nodes","Mixed cellularity Hodgkin lymphoma, intrathorac lymph nodes"
2017,C8123,C81.23,true,"Mixed cellularity classical Hodgkin lymphoma, intra-abdominal lymph nodes","Mixed cellularity Hodgkin lymphoma, intra-abdominal lymph nodes","Mixed cellular classical Hodgkin lymphoma, intra-abd nodes","Mixed cellularity Hodgkin lymphoma, intra-abd lymph nodes"
2017,C8124,C81.24,true,"Mixed cellularity classical Hodgkin lymphoma, lymph nodes of axilla and upper limb","Mixed cellularity Hodgkin lymphoma, lymph nodes of axilla and upper limb","Mix cellular class Hdgkn lymph, nodes of axla and upper limb","Mixed cellular Hodgkin lymph, nodes of axilla and upper limb"
2017,C8125,C81.25,true,"Mixed cellularity classical Hodgkin lymphoma, lymph nodes of inguinal region and lower limb","Mixed cellularity Hodgkin lymphoma, lymph nodes of inguinal region and lower limb","Mix cellular class Hdgkn lymph, nodes of ing rgn and low lmb","Mixed cellular Hdgkn lymph, nodes of ing rgn and lower limb"
2017,C8126,C81.26,true,"Mixed cellularity classical Hodgkin lymphoma, intrapelvic lymph nodes","Mixed cellularity Hodgkin lymphoma, intrapelvic lymph nodes","Mixed cellular classical Hodgkin lymphoma, intrapelv nodes","Mixed cellularity Hodgkin lymphoma, intrapelvic lymph nodes"
2017,C8127,C81.27,true,"Mixed cellularity classical Hodgkin lymphoma, spleen","Mixed cellularity Hodgkin lymphoma, spleen","Mixed cellularity classical Hodgkin lymphoma, spleen","Mixed cellularity Hodgkin lymphoma, spleen"
2017,C8128,C81.28,true,"Mixed cellularity classical Hodgkin lymphoma, lymph nodes of multiple sites","Mixed cellularity Hodgkin lymphoma, lymph nodes of multiple sites","Mixed cellular classical Hodgkin lymphoma, nodes mult site","Mixed cellularity Hodgkin lymphoma, lymph nodes mult site"
2017,C8129,C81.29,true,"Mixed cellularity classical Hodgkin lymphoma, extranodal and solid organ sites","Mixed cellularity Hodgkin lymphoma, extranodal and solid organ sites","Mix cellular class Hdgkn lymph, extrnod and solid org sites","Mixed cellular Hodgkin lymph, extrnod and solid organ sites"
2017,C813,C81.3,false,Lymphocyte depleted classical Hodgkin lymphoma,Lymphocyte depleted Hodgkin lymphoma,Lymphocyte depleted classical Hodgkin lymphoma,Lymphocyte depleted Hodgkin lymphoma
2017,C8130,C81.30,true,"Lymphocyte depleted classical Hodgkin lymphoma, unspecified site","Lymphocyte depleted Hodgkin lymphoma, unspecified site","Lymphocyte depleted classical Hodgkin lymphoma, unsp site","Lymphocyte depleted Hodgkin lymphoma, unspecified site"
2017,C8131,C81.31,true,"Lymphocyte depleted classical Hodgkin lymphoma, lymph nodes of head, face, and neck","Lymphocyte depleted Hodgkin lymphoma, lymph nodes of head, face, and neck","Lymphocy deplet class Hdgkn lymph, nodes of head, face, & nk","Lymphocy deplet Hodgkin lymph, nodes of head, face, and neck"
2017,C8132,C81.32,true,"Lymphocyte depleted classical Hodgkin lymphoma, intrathoracic lymph nodes","Lymphocyte depleted Hodgkin lymphoma, intrathoracic lymph nodes","Lymphocy depleted class Hodgkin lymphoma, intrathorac nodes","Lymphocyte depleted Hodgkin lymphoma, intrathorac nodes"
2017,C8133,C81.33,true,"Lymphocyte depleted classical Hodgkin lymphoma, intra-abdominal lymph nodes","Lymphocyte depleted Hodgkin lymphoma, intra-abdominal lymph nodes","Lymphocy depleted class Hodgkin lymphoma, intra-abd nodes","Lymphocyte depleted Hodgkin lymphoma, intra-abd lymph nodes"
2017,C8134,C81.34,true,"Lymphocyte depleted classical Hodgkin lymphoma, lymph nodes of axilla and upper limb","Lymphocyte depleted Hodgkin lymphoma, lymph nodes of axilla and upper limb","Lymphocy deplet class Hdgkn lymph, nodes of axla and upr lmb","Lymphocy deplet Hdgkn lymph, nodes of axilla and upper limb"
2017,C8135,C81.35,true,"Lymphocyte depleted classical Hodgkin lymphoma, lymph nodes of inguinal region and lower limb","Lymphocyte depleted Hodgkin lymphoma, lymph nodes of inguinal region and lower limb","Lymphocy deplet class Hdgkn lymph,nodes of ing rgn & low lmb","Lymphocy deplet Hdgkn lymph, nodes of ing rgn and lower limb"
2017,C8136,C81.36,true,"Lymphocyte depleted classical Hodgkin lymphoma, intrapelvic lymph nodes","Lymphocyte depleted Hodgkin lymphoma, intrapelvic lymph nodes","Lymphocy depleted class Hodgkin lymphoma, intrapelv nodes","Lymphocyte depleted Hodgkin lymphoma, intrapelv lymph nodes"
2017,C8137,C81.37,true,"Lymphocyte depleted classical Hodgkin lymphoma, spleen","Lymphocyte depleted Hodgkin lymphoma, spleen","Lymphocyte depleted classical Hodgkin lymphoma, spleen","Lymphocyte depleted Hodgkin lymphoma, spleen"
2017,C8138,C81.38,true,"Lymphocyte depleted classical Hodgkin lymphoma, lymph nodes of multiple sites","Lymphocyte depleted Hodgkin lymphoma, lymph nodes of multiple sites","Lymphocy depleted class Hodgkin lymphoma, nodes mult site","Lymphocyte depleted Hodgkin lymphoma, lymph nodes mult site"
2017,C8139,C81.39,true,"Lymphocyte depleted classical Hodgkin lymphoma, extranodal and solid organ sites","Lymphocyte depleted Hodgkin lymphoma, extranodal and solid organ sites","Lymphocy deplet class Hdgkn lymph, extrnod & solid org site","Lymphocy deplet Hodgkin lymph, extrnod and solid organ sites"
2017,C814,C81.4,false,Lymphocyte-rich classical Hodgkin lymphoma,Lymphocyte-rich Hodgkin lymphoma,Lymphocyte-rich classical Hodgkin lymphoma,Lymphocyte-rich Hodgkin lymphoma
2017,C8140,C81.40,true,"Lymphocyte-rich classical Hodgkin lymphoma, unspecified site","Lymphocyte-rich Hodgkin lymphoma, unspecified site","Lymphocyte-rich classical Hodgkin lymphoma, unspecified site","Lymphocyte-rich Hodgkin lymphoma, unspecified site"
2017,C8141,C81.41,true,"Lymphocyte-rich classical Hodgkin lymphoma, lymph nodes of head, face, and neck","Lymphocyte-rich Hodgkin lymphoma, lymph nodes of head, face, and neck","Lymp-rich class Hodgkin lymph, nodes of head, face, and neck","Lymp-rich Hodgkin lymphoma, nodes of head, face, and neck"
2017,C8142,C81.42,true,"Lymphocyte-rich classical Hodgkin lymphoma, intrathoracic lymph nodes","Lymphocyte-rich Hodgkin lymphoma, intrathoracic lymph nodes","Lymp-rich classical Hodgkin lymphoma, intrathorac nodes","Lymphocyte-rich Hodgkin lymphoma, intrathoracic lymph nodes"
2017,C8143,C81.43,true,"Lymphocyte-rich classical Hodgkin lymphoma, intra-abdominal lymph nodes","Lymphocyte-rich Hodgkin lymphoma, intra-abdominal lymph nodes","Lymp-rich classical Hodgkin lymphoma, intra-abd lymph nodes","Lymphocyte-rich Hodgkin lymphoma, intra-abd lymph nodes"
2017,C8144,C81.44,true,"Lymphocyte-rich classical Hodgkin lymphoma, lymph nodes of axilla and upper limb","Lymphocyte-rich Hodgkin lymphoma, lymph nodes of axilla and upper limb","Lymp-rich class Hdgkn lymph, nodes of axilla and upper limb","Lymp-rich Hodgkin lymphoma, nodes of axilla and upper limb"
2017,C8145,C81.45,true,"Lymphocyte-rich classical Hodgkin lymphoma, lymph nodes of inguinal region and lower limb","Lymphocyte-rich Hodgkin lymphoma, lymph nodes of inguinal region and lower limb","Lymp-rich class Hdgkn lymph, nodes of ing rgn and lower limb","Lymp-rich Hodgkin lymph, nodes of ing region and lower limb"
2017,C8146,C81.46,true,"Lymphocyte-rich classical Hodgkin lymphoma, intrapelvic lymph nodes","Lymphocyte-rich Hodgkin lymphoma, intrapelvic lymph nodes","Lymp-rich classical Hodgkin lymphoma, intrapelv lymph nodes","Lymphocyte-rich Hodgkin lymphoma, intrapelvic lymph nodes"
2017,C8147,C81.47,true,"Lymphocyte-rich classical Hodgkin lymphoma, spleen","Lymphocyte-rich Hodgkin lymphoma, spleen","Lymphocyte-rich classical Hodgkin lymphoma, spleen","Lymphocyte-rich Hodgkin lymphoma, spleen"
2017,C8148,C81.48,true,"Lymphocyte-rich classical Hodgkin lymphoma, lymph nodes of multiple sites","Lymphocyte-rich Hodgkin lymphoma, lymph nodes of multiple sites","Lymp-rich classical Hodgkin lymphoma, lymph nodes mult site","Lymphocyte-rich Hodgkin lymphoma, lymph nodes mult site"
2017,C8149,C81.49,true,"Lymphocyte-rich classical Hodgkin lymphoma, extranodal and solid organ sites","Lymphocyte-rich Hodgkin lymphoma, extranodal and solid organ sites","Lymp-rich class Hodgkin lymph, extrnod and solid organ sites","Lymp-rich Hodgkin lymphoma, extranodal and solid organ sites"
2017,C817,C81.7,false,Other classical Hodgkin lymphoma,Other Hodgkin lymphoma,Other classical Hodgkin lymphoma,Other Hodgkin lymphoma
2017,C8170,C81.70,true,"Other classical Hodgkin lymphoma, unspecified site","Other Hodgkin lymphoma, unspecified site","Other classical Hodgkin lymphoma, unspecified site","Other Hodgkin lymphoma, unspecified site"
2017,C8171,C81.71,true,"Other classical Hodgkin lymphoma, lymph nodes of head, face, and neck","Other Hodgkin lymphoma, lymph nodes of head, face, and neck","Oth class Hodgkin lymphoma, nodes of head, face, and neck","Other Hodgkin lymphoma, lymph nodes of head, face, and neck"
2017,C8172,C81.72,true,"Other classical Hodgkin lymphoma, intrathoracic lymph nodes","Other Hodgkin lymphoma, intrathoracic lymph nodes","Other classical Hodgkin lymphoma, intrathoracic lymph nodes","Other Hodgkin lymphoma, intrathoracic lymph nodes"
2017,C8173,C81.73,true,"Other classical Hodgkin lymphoma, intra-abdominal lymph nodes","Other Hodgkin lymphoma, intra-abdominal lymph nodes","Oth classical Hodgkin lymphoma, intra-abdominal lymph nodes","Other Hodgkin lymphoma, intra-abdominal lymph nodes"
2017,C8174,C81.74,true,"Other classical Hodgkin lymphoma, lymph nodes of axilla and upper limb","Other Hodgkin lymphoma, lymph nodes of axilla and upper limb","Oth class Hodgkin lymphoma, nodes of axilla and upper limb","Other Hodgkin lymphoma, lymph nodes of axilla and upper limb"
2017,C8175,C81.75,true,"Other classical Hodgkin lymphoma, lymph nodes of inguinal region and lower limb","Other Hodgkin lymphoma, lymph nodes of inguinal region and lower limb","Oth class Hodgkin lymph, nodes of ing region and lower limb","Other Hodgkin lymphoma, nodes of ing region and lower limb"
2017,C8176,C81.76,true,"Other classical Hodgkin lymphoma, intrapelvic lymph nodes","Other Hodgkin lymphoma, intrapelvic lymph nodes","Other classical Hodgkin lymphoma, intrapelvic lymph nodes","Other Hodgkin lymphoma, intrapelvic lymph nodes"
2017,C8177,C81.77,true,"Other classical Hodgkin lymphoma, spleen","Other Hodgkin lymphoma, spleen","Other classical Hodgkin lymphoma, spleen","Other Hodgkin lymphoma, spleen"
2017,C8178,C81.78,true,"Other classical Hodgkin lymphoma, lymph nodes of multiple sites","Other Hodgkin lymphoma, lymph nodes of multiple sites","Oth classical Hodgkin lymphoma, lymph nodes mult site","Other Hodgkin lymphoma, lymph nodes of multiple sites"
2017,C8179,C81.79,true,"Other classical Hodgkin lymphoma, extranodal and solid organ sites","Other Hodgkin lymphoma, extranodal and solid organ sites","Oth class Hodgkin lymphoma, extrnod and solid organ sites","Other Hodgkin lymphoma, extranodal and solid organ sites"
2017,D103,D10.3,false,Other and unspecified parts of mouth,Benign neoplasm of other and unspecified parts of mouth,Other and unspecified parts of mouth,Benign neoplasm of other and unspecified parts of mouth
2017,D3A094,D3A.094,true,Benign carcinoid tumor of the foregut NOS,"Benign carcinoid tumor of the foregut, unspecified",Benign carcinoid tumor of the foregut NOS,"Benign carcinoid tumor of the foregut, unspecified"
2017,D3A095,D3A.095,true,Benign carcinoid tumor of the midgut NOS,"Benign carcinoid tumor of the midgut, unspecified",Benign carcinoid tumor of the midgut NOS,"Benign carcinoid tumor of the midgut, unspecified"
2017,D3A096,D3A.096,true,Benign carcinoid tumor of the hindgut NOS,"Benign carcinoid tumor of the hindgut, unspecified",Benign carcinoid tumor of the hindgut NOS,"Benign carcinoid tumor of the hindgut, unspecified"
2017,D462,D46.2,false,Refractory anemia with excess of blasts,Refractory anemia with excess of blasts [RAEB],Refractory anemia with excess of blasts,Refractory anemia with excess of blasts [RAEB]
2017,D782,D78.2,false,Postprocedural hemorrhage and hematoma of the spleen following a procedure,Postprocedural hemorrhage of the spleen following a procedure,Postproc hemor/hemtom of the spleen following a procedure,Postproc hemorrhage of the spleen following a procedure
2017,D7821,D78.21,true,Postprocedural hemorrhage and hematoma of the spleen following a procedure on the spleen,Postprocedural hemorrhage of the spleen following a procedure on the spleen,Postprocedural hemor/hemtom of the spleen fol proc on spleen,Postprocedural hemorrhage of the spleen fol proc on spleen
2017,D7822,D78.22,true,Postprocedural hemorrhage and hematoma of the spleen following other procedure,Postprocedural hemorrhage of the spleen following other procedure,Postproc hemor/hemtom of the spleen following oth procedure,Postproc hemorrhage of the spleen following other procedure
2017,E8981,E89.81,false,Postprocedural hemorrhage and hematoma of an endocrine system organ or structure following a procedure,Postprocedural hemorrhage of an endocrine system organ or structure following a procedure,Postproc hemor/hemtom of an endo sys org fol a procedure,Postproc hemorrhage of an endo sys org following a procedure
2017,E89810,E89.810,true,Postprocedural hemorrhage and hematoma of an endocrine system organ or structure following an endocrine system procedure,Postprocedural hemorrhage of an endocrine system organ or structure following an endocrine system procedure,Postproc hemor/hemtom of endo sys org fol an endo sys proc,Postproc hemor of an endo sys org fol an endo sys procedure
2017,E89811,E89.811,true,Postprocedural hemorrhage and hematoma of an endocrine system organ or structure following other procedure,Postprocedural hemorrhage of an endocrine system organ or structure following other procedure,Postproc hemor/hemtom of an endo sys org fol oth procedure,Postproc hemor of an endo sys org following other procedure
2017,F641,F64.1,true,Gender identity disorder in adolescence and adulthood,Dual role transvestism,Gender identity disorder in adolescence and adulthood,Dual role transvestism
2017,G975,G97.5,false,Postprocedural hemorrhage and hematoma of a nervous system organ or structure following a procedure,Postprocedural hemorrhage of a nervous system organ or structure following a procedure,Postproc hemor/hemtom of a nervous sys org fol a procedure,Postproc hemor of a nervous sys org following a procedure
2017,G9751,G97.51,true,Postprocedural hemorrhage and hematoma of a nervous system organ or structure following a nervous system procedure,Postprocedural hemorrhage of a nervous system organ or structure following a nervous system procedure,Postproc hemor/hemtom of a nrv sys org fol a nrv sys proc,Postproc hemor of a nervous sys org fol a nervous sys proc
2017,G9752,G97.52,true,Postprocedural hemorrhage and hematoma of a nervous system organ or structure following other procedure,Postprocedural hemorrhage of a nervous system organ or structure following other procedure,Postproc hemor/hemtom of a nervous sys org fol oth procedure,Postproc hemor of a nervous sys org fol other procedure
2017,H593,H59.3,false,Postprocedural hemorrhage and hematoma of eye and adnexa following a procedure,"Postprocedural hemorrhage, hematoma, and seroma of eye and adnexa following a procedure",Postproc hemor/hemtom of eye and adnexa fol a procedure,"Postp hemor, hematoma, and seroma of eye and adnx fol a proc"
2017,H5931,H59.31,false,Postprocedural hemorrhage and hematoma of eye and adnexa following an ophthalmic procedure,Postprocedural hemorrhage of eye and adnexa following an ophthalmic procedure,Postproc hemor/hemtom of eye and adnexa fol an opth proc,Postproc hemor of eye and adnexa following an opth procedure
2017,H59311,H59.311,true,Postprocedural hemorrhage and hematoma of right eye and adnexa following an ophthalmic procedure,Postprocedural hemorrhage of right eye and adnexa following an ophthalmic procedure,Postproc hemor/hemtom of r eye and adnexa fol an opth proc,Postproc hemor of right eye and adnexa fol an opth procedure
2017,H59312,H59.312,true,Postprocedural hemorrhage and hematoma of left eye and adnexa following an ophthalmic procedure,Postprocedural hemorrhage of left eye and adnexa following an ophthalmic procedure,Postproc hemor/hemtom of l eye and adnexa fol an opth proc,Postproc hemor of left eye and adnexa fol an opth procedure
2017,H59313,H59.313,true,"Postprocedural hemorrhage and hematoma of eye and adnexa following an ophthalmic procedure, bilateral","Postprocedural hemorrhage of eye and adnexa following an ophthalmic procedure, bilateral","Postproc hemor/hemtom of eye and adnexa fol an opth proc, bi","Postproc hemor of eye and adnexa fol an opth procedure, bi"
2017,H59319,H59.319,true,Postprocedural hemorrhage and hematoma of unspecified eye and adnexa following an ophthalmic procedure,Postprocedural hemorrhage of unspecified eye and adnexa following an ophthalmic procedure,Postproc hemor/hemtom of unsp eye and adnx fol an opth proc,Postproc hemor of unsp and adnexa fol an opth procedure
2017,H5932,H59.32,false,Postprocedural hemorrhage and hematoma of eye and adnexa following other procedure,Postprocedural hemorrhage of eye and adnexa following other procedure,Postproc hemor/hemtom of eye and adnexa fol oth procedure,Postproc hemor of eye and adnexa following other procedure
2017,H59321,H59.321,true,Postprocedural hemorrhage and hematoma of right eye and adnexa following other procedure,Postprocedural hemorrhage of right eye and adnexa following other procedure,Postproc hemor/hemtom of right eye and adnexa fol oth proc,Postproc hemor of right eye and adnexa fol other procedure
2017,H59322,H59.322,true,Postprocedural hemorrhage and hematoma of left eye and adnexa following other procedure,Postprocedural hemorrhage of left eye and adnexa following other procedure,Postproc hemor/hemtom of left eye and adnexa fol oth proc,Postproc hemor of left eye and adnexa fol other procedure
2017,H59323,H59.323,true,"Postprocedural hemorrhage and hematoma of eye and adnexa following other procedure, bilateral","Postprocedural hemorrhage of eye and adnexa following other procedure, bilateral","Postproc hemor/hemtom of eye and adnexa fol oth proc, bi","Postproc hemor of eye and adnexa fol other procedure, bi"
2017,H59329,H59.329,true,Postprocedural hemorrhage and hematoma of unspecified eye and adnexa following other procedure,Postprocedural hemorrhage of unspecified eye and adnexa following other procedure,Postproc hemor/hemtom of unsp eye and adnexa fol oth proc,Postproc hemor of unsp and adnexa following other procedure
2017,H954,H95.4,false,Postprocedural hemorrhage and hematoma of ear and mastoid process following a procedure,Postprocedural hemorrhage of ear and mastoid process following a procedure,Postproc hemor/hemtom of ear/mastd following a procedure,Postprocedural hemorrhage of ear/mastd following a procedure
2017,H9541,H95.41,true,Postprocedural hemorrhage and hematoma of ear and mastoid process following a procedure on the ear and mastoid process,Postprocedural hemorrhage of ear and mastoid process following a procedure on the ear and mastoid process,Postproc hemor/hemtom of ear/mastd fol proc on ear/mastd,Postprocedural hemorrhage of ear/mastd fol proc on ear/mastd
2017,H9542,H95.42,true,Postprocedural hemorrhage and hematoma of ear and mastoid process following other procedure,Postprocedural hemorrhage of ear and mastoid process following other procedure,Postproc hemor/hemtom of ear/mastd following oth procedure,Postproc hemorrhage of ear/mastd following other procedure
2017,I7779,I77.79,true,Dissection of other artery,Dissection of other specified artery,Dissection of other artery,Dissection of other specified artery
2017,I976,I97.6,false,Postprocedural hemorrhage and hematoma of a circulatory system organ or structure following a procedure,"Postprocedural hemorrhage, hematoma and seroma of a circulatory system organ or structure following a procedure",Postproc hemor/hemtom of a circ sys org fol a procedure,"Postp hemor, hematoma and seroma of circ sys org fol a proc"
2017,I9761,I97.61,false,Postprocedural hemorrhage and hematoma of a circulatory system organ or structure following a circulatory system procedure,Postprocedural hemorrhage of a circulatory system organ or structure following a circulatory system procedure,Postproc hemor/hemtom of a circ sys org fol a circ sys proc,Postproc hemor of a circ sys org fol a circ sys procedure
2017,I97610,I97.610,true,Postprocedural hemorrhage and hematoma of a circulatory system organ or structure following a cardiac catheterization,Postprocedural hemorrhage of a circulatory system organ or structure following a cardiac catheterization,Postproc hemor/hemtom of a circ sys org fol a cardiac cath,Postproc hemor of a circ sys org following a cardiac cath
2017,I97611,I97.611,true,Postprocedural hemorrhage and hematoma of a circulatory system organ or structure following cardiac bypass,Postprocedural hemorrhage of a circulatory system organ or structure following cardiac bypass,Postproc hemor/hemtom of a circ sys org fol cardiac bypass,Postproc hemor of a circ sys org following cardiac bypass
2017,I97618,I97.618,true,Postprocedural hemorrhage and hematoma of a circulatory system organ or structure following other circulatory system procedure,Postprocedural hemorrhage of a circulatory system organ or structure following other circulatory system procedure,Postproc hemor/hemtom of circ sys org fol oth circ sys proc,Postproc hemor of a circ sys org fol other circ sys proc
2017,I9762,I97.62,false,Postprocedural hemorrhage and hematoma of a circulatory system organ or structure following other procedure,"Postprocedural hemorrhage, hematoma and seroma of a circulatory system organ or structure following other procedure",Postproc hemor/hemtom of a circ sys org fol oth procedure,"Postp hemor, hematoma & seroma of circ sys org fol oth proc"
2017,I97820,I97.820,true,Postprocedural cerebrovascular infarction during cardiac surgery,Postprocedural cerebrovascular infarction following cardiac surgery,Postprocedural cerebvasc infarction during cardiac surgery,Postproc cerebvasc infarction following cardiac surgery
2017,I97821,I97.821,true,Postprocedural cerebrovascular infarction during other surgery,Postprocedural cerebrovascular infarction following other surgery,Postprocedural cerebrovascular infarction during oth surgery,Postprocedural cerebvasc infarction following other surgery
2017,J9583,J95.83,false,Postprocedural hemorrhage and hematoma of a respiratory system organ or structure following a procedure,Postprocedural hemorrhage of a respiratory system organ or structure following a procedure,Postproc hemor/hemtom of a resp sys org fol a procedure,Postproc hemorrhage of a resp sys org following a procedure
2017,J95830,J95.830,true,Postprocedural hemorrhage and hematoma of a respiratory system organ or structure following a respiratory system procedure,Postprocedural hemorrhage of a respiratory system organ or structure following a respiratory system procedure,Postproc hemor/hemtom of a resp sys org fol a resp sys proc,Postproc hemor of a resp sys org fol a resp sys procedure
2017,J95831,J95.831,true,Postprocedural hemorrhage and hematoma of a respiratory system organ or structure following other procedure,Postprocedural hemorrhage of a respiratory system organ or structure following other procedure,Postproc hemor/hemtom of a resp sys org fol oth procedure,Postproc hemor of a resp sys org following other procedure
2017,K904,K90.4,false,"Malabsorption due to intolerance, not elsewhere classified",Other malabsorption due to intolerance,"Malabsorption due to intolerance, not elsewhere classified",Other malabsorption due to intolerance
2017,K9161,K91.61,true,Intraoperative hemorrhage and hematoma of a digestive system organ or structure complicating a digestive sytem procedure,Intraoperative hemorrhage and hematoma of a digestive system organ or structure complicating a digestive system procedure,Intraop hemor/hemtom of dgstv sys org comp a dgstv sys proc,Intraop hemor/hemtom of dgstv sys org comp a dgstv sys proc
2017,K9184,K91.84,false,Postprocedural hemorrhage and hematoma of a digestive system organ or structure following a procedure,Postprocedural hemorrhage of a digestive system organ or structure following a procedure,Postproc hemor/hemtom of a dgstv sys org fol a procedure,Postproc hemorrhage of a dgstv sys org following a procedure
2017,K91840,K91.840,true,Postprocedural hemorrhage and hematoma of a digestive system organ or structure following a digestive system procedure,Postprocedural hemorrhage of a digestive system organ or structure following a digestive system procedure,Postproc hemor/hemtom of dgstv sys org fol a dgstv sys proc,Postproc hemor of a dgstv sys org fol a dgstv sys procedure
2017,K91841,K91.841,true,Postprocedural hemorrhage and hematoma of a digestive system organ or structure following other procedure,Postprocedural hemorrhage of a digestive system organ or structure following other procedure,Postproc hemor/hemtom of a dgstv sys org fol oth procedure,Postproc hemor of a dgstv sys org following other procedure
2017,L705,L70.5,true,Acne excoriee des jeunes filles,Acne excoriee,Acne excoriee des jeunes filles,Acne excoriee
2017,L762,L76.2,false,Postprocedural hemorrhage and hematoma of skin and subcutaneous tissue following a procedure,Postprocedural hemorrhage of skin and subcutaneous tissue following a procedure,"Postproc hemor/hemtom of skin, subcu following a procedure","Postproc hemorrhage of skin, subcu following a procedure"
2017,L7621,L76.21,true,Postprocedural hemorrhage and hematoma of skin and subcutaneous tissue following a dermatologic procedure,Postprocedural hemorrhage of skin and subcutaneous tissue following a dermatologic procedure,"Postproc hemor/hemtom of skin, subcu fol a dermatologic proc","Postproc hemor of skin, subcu fol a dermatologic procedure"
2017,L7622,L76.22,true,Postprocedural hemorrhage and hematoma of skin and subcutaneous tissue following other procedure,Postprocedural hemorrhage of skin and subcutaneous tissue following other procedure,"Postproc hemor/hemtom of skin, subcu following oth procedure","Postproc hemorrhage of skin, subcu following other procedure"
2017,M9683,M96.83,false,Postprocedural hemorrhage and hematoma of a musculoskeletal structure following a procedure,Postprocedural hemorrhage of a musculoskeletal structure following a procedure,Postproc hemor/hemtom of a ms structure fol a procedure,Postproc hemorrhage of a ms structure following a procedure
2017,M96830,M96.830,true,Postprocedural hemorrhage and hematoma of a musculoskeletal structure following a musculoskeletal system procedure,Postprocedural hemorrhage of a musculoskeletal structure following a musculoskeletal system procedure,Postproc hemor/hemtom of a ms structure fol a ms sys proc,Postproc hemor of a ms structure fol a ms sys procedure
2017,M96831,M96.831,true,Postprocedural hemorrhage and hematoma of a musculoskeletal structure following other procedure,Postprocedural hemorrhage of a musculoskeletal structure following other procedure,Postproc hemor/hemtom of a ms structure fol oth procedure,Postproc hemor of a ms structure following other procedure
2017,N10,N10,true,Acute tubulo-interstitial nephritis,Acute pyelonephritis,Acute tubulo-interstitial nephritis,Acute pyelonephritis
2017,N40,N40,false,Enlarged prostate,Benign prostatic hyperplasia,Enlarged prostate,Benign prostatic hyperplasia
2017,N400,N40.0,true,Enlarged prostate without lower urinary tract symptoms,Benign prostatic hyperplasia without lower urinary tract symptoms,Enlarged prostate without lower urinary tract symptoms,Benign prostatic hyperplasia without lower urinry tract symp
2017,N401,N40.1,true,Enlarged prostate with lower urinary tract symptoms,Benign prostatic hyperplasia with lower urinary tract symptoms,Enlarged prostate with lower urinary tract symptoms,Benign prostatic hyperplasia with lower urinary tract symp
2017,N523,N52.3,false,Post-surgical erectile dysfunction,Postprocedural erectile dysfunction,Post-surgical erectile dysfunction,Postprocedural erectile dysfunction
2017,N5239,N52.39,true,Other post-surgical erectile dysfunction,Other and unspecified postprocedural erectile dysfunction,Other post-surgical erectile dysfunction,Other and unspecified postprocedural erectile dysfunction
2017,N99113,N99.113,true,Postprocedural anterior urethral stricture,Postprocedural anterior bulbous urethral stricture,Postprocedural anterior urethral stricture,Postprocedural anterior bulbous urethral stricture
2017,N9952,N99.52,false,Complication of other external stoma of urinary tract,Complication of incontinent external stoma of urinary tract,Complication of other external stoma of urinary tract,Complication of incontinent external stoma of urinary tract
2017,N99520,N99.520,true,Hemorrhage of other external stoma of urinary tract,Hemorrhage of incontinent external stoma of urinary tract,Hemorrhage of other external stoma of urinary tract,Hemorrhage of incontinent external stoma of urinary tract
2017,N99521,N99.521,true,Infection of other external stoma of urinary tract,Infection of incontinent external stoma of urinary tract,Infection of other external stoma of urinary tract,Infection of incontinent external stoma of urinary tract
2017,N99522,N99.522,true,Malfunction of other external stoma of urinary tract,Malfunction of incontinent external stoma of urinary tract,Malfunction of other external stoma of urinary tract,Malfunction of incontinent external stoma of urinary tract
2017,N99528,N99.528,true,Other complication of other external stoma of urinary tract,Other complication of incontinent external stoma of urinary tract,Other complication of other external stoma of urinary tract,Other comp of incontinent external stoma of urinary tract
2017,N9953,N99.53,false,Complication of other stoma of urinary tract,Complication of continent stoma of urinary tract,Complication of other stoma of urinary tract,Complication of continent stoma of urinary tract
2017,N99530,N99.530,true,Hemorrhage of other stoma of urinary tract,Hemorrhage of continent stoma of urinary tract,Hemorrhage of other stoma of urinary tract,Hemorrhage of continent stoma of urinary tract
2017,N99531,N99.531,true,Infection of other stoma of urinary tract,Infection of continent stoma of urinary tract,Infection of other stoma of urinary tract,Infection of continent stoma of urinary tract
2017,N99532,N99.532,true,Malfunction of other stoma of urinary tract,Malfunction of continent stoma of urinary tract,Malfunction of other stoma of urinary tract,Malfunction of continent stoma of urinary tract
2017,N99538,N99.538,true,Other complication of other stoma of urinary tract,Other complication of continent stoma of urinary tract,Other complication of other stoma of urinary tract,Other complication of continent stoma of urinary tract
2017,N9982,N99.82,false,Postprocedural hemorrhage and hematoma of a genitourinary system organ or structure following a procedure,Postprocedural hemorrhage of a genitourinary system organ or structure following a procedure,Postproc hemor/hemtom of a GU sys org following a procedure,Postproc hemorrhage of a GU sys org following a procedure
2017,N99820,N99.820,true,Postprocedural hemorrhage and hematoma of a genitourinary system organ or structure following a genitourinary system procedure,Postprocedural hemorrhage of a genitourinary system organ or structure following a genitourinary system procedure,Postproc hemor/hemtom of a GU sys org fol a GU sys procedure,Postproc hemor of a GU sys org following a GU sys procedure
2017,N99821,N99.821,true,Postprocedural hemorrhage and hematoma of a genitourinary system organ or structure following other procedure,Postprocedural hemorrhage of a genitourinary system organ or structure following other procedure,Postproc hemor/hemtom of a GU sys org fol oth procedure,Postproc hemor of a GU sys org following other procedure
2017,O091,O09.1,false,Supervision of pregnancy with history of ectopic or molar pregnancy,Supervision of pregnancy with history of ectopic pregnancy,Suprvsn of pregnancy w history of ectopic or molar pregnancy,Supervision of pregnancy with history of ectopic pregnancy
2017,O0910,O09.10,true,"Supervision of pregnancy with history of ectopic or molar pregnancy, unspecified trimester","Supervision of pregnancy with history of ectopic pregnancy, unspecified trimester","Suprvsn of preg w history of ectopic or molar preg, unsp tri","Suprvsn of preg with history of ectopic preg, unsp trimester"
2017,O0911,O09.11,true,"Supervision of pregnancy with history of ectopic or molar pregnancy, first trimester","Supervision of pregnancy with history of ectopic pregnancy, first trimester","Suprvsn of preg w history of ect or molar preg, first tri","Suprvsn of preg with history of ectopic preg, first tri"
2017,O0912,O09.12,true,"Supervision of pregnancy with history of ectopic or molar pregnancy, second trimester","Supervision of pregnancy with history of ectopic pregnancy, second trimester","Suprvsn of preg w history of ect or molar preg, second tri","Suprvsn of preg with history of ectopic preg, second tri"
2017,O0913,O09.13,true,"Supervision of pregnancy with history of ectopic or molar pregnancy, third trimester","Supervision of pregnancy with history of ectopic pregnancy, third trimester","Suprvsn of preg w history of ect or molar preg, third tri","Suprvsn of preg with history of ectopic preg, third tri"
2017,O150,O15.0,false,Eclampsia in pregnancy,Eclampsia complicating pregnancy,Eclampsia in pregnancy,Eclampsia complicating pregnancy
2017,O1500,O15.00,true,"Eclampsia in pregnancy, unspecified trimester","Eclampsia complicating pregnancy, unspecified trimester","Eclampsia in pregnancy, unspecified trimester","Eclampsia complicating pregnancy, unspecified trimester"
2017,O1502,O15.02,true,"Eclampsia in pregnancy, second trimester","Eclampsia complicating pregnancy, second trimester","Eclampsia in pregnancy, second trimester","Eclampsia complicating pregnancy, second trimester"
2017,O1503,O15.03,true,"Eclampsia in pregnancy, third trimester","Eclampsia complicating pregnancy, third trimester","Eclampsia in pregnancy, third trimester","Eclampsia complicating pregnancy, third trimester"
2017,O151,O15.1,true,Eclampsia in labor,Eclampsia complicating labor,Eclampsia in labor,Eclampsia complicating labor
2017,O152,O15.2,true,Eclampsia in the puerperium,Eclampsia complicating the puerperium,Eclampsia in the puerperium,Eclampsia complicating the puerperium
2017,O240,O24.0,false,"Pre-existing diabetes mellitus, type 1, in pregnancy, childbirth and the puerperium","Pre-existing type 1 diabetes mellitus, in pregnancy, childbirth and the puerperium","Pre-exist diabetes, type 1, in preg, chldbrth and the puerp","Pre-exist type 1 diabetes, in preg, chldbrth and the puerp"
2017,O2401,O24.01,false,"Pre-existing diabetes mellitus, type 1, in pregnancy","Pre-existing type 1 diabetes mellitus, in pregnancy","Pre-existing diabetes mellitus, type 1, in pregnancy","Pre-existing type 1 diabetes mellitus, in pregnancy"
2017,O24011,O24.011,true,"Pre-existing diabetes mellitus, type 1, in pregnancy, first trimester","Pre-existing type 1 diabetes mellitus, in pregnancy, first trimester","Pre-existing diabetes, type 1, in pregnancy, first trimester","Pre-existing type 1 diabetes, in pregnancy, first trimester"
2017,O24012,O24.012,true,"Pre-existing diabetes mellitus, type 1, in pregnancy, second trimester","Pre-existing type 1 diabetes mellitus, in pregnancy, second trimester","Pre-exist diabetes, type 1, in pregnancy, second trimester","Pre-existing type 1 diabetes, in pregnancy, second trimester"
2017,O24013,O24.013,true,"Pre-existing diabetes mellitus, type 1, in pregnancy, third trimester","Pre-existing type 1 diabetes mellitus, in pregnancy, third trimester","Pre-existing diabetes, type 1, in pregnancy, third trimester","Pre-existing type 1 diabetes, in pregnancy, third trimester"
2017,O24019,O24.019,true,"Pre-existing diabetes mellitus, type 1, in pregnancy, unspecified trimester","Pre-existing type 1 diabetes mellitus, in pregnancy, unspecified trimester","Pre-existing diabetes, type 1, in pregnancy, unsp trimester","Pre-exist type 1 diabetes, in pregnancy, unsp trimester"
2017,O2402,O24.02,true,"Pre-existing diabetes mellitus, type 1, in childbirth","Pre-existing type 1 diabetes mellitus, in childbirth","Pre-existing diabetes mellitus, type 1, in childbirth","Pre-existing type 1 diabetes mellitus, in childbirth"
2017,O2403,O24.03,true,"Pre-existing diabetes mellitus, type 1, in the puerperium","Pre-existing type 1 diabetes mellitus, in the puerperium","Pre-existing diabetes mellitus, type 1, in the puerperium","Pre-existing type 1 diabetes mellitus, in the puerperium"
2017,O241,O24.1,false,"Pre-existing diabetes mellitus, type 2, in pregnancy, childbirth and the puerperium","Pre-existing type 2 diabetes mellitus, in pregnancy, childbirth and the puerperium","Pre-exist diabetes, type 2, in preg, chldbrth and the puerp","Pre-exist type 2 diabetes, in preg, chldbrth and the puerp"
2017,O2411,O24.11,false,"Pre-existing diabetes mellitus, type 2, in pregnancy","Pre-existing type 2 diabetes mellitus, in pregnancy","Pre-existing diabetes mellitus, type 2, in pregnancy","Pre-existing type 2 diabetes mellitus, in pregnancy"
2017,O24111,O24.111,true,"Pre-existing diabetes mellitus, type 2, in pregnancy, first trimester","Pre-existing type 2 diabetes mellitus, in pregnancy, first trimester","Pre-existing diabetes, type 2, in pregnancy, first trimester","Pre-existing type 2 diabetes, in pregnancy, first trimester"
2017,O24112,O24.112,true,"Pre-existing diabetes mellitus, type 2, in pregnancy, second trimester","Pre-existing type 2 diabetes mellitus, in pregnancy, second trimester","Pre-exist diabetes, type 2, in pregnancy, second trimester","Pre-existing type 2 diabetes, in pregnancy, second trimester"
2017,O24113,O24.113,true,"Pre-existing diabetes mellitus, type 2, in pregnancy, third trimester","Pre-existing type 2 diabetes mellitus, in pregnancy, third trimester","Pre-existing diabetes, type 2, in pregnancy, third trimester","Pre-existing type 2 diabetes, in pregnancy, third trimester"
2017,O24119,O24.119,true,"Pre-existing diabetes mellitus, type 2, in pregnancy, unspecified trimester","Pre-existing type 2 diabetes mellitus, in pregnancy, unspecified trimester","Pre-existing diabetes, type 2, in pregnancy, unsp trimester","Pre-exist type 2 diabetes, in pregnancy, unsp trimester"
2017,O2412,O24.12,true,"Pre-existing diabetes mellitus, type 2, in childbirth","Pre-existing type 2 diabetes mellitus, in childbirth","Pre-existing diabetes mellitus, type 2, in childbirth","Pre-existing type 2 diabetes mellitus, in childbirth"
2017,O2413,O24.13,true,"Pre-existing diabetes mellitus, type 2, in the puerperium","Pre-existing type 2 diabetes mellitus, in the puerperium","Pre-existing diabetes mellitus, type 2, in the puerperium","Pre-existing type 2 diabetes mellitus, in the puerperium"
2017,O440,O44.0,false,Placenta previa specified as without hemorrhage,Complete placenta previa NOS or without hemorrhage,Placenta previa specified as without hemorrhage,Complete placenta previa NOS or without hemorrhage
2017,O4400,O44.00,true,"Placenta previa specified as without hemorrhage, unspecified trimester","Complete placenta previa NOS or without hemorrhage, unspecified trimester","Placenta previa specified as w/o hemorrhage, unsp trimester","Complete placenta previa NOS or without hemor, unsp tri"
2017,O4401,O44.01,true,"Placenta previa specified as without hemorrhage, first trimester","Complete placenta previa NOS or without hemorrhage, first trimester","Placenta previa specified as w/o hemorrhage, first trimester","Complete placenta previa NOS or without hemor, first tri"
2017,O4402,O44.02,true,"Placenta previa specified as without hemorrhage, second trimester","Complete placenta previa NOS or without hemorrhage, second trimester","Placenta previa specified as w/o hemor, second trimester","Complete placenta previa NOS or without hemor, second tri"
2017,O4403,O44.03,true,"Placenta previa specified as without hemorrhage, third trimester","Complete placenta previa NOS or without hemorrhage, third trimester","Placenta previa specified as w/o hemorrhage, third trimester","Complete placenta previa NOS or without hemor, third tri"
2017,O441,O44.1,false,Placenta previa with hemorrhage,Complete placenta previa with hemorrhage,Placenta previa with hemorrhage,Complete placenta previa with hemorrhage
2017,O4410,O44.10,true,"Placenta previa with hemorrhage, unspecified trimester","Complete placenta previa with hemorrhage, unspecified trimester","Placenta previa with hemorrhage, unspecified trimester","Complete placenta previa with hemorrhage, unsp trimester"
2017,O4411,O44.11,true,"Placenta previa with hemorrhage, first trimester","Complete placenta previa with hemorrhage, first trimester","Placenta previa with hemorrhage, first trimester","Complete placenta previa with hemorrhage, first trimester"
2017,O4412,O44.12,true,"Placenta previa with hemorrhage, second trimester","Complete placenta previa with hemorrhage, second trimester","Placenta previa with hemorrhage, second trimester","Complete placenta previa with hemorrhage, second trimester"
2017,O4413,O44.13,true,"Placenta previa with hemorrhage, third trimester","Complete placenta previa with hemorrhage, third trimester","Placenta previa with hemorrhage, third trimester","Complete placenta previa with hemorrhage, third trimester"
2017,O9933,O99.33,false,"Smoking (tobacco) complicating pregnancy, childbirth, and the puerperium","Tobacco use disorder complicating pregnancy, childbirth, and the puerperium","Smoking (tobacco) comp pregnancy, chldbrth, and the puerp","Tobacco use disorder comp pregnancy, chldbrth, and the puerp"
2017,P00,P00,false,Newborn (suspected to be) affected by maternal conditions that may be unrelated to present pregnancy,Newborn affected by maternal conditions that may be unrelated to present pregnancy,NB aff by matern cond that may be unrelated to present preg,NB aff by matern cond that may be unrelated to present preg
2017,P000,P00.0,true,Newborn (suspected to be) affected by maternal hypertensive disorders,Newborn affected by maternal hypertensive disorders,Newborn affected by maternal hypertensive disorders,Newborn affected by maternal hypertensive disorders
2017,P001,P00.1,true,Newborn (suspected to be) affected by maternal renal and urinary tract diseases,Newborn affected by maternal renal and urinary tract diseases,Newborn aff by maternal renal and urinary tract diseases,Newborn aff by maternal renal and urinary tract diseases
2017,P002,P00.2,true,Newborn (suspected to be) affected by maternal infectious and parasitic diseases,Newborn affected by maternal infectious and parasitic diseases,Newborn affected by maternal infec/parastc diseases,Newborn affected by maternal infec/parastc diseases
2017,P003,P00.3,true,Newborn (suspected to be) affected by other maternal circulatory and respiratory diseases,Newborn affected by other maternal circulatory and respiratory diseases,Newborn affected by oth maternal circ and resp diseases,Newborn affected by other maternal circ and resp diseases
2017,P004,P00.4,true,Newborn (suspected to be) affected by maternal nutritional disorders,Newborn affected by maternal nutritional disorders,Newborn affected by maternal nutritional disorders,Newborn affected by maternal nutritional disorders
2017,P005,P00.5,true,Newborn (suspected to be) affected by maternal injury,Newborn affected by maternal injury,Newborn (suspected to be) affected by maternal injury,Newborn affected by maternal injury
2017,P006,P00.6,true,Newborn (suspected to be) affected by surgical procedure on mother,Newborn affected by surgical procedure on mother,Newborn affected by surgical procedure on mother,Newborn affected by surgical procedure on mother
2017,P007,P00.7,true,"Newborn (suspected to be) affected by other medical procedures on mother, not elsewhere classified","Newborn affected by other medical procedures on mother, not elsewhere classified","Newborn affected by oth medical procedures on mother, NEC","Newborn affected by other medical procedures on mother, NEC"
2017,P008,P00.8,false,Newborn (suspected to be) affected by other maternal conditions,Newborn affected by other maternal conditions,Newborn affected by oth maternal conditions,Newborn affected by other maternal conditions
2017,P0081,P00.81,true,Newborn (suspected to be) affected by periodontal disease in mother,Newborn affected by periodontal disease in mother,Newborn affected by periodontal disease in mother,Newborn affected by periodontal disease in mother
2017,P0089,P00.89,true,Newborn (suspected to be) affected by other maternal conditions,Newborn affected by other maternal conditions,Newborn affected by oth maternal conditions,Newborn affected by other maternal conditions
2017,P009,P00.9,true,Newborn (suspected to be) affected by unspecified maternal condition,Newborn affected by unspecified maternal condition,Newborn affected by unsp maternal condition,Newborn affected by unspecified maternal condition
2017,P01,P01,false,Newborn (suspected to be) affected by maternal complications of pregnancy,Newborn affected by maternal complications of pregnancy,Newborn affected by maternal complications of pregnancy,Newborn affected by maternal complications of pregnancy
2017,P010,P01.0,true,Newborn (suspected to be) affected by incompetent cervix,Newborn affected by incompetent cervix,Newborn (suspected to be) affected by incompetent cervix,Newborn affected by incompetent cervix
2017,P011,P01.1,true,Newborn (suspected to be) affected by premature rupture of membranes,Newborn affected by premature rupture of membranes,Newborn (suspected to be) affected by premature ROM,Newborn affected by premature rupture of membranes
2017,P012,P01.2,true,Newborn (suspected to be) affected by oligohydramnios,Newborn affected by oligohydramnios,Newborn (suspected to be) affected by oligohydramnios,Newborn affected by oligohydramnios
2017,P013,P01.3,true,Newborn (suspected to be) affected by polyhydramnios,Newborn affected by polyhydramnios,Newborn (suspected to be) affected by polyhydramnios,Newborn affected by polyhydramnios
2017,P014,P01.4,true,Newborn (suspected to be) affected by ectopic pregnancy,Newborn affected by ectopic pregnancy,Newborn (suspected to be) affected by ectopic pregnancy,Newborn affected by ectopic pregnancy
2017,P015,P01.5,true,Newborn (suspected to be) affected by multiple pregnancy,Newborn affected by multiple pregnancy,Newborn (suspected to be) affected by multiple pregnancy,Newborn affected by multiple pregnancy
2017,P016,P01.6,true,Newborn (suspected to be) affected by maternal death,Newborn affected by maternal death,Newborn (suspected to be) affected by maternal death,Newborn affected by maternal death
2017,P017,P01.7,true,Newborn (suspected to be) affected by malpresentation before labor,Newborn affected by malpresentation before labor,Newborn affected by malpresentation before labor,Newborn affected by malpresentation before labor
2017,P018,P01.8,true,Newborn (suspected to be) affected by other maternal complications of pregnancy,Newborn affected by other maternal complications of pregnancy,Newborn affected by oth maternal complications of pregnancy,Newborn affected by other maternal comp of pregnancy
2017,P019,P01.9,true,"Newborn (suspected to be) affected by maternal complication of pregnancy, unspecified","Newborn affected by maternal complication of pregnancy, unspecified","Newborn affected by maternal complication of pregnancy, unsp","Newborn affected by maternal comp of pregnancy, unspecified"
2017,P02,P02,false,"Newborn (suspected to be) affected by complications of placenta, cord and membranes","Newborn affected by complications of placenta, cord and membranes","Newborn affected by comp of placenta, cord and membranes","Newborn affected by comp of placenta, cord and membranes"
2017,P020,P02.0,true,Newborn (suspected to be) affected by placenta previa,Newborn affected by placenta previa,Newborn (suspected to be) affected by placenta previa,Newborn affected by placenta previa
2017,P021,P02.1,true,Newborn (suspected to be) affected by other forms of placental separation and hemorrhage,Newborn affected by other forms of placental separation and hemorrhage,Newborn affected by oth placental separation and hemorrhage,Newborn affected by oth placental separation and hemorrhage
2017,P022,P02.2,false,Newborn (suspected to be) affected by other and unspecified morphological and functional abnormalities of placenta,Newborn affected by other and unspecified morphological and functional abnormalities of placenta,NB aff by oth and unsp morpholog and functn abnlt of plcnta,NB aff by oth and unsp morpholog and functn abnlt of plcnta
2017,P0220,P02.20,true,Newborn (suspected to be) affected by unspecified morphological and functional abnormalities of placenta,Newborn affected by unspecified morphological and functional abnormalities of placenta,Newborn aff by unsp morpholog and functn abnlt of placenta,Newborn aff by unsp morpholog and functn abnlt of placenta
2017,P0229,P02.29,true,Newborn (suspected to be) affected by other morphological and functional abnormalities of placenta,Newborn affected by other morphological and functional abnormalities of placenta,Newborn aff by oth morpholog and functn abnlt of placenta,Newborn aff by other morpholog and functn abnlt of placenta
2017,P023,P02.3,true,Newborn (suspected to be) affected by placental transfusion syndromes,Newborn affected by placental transfusion syndromes,Newborn affected by placental transfusion syndromes,Newborn affected by placental transfusion syndromes
2017,P024,P02.4,true,Newborn (suspected to be) affected by prolapsed cord,Newborn affected by prolapsed cord,Newborn (suspected to be) affected by prolapsed cord,Newborn affected by prolapsed cord
2017,P025,P02.5,true,Newborn (suspected to be) affected by other compression of umbilical cord,Newborn affected by other compression of umbilical cord,Newborn affected by oth compression of umbilical cord,Newborn affected by other compression of umbilical cord
2017,P026,P02.6,false,Newborn (suspected to be) affected by other and unspecified conditions of umbilical cord,Newborn affected by other and unspecified conditions of umbilical cord,Newborn affected by oth and unsp cond of umbilical cord,Newborn affected by other and unsp cond of umbilical cord
2017,P0260,P02.60,true,Newborn (suspected to be) affected by unspecified conditions of umbilical cord,Newborn affected by unspecified conditions of umbilical cord,Newborn affected by unsp conditions of umbilical cord,Newborn affected by unspecified conditions of umbilical cord
2017,P0269,P02.69,true,Newborn (suspected to be) affected by other conditions of umbilical cord,Newborn affected by other conditions of umbilical cord,Newborn affected by oth conditions of umbilical cord,Newborn affected by other conditions of umbilical cord
2017,P027,P02.7,true,Newborn (suspected to be) affected by chorioamnionitis,Newborn affected by chorioamnionitis,Newborn (suspected to be) affected by chorioamnionitis,Newborn affected by chorioamnionitis
2017,P028,P02.8,true,Newborn (suspected to be) affected by other abnormalities of membranes,Newborn affected by other abnormalities of membranes,Newborn affected by oth abnormalities of membranes,Newborn affected by other abnormalities of membranes
2017,P029,P02.9,true,"Newborn (suspected to be) affected by abnormality of membranes, unspecified","Newborn affected by abnormality of membranes, unspecified","Newborn affected by abnormality of membranes, unsp","Newborn affected by abnormality of membranes, unspecified"
2017,P03,P03,false,Newborn (suspected to be) affected by other complications of labor and delivery,Newborn affected by other complications of labor and delivery,Newborn affected by oth complications of labor and delivery,Newborn affected by other comp of labor and delivery
2017,P030,P03.0,true,Newborn (suspected to be) affected by breech delivery and extraction,Newborn affected by breech delivery and extraction,Newborn affected by breech delivery and extraction,Newborn affected by breech delivery and extraction
2017,P031,P03.1,true,"Newborn (suspected to be) affected by other malpresentation, malposition and disproportion during labor and delivery","Newborn affected by other malpresentation, malposition and disproportion during labor and delivery","NB aff by oth malpresent, malpos & disproprtn dur labr & del","NB aff by oth malpresent, malpos & disproprtn dur labr & del"
2017,P032,P03.2,true,Newborn (suspected to be) affected by forceps delivery,Newborn affected by forceps delivery,Newborn (suspected to be) affected by forceps delivery,Newborn affected by forceps delivery
2017,P033,P03.3,true,Newborn (suspected to be) affected by delivery by vacuum extractor [ventouse],Newborn affected by delivery by vacuum extractor [ventouse],Newborn affected by delivery by vacuum extractor,Newborn affected by delivery by vacuum extractor [ventouse]
2017,P034,P03.4,true,Newborn (suspected to be) affected by Cesarean delivery,Newborn affected by Cesarean delivery,Newborn (suspected to be) affected by Cesarean delivery,Newborn affected by Cesarean delivery
2017,P035,P03.5,true,Newborn (suspected to be) affected by precipitate delivery,Newborn affected by precipitate delivery,Newborn (suspected to be) affected by precipitate delivery,Newborn affected by precipitate delivery
2017,P036,P03.6,true,Newborn (suspected to be) affected by abnormal uterine contractions,Newborn affected by abnormal uterine contractions,Newborn affected by abnormal uterine contractions,Newborn affected by abnormal uterine contractions
2017,P038,P03.8,false,Newborn (suspected to be) affected by other specified complications of labor and delivery,Newborn affected by other specified complications of labor and delivery,Newborn affected by oth complications of labor and delivery,Newborn affected by oth complications of labor and delivery
2017,P0381,P03.81,false,Newborn (suspected to be) affected by abnormality in fetal (intrauterine) heart rate or rhythm,Newborn affected by abnormality in fetal (intrauterine) heart rate or rhythm,Newborn affected by abnlt in fetal heart rate or rhythm,Newborn affected by abnlt in fetal heart rate or rhythm
2017,P03810,P03.810,true,Newborn (suspected to be) affected by abnormality in fetal (intrauterine) heart rate or rhythm before the onset of labor,Newborn affected by abnormality in fetal (intrauterine) heart rate or rhythm before the onset of labor,NB aff by abnlt in fetl heart rate or rhythm bef onset labor,NB aff by abnlt in fetl heart rate or rhythm bef onset labor
2017,P03811,P03.811,true,Newborn (suspected to be) affected by abnormality in fetal (intrauterine) heart rate or rhythm during labor,Newborn affected by abnormality in fetal (intrauterine) heart rate or rhythm during labor,NB aff by abnlt in fetal heart rate or rhythm during labor,NB aff by abnlt in fetal heart rate or rhythm during labor
2017,P03819,P03.819,true,"Newborn (suspected to be) affected by abnormality in fetal (intrauterine) heart rate or rhythm, unspecified as to time of onset","Newborn affected by abnormality in fetal (intrauterine) heart rate or rhythm, unspecified as to time of onset","NB aff by abnlt in fetl hrt rate or rhythm, unsp time onset","NB aff by abnlt in fetl hrt rate or rhythm, unsp time onset"
2017,P0389,P03.89,true,Newborn (suspected to be) affected by other specified complications of labor and delivery,Newborn affected by other specified complications of labor and delivery,Newborn affected by oth complications of labor and delivery,Newborn affected by oth complications of labor and delivery
2017,P039,P03.9,true,"Newborn (suspected to be) affected by complication of labor and delivery, unspecified","Newborn affected by complication of labor and delivery, unspecified","Newborn affected by complication of labor and delivery, unsp","Newborn affected by comp of labor and delivery, unspecified"
2017,P04,P04,false,Newborn (suspected to be) affected by noxious substances transmitted via placenta or breast milk,Newborn affected by noxious substances transmitted via placenta or breast milk,NB aff by noxious substnc transmitd via plcnta or brst milk,NB aff by noxious substnc transmitd via plcnta or brst milk
2017,P040,P04.0,true,"Newborn (suspected to be) affected by maternal anesthesia and analgesia in pregnancy, labor and delivery","Newborn affected by maternal anesthesia and analgesia in pregnancy, labor and delivery","NB aff by matern anesth and analgesia in preg, labor and del","NB aff by matern anesth and analgesia in preg, labor and del"
2017,P041,P04.1,true,Newborn (suspected to be) affected by other maternal medication,Newborn affected by other maternal medication,Newborn affected by oth maternal medication,Newborn affected by other maternal medication
2017,P042,P04.2,true,Newborn (suspected to be) affected by maternal use of tobacco,Newborn affected by maternal use of tobacco,Newborn affected by maternal use of tobacco,Newborn affected by maternal use of tobacco
2017,P043,P04.3,true,Newborn (suspected to be) affected by maternal use of alcohol,Newborn affected by maternal use of alcohol,Newborn affected by maternal use of alcohol,Newborn affected by maternal use of alcohol
2017,P044,P04.4,false,Newborn (suspected to be) affected by maternal use of drugs of addiction,Newborn  affected by maternal use of drugs of addiction,Newborn affected by maternal use of drugs of addiction,Newborn  affected by maternal use of drugs of addiction
2017,P0441,P04.41,true,Newborn (suspected to be) affected by maternal use of cocaine,Newborn affected by maternal use of cocaine,Newborn affected by maternal use of cocaine,Newborn affected by maternal use of cocaine
2017,P0449,P04.49,true,Newborn (suspected to be) affected by maternal use of other drugs of addiction,Newborn affected by maternal use of other drugs of addiction,Newborn affected by maternal use of drugs of addiction,Newborn affected by maternal use of other drugs of addiction
2017,P045,P04.5,true,Newborn (suspected to be) affected by maternal use of nutritional chemical substances,Newborn affected by maternal use of nutritional chemical substances,Newborn aff by maternal use of nutritional chemical substnc,Newborn aff by maternal use of nutritional chemical substnc
2017,P046,P04.6,true,Newborn (suspected to be) affected by maternal exposure to environmental chemical substances,Newborn affected by maternal exposure to environmental chemical substances,Newborn aff by maternal exposure to environ chemical substnc,Newborn aff by maternal exposure to environ chemical substnc
2017,P048,P04.8,true,Newborn (suspected to be) affected by other maternal noxious substances,Newborn affected by other maternal noxious substances,Newborn affected by oth maternal noxious substances,Newborn affected by other maternal noxious substances
2017,P049,P04.9,true,"Newborn (suspected to be) affected by maternal noxious substance, unspecified","Newborn affected by maternal noxious substance, unspecified","Newborn affected by maternal noxious substance, unsp","Newborn affected by maternal noxious substance, unspecified"
2017,S02110,S02.110,false,Type I occipital condyle fracture,"Type I occipital condyle fracture, unspecified side",Type I occipital condyle fracture,"Type I occipital condyle fracture, unspecified side"
2017,S02110A,S02.110A,true,"Type I occipital condyle fracture, initial encounter for closed fracture","Type I occipital condyle fracture, unspecified side, initial encounter for closed fracture","Type I occipital condyle fracture, init for clos fx","Type I occipital condyle fracture, unspecified side, init"
2017,S02110B,S02.110B,true,"Type I occipital condyle fracture, initial encounter for open fracture","Type I occipital condyle fracture, unspecified side, initial encounter for open fracture","Type I occipital condyle fracture, init for opn fx","Type I occipital condyle fracture, unspecified side, 7thB"
2017,S02110D,S02.110D,true,"Type I occipital condyle fracture, subsequent encounter for fracture with routine healing","Type I occipital condyle fracture, unspecified side, subsequent encounter for fracture with routine healing","Type I occipital condyle fracture, subs for fx w routn heal","Type I occipital condyle fracture, unspecified side, 7thD"
2017,S02110G,S02.110G,true,"Type I occipital condyle fracture, subsequent encounter for fracture with delayed healing","Type I occipital condyle fracture, unspecified side, subsequent encounter for fracture with delayed healing","Type I occipital condyle fracture, subs for fx w delay heal","Type I occipital condyle fracture, unspecified side, 7thG"
2017,S02110K,S02.110K,true,"Type I occipital condyle fracture, subsequent encounter for fracture with nonunion","Type I occipital condyle fracture, unspecified side, subsequent encounter for fracture with nonunion","Type I occipital condyle fracture, subs for fx w nonunion","Type I occipital condyle fracture, unspecified side, 7thK"
2017,S02110S,S02.110S,true,"Type I occipital condyle fracture, sequela","Type I occipital condyle fracture, unspecified side, sequela","Type I occipital condyle fracture, sequela","Type I occipital condyle fracture, unspecified side, sequela"
2017,S02111,S02.111,false,Type II occipital condyle fracture,"Type II occipital condyle fracture, unspecified side",Type II occipital condyle fracture,"Type II occipital condyle fracture, unspecified side"
2017,S02111A,S02.111A,true,"Type II occipital condyle fracture, initial encounter for closed fracture","Type II occipital condyle fracture, unspecified side, initial encounter for closed fracture","Type II occipital condyle fracture, init for clos fx","Type II occipital condyle fracture, unspecified side, init"
2017,S02111B,S02.111B,true,"Type II occipital condyle fracture, initial encounter for open fracture","Type II occipital condyle fracture, unspecified side, initial encounter for open fracture","Type II occipital condyle fracture, init for opn fx","Type II occipital condyle fracture, unspecified side, 7thB"
2017,S02111D,S02.111D,true,"Type II occipital condyle fracture, subsequent encounter for fracture with routine healing","Type II occipital condyle fracture, unspecified side, subsequent encounter for fracture with routine healing","Type II occipital condyle fracture, subs for fx w routn heal","Type II occipital condyle fracture, unspecified side, 7thD"
2017,S02111G,S02.111G,true,"Type II occipital condyle fracture, subsequent encounter for fracture with delayed healing","Type II occipital condyle fracture, unspecified side, subsequent encounter for fracture with delayed healing","Type II occipital condyle fracture, subs for fx w delay heal","Type II occipital condyle fracture, unspecified side, 7thG"
2017,S02111K,S02.111K,true,"Type II occipital condyle fracture, subsequent encounter for fracture with nonunion","Type II occipital condyle fracture, unspecified side, subsequent encounter for fracture with nonunion","Type II occipital condyle fracture, subs for fx w nonunion","Type II occipital condyle fracture, unspecified side, 7thK"
2017,S02111S,S02.111S,true,"Type II occipital condyle fracture, sequela","Type II occipital condyle fracture, unspecified side, sequela","Type II occipital condyle fracture, sequela","Type II occipital condyle fracture, unsp side, sequela"
2017,S02112,S02.112,false,Type III occipital condyle fracture,"Type III occipital condyle fracture, unspecified side",Type III occipital condyle fracture,"Type III occipital condyle fracture, unspecified side"
2017,S02112A,S02.112A,true,"Type III occipital condyle fracture, initial encounter for closed fracture","Type III occipital condyle fracture, unspecified side, initial encounter for closed fracture","Type III occipital condyle fracture, init for clos fx","Type III occipital condyle fracture, unspecified side, init"
2017,S02112B,S02.112B,true,"Type III occipital condyle fracture, initial encounter for open fracture","Type III occipital condyle fracture, unspecified side, initial encounter for open fracture","Type III occipital condyle fracture, init for opn fx","Type III occipital condyle fracture, unspecified side, 7thB"
2017,S02112D,S02.112D,true,"Type III occipital condyle fracture, subsequent encounter for fracture with routine healing","Type III occipital condyle fracture, unspecified side, subsequent encounter for fracture with routine healing","Type III occipital condyle fx, subs for fx w routn heal","Type III occipital condyle fracture, unspecified side, 7thD"
2017,S02112G,S02.112G,true,"Type III occipital condyle fracture, subsequent encounter for fracture with delayed healing","Type III occipital condyle fracture, unspecified side, subsequent encounter for fracture with delayed healing","Type III occipital condyle fx, subs for fx w delay heal","Type III occipital condyle fracture, unspecified side, 7thG"
2017,S02112K,S02.112K,true,"Type III occipital condyle fracture, subsequent encounter for fracture with nonunion","Type III occipital condyle fracture, unspecified side, subsequent encounter for fracture with nonunion","Type III occipital condyle fracture, subs for fx w nonunion","Type III occipital condyle fracture, unspecified side, 7thK"
2017,S02112S,S02.112S,true,"Type III occipital condyle fracture, sequela","Type III occipital condyle fracture, unspecified side, sequela","Type III occipital condyle fracture, sequela","Type III occipital condyle fracture, unsp side, sequela"
2017,S02118,S02.118,false,Other fracture of occiput,"Other fracture of occiput, unspecified side",Other fracture of occiput,"Other fracture of occiput, unspecified side"
2017,S02118A,S02.118A,true,"Other fracture of occiput, initial encounter for closed fracture","Other fracture of occiput, unspecified side, initial encounter for closed fracture","Other fracture of occiput, init encntr for closed fracture","Other fracture of occiput, unspecified side, init"
2017,S02118B,S02.118B,true,"Other fracture of occiput, initial encounter for open fracture","Other fracture of occiput, unspecified side, initial encounter for open fracture","Other fracture of occiput, init encntr for open fracture","Other fracture of occiput, unspecified side, 7thB"
2017,S02118D,S02.118D,true,"Other fracture of occiput, subsequent encounter for fracture with routine healing","Other fracture of occiput, unspecified side, subsequent encounter for fracture with routine healing","Oth fracture of occiput, subs for fx w routn heal","Other fracture of occiput, unspecified side, 7thD"
2017,S02118G,S02.118G,true,"Other fracture of occiput, subsequent encounter for fracture with delayed healing","Other fracture of occiput, unspecified side, subsequent encounter for fracture with delayed healing","Oth fracture of occiput, subs for fx w delay heal","Other fracture of occiput, unspecified side, 7thG"
2017,S02118K,S02.118K,true,"Other fracture of occiput, subsequent encounter for fracture with nonunion","Other fracture of occiput, unspecified side, subsequent encounter for fracture with nonunion","Oth fracture of occiput, subs encntr for fracture w nonunion","Other fracture of occiput, unspecified side, 7thK"
2017,S02118S,S02.118S,true,"Other fracture of occiput, sequela","Other fracture of occiput, unspecified side, sequela","Other fracture of occiput, sequela","Other fracture of occiput, unspecified side, sequela"
2017,S02400,S02.400,false,Malar fracture unspecified,"Malar fracture, unspecified side",Malar fracture unspecified,"Malar fracture, unspecified side"
2017,S02400A,S02.400A,true,"Malar fracture unspecified, initial encounter for closed fracture","Malar fracture, unspecified side, initial encounter for closed fracture","Malar fracture unspecified, init encntr for closed fracture","Malar fracture, unspecified side, init"
2017,S02400B,S02.400B,true,"Malar fracture unspecified, initial encounter for open fracture","Malar fracture, unspecified side, initial encounter for open fracture","Malar fracture unspecified, init encntr for open fracture","Malar fracture, unspecified side, 7thB"
2017,S02400D,S02.400D,true,"Malar fracture unspecified, subsequent encounter for fracture with routine healing","Malar fracture, unspecified side, subsequent encounter for fracture with routine healing","Malar fracture unsp, subs for fx w routn heal","Malar fracture, unspecified side, 7thD"
2017,S02400G,S02.400G,true,"Malar fracture unspecified, subsequent encounter for fracture with delayed healing","Malar fracture, unspecified side, subsequent encounter for fracture with delayed healing","Malar fracture unsp, subs for fx w delay heal","Malar fracture, unspecified side, 7thG"
2017,S02400K,S02.400K,true,"Malar fracture unspecified, subsequent encounter for fracture with nonunion","Malar fracture, unspecified side, subsequent encounter for fracture with nonunion","Malar fracture unsp, subs encntr for fracture with nonunion","Malar fracture, unspecified side, 7thK"
2017,S02400S,S02.400S,true,"Malar fracture unspecified, sequela","Malar fracture, unspecified side, sequela","Malar fracture unspecified, sequela","Malar fracture, unspecified side, sequela"
2017,S02401,S02.401,false,"Maxillary fracture, unspecified","Maxillary fracture, unspecified side","Maxillary fracture, unspecified","Maxillary fracture, unspecified side"
2017,S02401A,S02.401A,true,"Maxillary fracture, unspecified, initial encounter for closed fracture","Maxillary fracture, unspecified side, initial encounter for closed fracture","Maxillary fracture, unsp, init encntr for closed fracture","Maxillary fracture, unspecified side, init"
2017,S02401B,S02.401B,true,"Maxillary fracture, unspecified, initial encounter for open fracture","Maxillary fracture, unspecified side, initial encounter for open fracture","Maxillary fracture, unsp, init encntr for open fracture","Maxillary fracture, unspecified side, 7thB"
2017,S02401D,S02.401D,true,"Maxillary fracture, unspecified, subsequent encounter for fracture with routine healing","Maxillary fracture, unspecified side, subsequent encounter for fracture with routine healing","Maxillary fracture, unsp, subs for fx w routn heal","Maxillary fracture, unspecified side, 7thD"
2017,S02401G,S02.401G,true,"Maxillary fracture, unspecified, subsequent encounter for fracture with delayed healing","Maxillary fracture, unspecified side, subsequent encounter for fracture with delayed healing","Maxillary fracture, unsp, subs for fx w delay heal","Maxillary fracture, unspecified side, 7thG"
2017,S02401K,S02.401K,true,"Maxillary fracture, unspecified, subsequent encounter for fracture with nonunion","Maxillary fracture, unspecified side, subsequent encounter for fracture with nonunion","Maxillary fracture, unsp, subs for fx w nonunion","Maxillary fracture, unspecified side, 7thK"
2017,S02401S,S02.401S,true,"Maxillary fracture, unspecified, sequela","Maxillary fracture, unspecified side, sequela","Maxillary fracture, unspecified, sequela","Maxillary fracture, unspecified side, sequela"
2017,S02402,S02.402,false,"Zygomatic fracture, unspecified","Zygomatic fracture, unspecified side","Zygomatic fracture, unspecified","Zygomatic fracture, unspecified side"
2017,S02402A,S02.402A,true,"Zygomatic fracture, unspecified, initial encounter for closed fracture","Zygomatic fracture, unspecified side, initial encounter for closed fracture","Zygomatic fracture, unsp, init encntr for closed fracture","Zygomatic fracture, unspecified side, init"
2017,S02402B,S02.402B,true,"Zygomatic fracture, unspecified, initial encounter for open fracture","Zygomatic fracture, unspecified side, initial encounter for open fracture","Zygomatic fracture, unsp, init encntr for open fracture","Zygomatic fracture, unspecified side, 7thB"
2017,S02402D,S02.402D,true,"Zygomatic fracture, unspecified, subsequent encounter for fracture with routine healing","Zygomatic fracture, unspecified side, subsequent encounter for fracture with routine healing","Zygomatic fracture, unsp, subs for fx w routn heal","Zygomatic fracture, unspecified side, 7thD"
2017,S02402G,S02.402G,true,"Zygomatic fracture, unspecified, subsequent encounter for fracture with delayed healing","Zygomatic fracture, unspecified side, subsequent encounter for fracture with delayed healing","Zygomatic fracture, unsp, subs for fx w delay heal","Zygomatic fracture, unspecified side, 7thG"
2017,S02402K,S02.402K,true,"Zygomatic fracture, unspecified, subsequent encounter for fracture with nonunion","Zygomatic fracture, unspecified side, subsequent encounter for fracture with nonunion","Zygomatic fracture, unsp, subs for fx w nonunion","Zygomatic fracture, unspecified side, 7thK"
2017,S02402S,S02.402S,true,"Zygomatic fracture, unspecified, sequela","Zygomatic fracture, unspecified side, sequela","Zygomatic fracture, unspecified, sequela","Zygomatic fracture, unspecified side, sequela"
2017,S02600,S02.600,false,Fracture of unspecified part of body of mandible,"Fracture of unspecified part of body of mandible, unspecified side",Fracture of unspecified part of body of mandible,"Fx unspecified part of body of mandible, unspecified side"
2017,S02600A,S02.600A,true,"Fracture of unspecified part of body of mandible, initial encounter for closed fracture","Fracture of unspecified part of body of mandible, unspecified side, initial encounter for closed fracture","Fracture of unsp part of body of mandible, init for clos fx","Fx unsp part of body of mandible, unspecified side, init"
2017,S02600B,S02.600B,true,"Fracture of unspecified part of body of mandible, initial encounter for open fracture","Fracture of unspecified part of body of mandible, unspecified side, initial encounter for open fracture","Fracture of unsp part of body of mandible, init for opn fx","Fx unsp part of body of mandible, unspecified side, 7thB"
2017,S02600D,S02.600D,true,"Fracture of unspecified part of body of mandible, subsequent encounter for fracture with routine healing","Fracture of unspecified part of body of mandible, unspecified side, subsequent encounter for fracture with routine healing","Fx unsp part of body of mandible, subs for fx w routn heal","Fx unsp part of body of mandible, unspecified side, 7thD"
2017,S02600G,S02.600G,true,"Fracture of unspecified part of body of mandible, subsequent encounter for fracture with delayed healing","Fracture of unspecified part of body of mandible, unspecified side, subsequent encounter for fracture with delayed healing","Fx unsp part of body of mandible, subs for fx w delay heal","Fx unsp part of body of mandible, unspecified side, 7thG"
2017,S02600K,S02.600K,true,"Fracture of unspecified part of body of mandible, subsequent encounter for fracture with nonunion","Fracture of unspecified part of body of mandible, unspecified side, subsequent encounter for fracture with nonunion","Fx unsp part of body of mandible, subs for fx w nonunion","Fx unsp part of body of mandible, unspecified side, 7thK"
2017,S02600S,S02.600S,true,"Fracture of unspecified part of body of mandible, sequela","Fracture of unspecified part of body of mandible, unspecified side, sequela","Fracture of unspecified part of body of mandible, sequela","Fx unsp part of body of mandible, unspecified side, sequela"
2017,S49031,S49.031,false,"Salter Harris Type III physeal fracture of upper end of humerus, right arm","Salter-Harris Type III physeal fracture of upper end of humerus, right arm","Sltr-haris Type III physeal fx upper end of humer, right arm","Sltr-haris Type III physeal fx upper end of humer, right arm"
2017,S49031A,S49.031A,true,"Salter Harris Type III physeal fracture of upper end of humerus, right arm, initial encounter for closed fracture","Salter-Harris Type III physeal fracture of upper end of humerus, right arm, initial encounter for closed fracture","Sltr-haris Type III physl fx upper end humer, r arm, init","Sltr-haris Type III physl fx upper end humer, r arm, init"
2017,S49031D,S49.031D,true,"Salter Harris Type III physeal fracture of upper end of humerus, right arm, subsequent encounter for fracture with routine healing","Salter-Harris Type III physeal fracture of upper end of humerus, right arm, subsequent encounter for fracture with routine healing","Sltr-haris Type III physl fx upr end humer, r arm, 7thD","Sltr-haris Type III physl fx upper end humer, r arm, 7thD"
2017,S49031G,S49.031G,true,"Salter Harris Type III physeal fracture of upper end of humerus, right arm, subsequent encounter for fracture with delayed healing","Salter-Harris Type III physeal fracture of upper end of humerus, right arm, subsequent encounter for fracture with delayed healing","Sltr-haris Type III physl fx upr end humer, r arm, 7thG","Sltr-haris Type III physl fx upper end humer, r arm, 7thG"
2017,S49031K,S49.031K,true,"Salter Harris Type III physeal fracture of upper end of humerus, right arm, subsequent encounter for fracture with nonunion","Salter-Harris Type III physeal fracture of upper end of humerus, right arm, subsequent encounter for fracture with nonunion","Sltr-haris Type III physl fx upr end humer, r arm, 7thK","Sltr-haris Type III physl fx upper end humer, r arm, 7thK"
2017,S49031P,S49.031P,true,"Salter Harris Type III physeal fracture of upper end of humerus, right arm, subsequent encounter for fracture with malunion","Salter-Harris Type III physeal fracture of upper end of humerus, right arm, subsequent encounter for fracture with malunion","Sltr-haris Type III physl fx upr end humer, r arm, 7thP","Sltr-haris Type III physl fx upper end humer, r arm, 7thP"
2017,S49031S,S49.031S,true,"Salter Harris Type III physeal fracture of upper end of humerus, right arm, sequela","Salter-Harris Type III physeal fracture of upper end of humerus, right arm, sequela","Sltr-haris Type III physl fx upper end humer, r arm, sqla","Sltr-haris Type III physl fx upper end humer, r arm, sqla"
2017,S49032,S49.032,false,"Salter Harris Type III physeal fracture of upper end of humerus, left arm","Salter-Harris Type III physeal fracture of upper end of humerus, left arm","Sltr-haris Type III physeal fx upper end of humer, left arm","Sltr-haris Type III physeal fx upper end of humer, left arm"
2017,S49032A,S49.032A,true,"Salter Harris Type III physeal fracture of upper end of humerus, left arm, initial encounter for closed fracture","Salter-Harris Type III physeal fracture of upper end of humerus, left arm, initial encounter for closed fracture","Sltr-haris Type III physl fx upper end humer, left arm, init","Sltr-haris Type III physl fx upper end humer, left arm, init"
2017,S49032D,S49.032D,true,"Salter Harris Type III physeal fracture of upper end of humerus, left arm, subsequent encounter for fracture with routine healing","Salter-Harris Type III physeal fracture of upper end of humerus, left arm, subsequent encounter for fracture with routine healing","Sltr-haris Type III physl fx upr end humer, l arm, 7thD","Sltr-haris Type III physl fx upper end humer, left arm, 7thD"
2017,S49032G,S49.032G,true,"Salter Harris Type III physeal fracture of upper end of humerus, left arm, subsequent encounter for fracture with delayed healing","Salter-Harris Type III physeal fracture of upper end of humerus, left arm, subsequent encounter for fracture with delayed healing","Sltr-haris Type III physl fx upr end humer, l arm, 7thG","Sltr-haris Type III physl fx upper end humer, left arm, 7thG"
2017,S49032K,S49.032K,true,"Salter Harris Type III physeal fracture of upper end of humerus, left arm, subsequent encounter for fracture with nonunion","Salter-Harris Type III physeal fracture of upper end of humerus, left arm, subsequent encounter for fracture with nonunion","Sltr-haris Type III physl fx upr end humer, l arm, 7thK","Sltr-haris Type III physl fx upper end humer, left arm, 7thK"
2017,S49032P,S49.032P,true,"Salter Harris Type III physeal fracture of upper end of humerus, left arm, subsequent encounter for fracture with malunion","Salter-Harris Type III physeal fracture of upper end of humerus, left arm, subsequent encounter for fracture with malunion","Sltr-haris Type III physl fx upr end humer, l arm, 7thP","Sltr-haris Type III physl fx upper end humer, left arm, 7thP"
2017,S49032S,S49.032S,true,"Salter Harris Type III physeal fracture of upper end of humerus, left arm, sequela","Salter-Harris Type III physeal fracture of upper end of humerus, left arm, sequela","Sltr-haris Type III physl fx upper end humer, left arm, sqla","Sltr-haris Type III physl fx upper end humer, left arm, sqla"
2017,S49039,S49.039,false,"Salter Harris Type III physeal fracture of upper end of humerus, unspecified arm","Salter-Harris Type III physeal fracture of upper end of humerus, unspecified arm","Sltr-haris Type III physeal fx upper end of humer, unsp arm","Sltr-haris Type III physeal fx upper end of humer, unsp arm"
2017,S49039A,S49.039A,true,"Salter Harris Type III physeal fracture of upper end of humerus, unspecified arm, initial encounter for closed fracture","Salter-Harris Type III physeal fracture of upper end of humerus, unspecified arm, initial encounter for closed fracture","Sltr-haris Type III physl fx upper end humer, unsp arm, init","Sltr-haris Type III physl fx upper end humer, unsp arm, init"
2017,S49039D,S49.039D,true,"Salter Harris Type III physeal fracture of upper end of humerus, unspecified arm, subsequent encounter for fracture with routine healing","Salter-Harris Type III physeal fracture of upper end of humerus, unspecified arm, subsequent encounter for fracture with routine healing","Sltr-haris Type III physl fx upr end humer, unsp arm, 7thD","Sltr-haris Type III physl fx upper end humer, unsp arm, 7thD"
2017,S49039G,S49.039G,true,"Salter Harris Type III physeal fracture of upper end of humerus, unspecified arm, subsequent encounter for fracture with delayed healing","Salter-Harris Type III physeal fracture of upper end of humerus, unspecified arm, subsequent encounter for fracture with delayed healing","Sltr-haris Type III physl fx upr end humer, unsp arm, 7thG","Sltr-haris Type III physl fx upper end humer, unsp arm, 7thG"
2017,S49039K,S49.039K,true,"Salter Harris Type III physeal fracture of upper end of humerus, unspecified arm, subsequent encounter for fracture with nonunion","Salter-Harris Type III physeal fracture of upper end of humerus, unspecified arm, subsequent encounter for fracture with nonunion","Sltr-haris Type III physl fx upr end humer, unsp arm, 7thK","Sltr-haris Type III physl fx upper end humer, unsp arm, 7thK"
2017,S49039P,S49.039P,true,"Salter Harris Type III physeal fracture of upper end of humerus, unspecified arm, subsequent encounter for fracture with malunion","Salter-Harris Type III physeal fracture of upper end of humerus, unspecified arm, subsequent encounter for fracture with malunion","Sltr-haris Type III physl fx upr end humer, unsp arm, 7thP","Sltr-haris Type III physl fx upper end humer, unsp arm, 7thP"
2017,S49039S,S49.039S,true,"Salter Harris Type III physeal fracture of upper end of humerus, unspecified arm, sequela","Salter-Harris Type III physeal fracture of upper end of humerus, unspecified arm, sequela","Sltr-haris Type III physl fx upper end humer, unsp arm, sqla","Sltr-haris Type III physl fx upper end humer, unsp arm, sqla"
2017,S4913,S49.13,false,Salter Harris Type III physeal fracture of lower end of humerus,Salter-Harris Type III physeal fracture of lower end of humerus,Sltr-haris Type III physeal fracture of lower end of humerus,Sltr-haris Type III physeal fracture of lower end of humerus
2017,S49131,S49.131,false,"Salter Harris Type III physeal fracture of lower end of humerus, right arm","Salter-Harris Type III physeal fracture of lower end of humerus, right arm","Sltr-haris Type III physeal fx lower end of humer, right arm","Sltr-haris Type III physeal fx lower end of humer, right arm"
2017,S49131A,S49.131A,true,"Salter Harris Type III physeal fracture of lower end of humerus, right arm, initial encounter for closed fracture","Salter-Harris Type III physeal fracture of lower end of humerus, right arm, initial encounter for closed fracture","Sltr-haris Type III physl fx low end humer, right arm, init","Sltr-haris Type III physl fx low end humer, right arm, init"
2017,S49131D,S49.131D,true,"Salter Harris Type III physeal fracture of lower end of humerus, right arm, subsequent encounter for fracture with routine healing","Salter-Harris Type III physeal fracture of lower end of humerus, right arm, subsequent encounter for fracture with routine healing","Sltr-haris Type III physl fx low end humer, r arm, 7thD","Sltr-haris Type III physl fx low end humer, right arm, 7thD"
2017,S49131G,S49.131G,true,"Salter Harris Type III physeal fracture of lower end of humerus, right arm, subsequent encounter for fracture with delayed healing","Salter-Harris Type III physeal fracture of lower end of humerus, right arm, subsequent encounter for fracture with delayed healing","Sltr-haris Type III physl fx low end humer, r arm, 7thG","Sltr-haris Type III physl fx low end humer, right arm, 7thG"
2017,S49131K,S49.131K,true,"Salter Harris Type III physeal fracture of lower end of humerus, right arm, subsequent encounter for fracture with nonunion","Salter-Harris Type III physeal fracture of lower end of humerus, right arm, subsequent encounter for fracture with nonunion","Sltr-haris Type III physl fx low end humer, r arm, 7thK","Sltr-haris Type III physl fx low end humer, right arm, 7thK"
2017,S49131P,S49.131P,true,"Salter Harris Type III physeal fracture of lower end of humerus, right arm, subsequent encounter for fracture with malunion","Salter-Harris Type III physeal fracture of lower end of humerus, right arm, subsequent encounter for fracture with malunion","Sltr-haris Type III physl fx low end humer, r arm, 7thP","Sltr-haris Type III physl fx low end humer, right arm, 7thP"
2017,S49131S,S49.131S,true,"Salter Harris Type III physeal fracture of lower end of humerus, right arm, sequela","Salter-Harris Type III physeal fracture of lower end of humerus, right arm, sequela","Sltr-haris Type III physl fx low end humer, right arm, sqla","Sltr-haris Type III physl fx low end humer, right arm, sqla"
2017,S49132,S49.132,false,"Salter Harris Type III physeal fracture of lower end of humerus, left arm","Salter-Harris Type III physeal fracture of lower end of humerus, left arm","Sltr-haris Type III physeal fx lower end of humer, left arm","Sltr-haris Type III physeal fx lower end of humer, left arm"
2017,S49132A,S49.132A,true,"Salter Harris Type III physeal fracture of lower end of humerus, left arm, initial encounter for closed fracture","Salter-Harris Type III physeal fracture of lower end of humerus, left arm, initial encounter for closed fracture","Sltr-haris Type III physl fx lower end humer, left arm, init","Sltr-haris Type III physl fx lower end humer, left arm, init"
2017,S49132D,S49.132D,true,"Salter Harris Type III physeal fracture of lower end of humerus, left arm, subsequent encounter for fracture with routine healing","Salter-Harris Type III physeal fracture of lower end of humerus, left arm, subsequent encounter for fracture with routine healing","Sltr-haris Type III physl fx low end humer, l arm, 7thD","Sltr-haris Type III physl fx lower end humer, left arm, 7thD"
2017,S49132G,S49.132G,true,"Salter Harris Type III physeal fracture of lower end of humerus, left arm, subsequent encounter for fracture with delayed healing","Salter-Harris Type III physeal fracture of lower end of humerus, left arm, subsequent encounter for fracture with delayed healing","Sltr-haris Type III physl fx low end humer, l arm, 7thG","Sltr-haris Type III physl fx lower end humer, left arm, 7thG"
2017,S49132K,S49.132K,true,"Salter Harris Type III physeal fracture of lower end of humerus, left arm, subsequent encounter for fracture with nonunion","Salter-Harris Type III physeal fracture of lower end of humerus, left arm, subsequent encounter for fracture with nonunion","Sltr-haris Type III physl fx low end humer, l arm, 7thK","Sltr-haris Type III physl fx lower end humer, left arm, 7thK"
2017,S49132P,S49.132P,true,"Salter Harris Type III physeal fracture of lower end of humerus, left arm, subsequent encounter for fracture with malunion","Salter-Harris Type III physeal fracture of lower end of humerus, left arm, subsequent encounter for fracture with malunion","Sltr-haris Type III physl fx low end humer, l arm, 7thP","Sltr-haris Type III physl fx lower end humer, left arm, 7thP"
2017,S49132S,S49.132S,true,"Salter Harris Type III physeal fracture of lower end of humerus, left arm, sequela","Salter-Harris Type III physeal fracture of lower end of humerus, left arm, sequela","Sltr-haris Type III physl fx lower end humer, left arm, sqla","Sltr-haris Type III physl fx lower end humer, left arm, sqla"
2017,S49139,S49.139,false,"Salter Harris Type III physeal fracture of lower end of humerus, unspecified arm","Salter-Harris Type III physeal fracture of lower end of humerus, unspecified arm","Sltr-haris Type III physeal fx lower end of humer, unsp arm","Sltr-haris Type III physeal fx lower end of humer, unsp arm"
2017,S49139A,S49.139A,true,"Salter Harris Type III physeal fracture of lower end of humerus, unspecified arm, initial encounter for closed fracture","Salter-Harris Type III physeal fracture of lower end of humerus, unspecified arm, initial encounter for closed fracture","Sltr-haris Type III physl fx lower end humer, unsp arm, init","Sltr-haris Type III physl fx lower end humer, unsp arm, init"
2017,S49139D,S49.139D,true,"Salter Harris Type III physeal fracture of lower end of humerus, unspecified arm, subsequent encounter for fracture with routine healing","Salter-Harris Type III physeal fracture of lower end of humerus, unspecified arm, subsequent encounter for fracture with routine healing","Sltr-haris Type III physl fx low end humer, unsp arm, 7thD","Sltr-haris Type III physl fx lower end humer, unsp arm, 7thD"
2017,S49139G,S49.139G,true,"Salter Harris Type III physeal fracture of lower end of humerus, unspecified arm, subsequent encounter for fracture with delayed healing","Salter-Harris Type III physeal fracture of lower end of humerus, unspecified arm, subsequent encounter for fracture with delayed healing","Sltr-haris Type III physl fx low end humer, unsp arm, 7thG","Sltr-haris Type III physl fx lower end humer, unsp arm, 7thG"
2017,S49139K,S49.139K,true,"Salter Harris Type III physeal fracture of lower end of humerus, unspecified arm, subsequent encounter for fracture with nonunion","Salter-Harris Type III physeal fracture of lower end of humerus, unspecified arm, subsequent encounter for fracture with nonunion","Sltr-haris Type III physl fx low end humer, unsp arm, 7thK","Sltr-haris Type III physl fx lower end humer, unsp arm, 7thK"
2017,S49139P,S49.139P,true,"Salter Harris Type III physeal fracture of lower end of humerus, unspecified arm, subsequent encounter for fracture with malunion","Salter-Harris Type III physeal fracture of lower end of humerus, unspecified arm, subsequent encounter for fracture with malunion","Sltr-haris Type III physl fx low end humer, unsp arm, 7thP","Sltr-haris Type III physl fx lower end humer, unsp arm, 7thP"
2017,S49139S,S49.139S,true,"Salter Harris Type III physeal fracture of lower end of humerus, unspecified arm, sequela","Salter-Harris Type III physeal fracture of lower end of humerus, unspecified arm, sequela","Sltr-haris Type III physl fx lower end humer, unsp arm, sqla","Sltr-haris Type III physl fx lower end humer, unsp arm, sqla"
2017,S548X,S54.8X,false,Unspecified injury of other nerves at forearm level,Injury of other nerves at forearm level,Unspecified injury of other nerves at forearm level,Injury of other nerves at forearm level
2017,S548X1,S54.8X1,false,"Unspecified injury of other nerves at forearm level, right arm","Injury of other nerves at forearm level, right arm","Unsp injury of other nerves at forearm level, right arm","Injury of other nerves at forearm level, right arm"
2017,S548X1A,S54.8X1A,true,"Unspecified injury of other nerves at forearm level, right arm, initial encounter","Injury of other nerves at forearm level, right arm, initial encounter","Unsp injury of oth nerves at forearm level, right arm, init","Injury of other nerves at forearm level, right arm, init"
2017,S548X1D,S54.8X1D,true,"Unspecified injury of other nerves at forearm level, right arm, subsequent encounter","Injury of other nerves at forearm level, right arm, subsequent encounter","Unsp injury of oth nerves at forearm level, right arm, subs","Injury of other nerves at forearm level, right arm, subs"
2017,S548X1S,S54.8X1S,true,"Unspecified injury of other nerves at forearm level, right arm, sequela","Injury of other nerves at forearm level, right arm, sequela","Unsp injury of nerves at forearm level, right arm, sequela","Injury of other nerves at forearm level, right arm, sequela"
2017,S548X2,S54.8X2,false,"Unspecified injury of other nerves at forearm level, left arm","Injury of other nerves at forearm level, left arm","Unsp injury of other nerves at forearm level, left arm","Injury of other nerves at forearm level, left arm"
2017,S548X2A,S54.8X2A,true,"Unspecified injury of other nerves at forearm level, left arm, initial encounter","Injury of other nerves at forearm level, left arm, initial encounter","Unsp injury of oth nerves at forearm level, left arm, init","Injury of other nerves at forearm level, left arm, init"
2017,S548X2D,S54.8X2D,true,"Unspecified injury of other nerves at forearm level, left arm, subsequent encounter","Injury of other nerves at forearm level, left arm, subsequent encounter","Unsp injury of oth nerves at forearm level, left arm, subs","Injury of other nerves at forearm level, left arm, subs"
2017,S548X2S,S54.8X2S,true,"Unspecified injury of other nerves at forearm level, left arm, sequela","Injury of other nerves at forearm level, left arm, sequela","Unsp injury of nerves at forearm level, left arm, sequela","Injury of other nerves at forearm level, left arm, sequela"
2017,S548X9,S54.8X9,false,"Unspecified injury of other nerves at forearm level, unspecified arm","Injury of other nerves at forearm level, unspecified arm","Unsp injury of other nerves at forearm level, unsp arm","Injury of other nerves at forearm level, unspecified arm"
2017,S548X9A,S54.8X9A,true,"Unspecified injury of other nerves at forearm level, unspecified arm, initial encounter","Injury of other nerves at forearm level, unspecified arm, initial encounter","Unsp injury of oth nerves at forearm level, unsp arm, init","Injury of other nerves at forarm lv, unspecified arm, init"
2017,S548X9D,S54.8X9D,true,"Unspecified injury of other nerves at forearm level, unspecified arm, subsequent encounter","Injury of other nerves at forearm level, unspecified arm, subsequent encounter","Unsp injury of oth nerves at forearm level, unsp arm, subs","Injury of other nerves at forarm lv, unspecified arm, subs"
2017,S548X9S,S54.8X9S,true,"Unspecified injury of other nerves at forearm level, unspecified arm, sequela","Injury of other nerves at forearm level, unspecified arm, sequela","Unsp injury of nerves at forearm level, unsp arm, sequela","Injury of other nerves at forarm lv, unsp arm, sequela"
2017,T8281,T82.81,false,"Embolism of cardiac and vascular prosthetic devices, implants and grafts","Embolism due to cardiac and vascular prosthetic devices, implants and grafts",Embolism of cardiac and vascular prosth dev/grft,Embolism due to cardiac and vascular prosth dev/grft
2017,T82817,T82.817,false,"Embolism of cardiac prosthetic devices, implants and grafts","Embolism due to cardiac prosthetic devices, implants and grafts","Embolism of cardiac prosthetic devices, implants and grafts",Embolism due to cardiac prosth dev/grft
2017,T82817A,T82.817A,true,"Embolism of cardiac prosthetic devices, implants and grafts, initial encounter","Embolism due to cardiac prosthetic devices, implants and grafts, initial encounter","Embolism of cardiac prosth dev/grft, init","Embolism due to cardiac prosth dev/grft, initial encounter"
2017,T82817D,T82.817D,true,"Embolism of cardiac prosthetic devices, implants and grafts, subsequent encounter","Embolism due to cardiac prosthetic devices, implants and grafts, subsequent encounter","Embolism of cardiac prosth dev/grft, subs","Embolism due to cardiac prosth dev/grft, subs"
2017,T82817S,T82.817S,true,"Embolism of cardiac prosthetic devices, implants and grafts, sequela","Embolism due to cardiac prosthetic devices, implants and grafts, sequela","Embolism of cardiac prosth dev/grft, sequela","Embolism due to cardiac prosth dev/grft, sequela"
2017,T82818,T82.818,false,"Embolism of vascular prosthetic devices, implants and grafts","Embolism due to vascular prosthetic devices, implants and grafts","Embolism of vascular prosthetic devices, implants and grafts",Embolism due to vascular prosth dev/grft
2017,T82818A,T82.818A,true,"Embolism of vascular prosthetic devices, implants and grafts, initial encounter","Embolism due to vascular prosthetic devices, implants and grafts, initial encounter","Embolism of vascular prosth dev/grft, init","Embolism due to vascular prosth dev/grft, initial encounter"
2017,T82818D,T82.818D,true,"Embolism of vascular prosthetic devices, implants and grafts, subsequent encounter","Embolism due to vascular prosthetic devices, implants and grafts, subsequent encounter","Embolism of vascular prosth dev/grft, subs","Embolism due to vascular prosth dev/grft, subs"
2017,T82818S,T82.818S,true,"Embolism of vascular prosthetic devices, implants and grafts, sequela","Embolism due to vascular prosthetic devices, implants and grafts, sequela","Embolism of vascular prosth dev/grft, sequela","Embolism due to vascular prosth dev/grft, sequela"
2017,T8282,T82.82,false,"Fibrosis of cardiac and vascular prosthetic devices, implants and grafts","Fibrosis due to cardiac and vascular prosthetic devices, implants and grafts",Fibrosis of cardiac and vascular prosth dev/grft,Fibrosis due to cardiac and vascular prosth dev/grft
2017,T82827,T82.827,false,"Fibrosis of cardiac prosthetic devices, implants and grafts","Fibrosis due to cardiac prosthetic devices, implants and grafts","Fibrosis of cardiac prosthetic devices, implants and grafts",Fibrosis due to cardiac prosth dev/grft
2017,T82827A,T82.827A,true,"Fibrosis of cardiac prosthetic devices, implants and grafts, initial encounter","Fibrosis due to cardiac prosthetic devices, implants and grafts, initial encounter","Fibrosis of cardiac prosth dev/grft, init","Fibrosis due to cardiac prosth dev/grft, initial encounter"
2017,T82827D,T82.827D,true,"Fibrosis of cardiac prosthetic devices, implants and grafts, subsequent encounter","Fibrosis due to cardiac prosthetic devices, implants and grafts, subsequent encounter","Fibrosis of cardiac prosth dev/grft, subs","Fibrosis due to cardiac prosth dev/grft, subs"
2017,T82827S,T82.827S,true,"Fibrosis of cardiac prosthetic devices, implants and grafts, sequela","Fibrosis due to cardiac prosthetic devices, implants and grafts, sequela","Fibrosis of cardiac prosth dev/grft, sequela","Fibrosis due to cardiac prosth dev/grft, sequela"
2017,T82828,T82.828,false,"Fibrosis of vascular prosthetic devices, implants and grafts","Fibrosis due to vascular prosthetic devices, implants and grafts","Fibrosis of vascular prosthetic devices, implants and grafts",Fibrosis due to vascular prosth dev/grft
2017,T82828A,T82.828A,true,"Fibrosis of vascular prosthetic devices, implants and grafts, initial encounter","Fibrosis due to vascular prosthetic devices, implants and grafts, initial encounter","Fibrosis of vascular prosth dev/grft, init","Fibrosis due to vascular prosth dev/grft, initial encounter"
2017,T82828D,T82.828D,true,"Fibrosis of vascular prosthetic devices, implants and grafts, subsequent encounter","Fibrosis due to vascular prosthetic devices, implants and grafts, subsequent encounter","Fibrosis of vascular prosth dev/grft, subs","Fibrosis due to vascular prosth dev/grft, subs"
2017,T82828S,T82.828S,true,"Fibrosis of vascular prosthetic devices, implants and grafts, sequela","Fibrosis due to vascular prosthetic devices, implants and grafts, sequela","Fibrosis of vascular prosth dev/grft, sequela","Fibrosis due to vascular prosth dev/grft, sequela"
2017,T8283,T82.83,false,"Hemorrhage of cardiac and vascular prosthetic devices, implants and grafts","Hemorrhage due to cardiac and vascular prosthetic devices, implants and grafts",Hemorrhage of cardiac and vascular prosth dev/grft,Hemorrhage due to cardiac and vascular prosth dev/grft
2017,T82837,T82.837,false,"Hemorrhage of cardiac prosthetic devices, implants and grafts","Hemorrhage due to cardiac prosthetic devices, implants and grafts",Hemorrhage of cardiac prosth dev/grft,Hemorrhage due to cardiac prosth dev/grft
2017,T82837A,T82.837A,true,"Hemorrhage of cardiac prosthetic devices, implants and grafts, initial encounter","Hemorrhage due to cardiac prosthetic devices, implants and grafts, initial encounter","Hemorrhage of cardiac prosth dev/grft, init","Hemorrhage due to cardiac prosth dev/grft, initial encounter"
2017,T82837D,T82.837D,true,"Hemorrhage of cardiac prosthetic devices, implants and grafts, subsequent encounter","Hemorrhage due to cardiac prosthetic devices, implants and grafts, subsequent encounter","Hemorrhage of cardiac prosth dev/grft, subs","Hemorrhage due to cardiac prosth dev/grft, subs"
2017,T82837S,T82.837S,true,"Hemorrhage of cardiac prosthetic devices, implants and grafts, sequela","Hemorrhage due to cardiac prosthetic devices, implants and grafts, sequela","Hemorrhage of cardiac prosth dev/grft, sequela","Hemorrhage due to cardiac prosth dev/grft, sequela"
2017,T82838,T82.838,false,"Hemorrhage of vascular prosthetic devices, implants and grafts","Hemorrhage due to vascular prosthetic devices, implants and grafts",Hemorrhage of vascular prosth dev/grft,Hemorrhage due to vascular prosth dev/grft
2017,T82838A,T82.838A,true,"Hemorrhage of vascular prosthetic devices, implants and grafts, initial encounter","Hemorrhage due to vascular prosthetic devices, implants and grafts, initial encounter","Hemorrhage of vascular prosth dev/grft, init","Hemorrhage due to vascular prosth dev/grft, init"
2017,T82838D,T82.838D,true,"Hemorrhage of vascular prosthetic devices, implants and grafts, subsequent encounter","Hemorrhage due to vascular prosthetic devices, implants and grafts, subsequent encounter","Hemorrhage of vascular prosth dev/grft, subs","Hemorrhage due to vascular prosth dev/grft, subs"
2017,T82838S,T82.838S,true,"Hemorrhage of vascular prosthetic devices, implants and grafts, sequela","Hemorrhage due to vascular prosthetic devices, implants and grafts, sequela","Hemorrhage of vascular prosth dev/grft, sequela","Hemorrhage due to vascular prosth dev/grft, sequela"
2017,T8284,T82.84,false,"Pain from cardiac and vascular prosthetic devices, implants and grafts","Pain due to cardiac and vascular prosthetic devices, implants and grafts",Pain from cardiac and vascular prosth dev/grft,Pain due to cardiac and vascular prosth dev/grft
2017,T82847,T82.847,false,"Pain from cardiac prosthetic devices, implants and grafts","Pain due to cardiac prosthetic devices, implants and grafts","Pain from cardiac prosthetic devices, implants and grafts","Pain due to cardiac prosthetic devices, implants and grafts"
2017,T82847A,T82.847A,true,"Pain from cardiac prosthetic devices, implants and grafts, initial encounter","Pain due to cardiac prosthetic devices, implants and grafts, initial encounter","Pain from cardiac prosth dev/grft, init","Pain due to cardiac prosth dev/grft, initial encounter"
2017,T82847D,T82.847D,true,"Pain from cardiac prosthetic devices, implants and grafts, subsequent encounter","Pain due to cardiac prosthetic devices, implants and grafts, subsequent encounter","Pain from cardiac prosth dev/grft, subs","Pain due to cardiac prosth dev/grft, subsequent encounter"
2017,T82847S,T82.847S,true,"Pain from cardiac prosthetic devices, implants and grafts, sequela","Pain due to cardiac prosthetic devices, implants and grafts, sequela","Pain from cardiac prosth dev/grft, sequela","Pain due to cardiac prosth dev/grft, sequela"
2017,T82848,T82.848,false,"Pain from vascular prosthetic devices, implants and grafts","Pain due to vascular prosthetic devices, implants and grafts","Pain from vascular prosthetic devices, implants and grafts","Pain due to vascular prosthetic devices, implants and grafts"
2017,T82848A,T82.848A,true,"Pain from vascular prosthetic devices, implants and grafts, initial encounter","Pain due to vascular prosthetic devices, implants and grafts, initial encounter","Pain from vascular prosth dev/grft, init","Pain due to vascular prosth dev/grft, initial encounter"
2017,T82848D,T82.848D,true,"Pain from vascular prosthetic devices, implants and grafts, subsequent encounter","Pain due to vascular prosthetic devices, implants and grafts, subsequent encounter","Pain from vascular prosth dev/grft, subs","Pain due to vascular prosth dev/grft, subsequent encounter"
2017,T82848S,T82.848S,true,"Pain from vascular prosthetic devices, implants and grafts, sequela","Pain due to vascular prosthetic devices, implants and grafts, sequela","Pain from vascular prosth dev/grft, sequela","Pain due to vascular prosth dev/grft, sequela"
2017,T8285,T82.85,false,"Stenosis of cardiac and vascular prosthetic devices, implants and grafts","Stenosis due to cardiac and vascular prosthetic devices, implants and grafts",Stenosis of cardiac and vascular prosth dev/grft,Stenosis due to cardiac and vascular prosth dev/grft
2017,T82857,T82.857,false,"Stenosis of cardiac prosthetic devices, implants and grafts","Stenosis of other cardiac prosthetic devices, implants and grafts","Stenosis of cardiac prosthetic devices, implants and grafts",Stenosis of other cardiac prosth dev/grft
2017,T82857A,T82.857A,true,"Stenosis of cardiac prosthetic devices, implants and grafts, initial encounter","Stenosis of other cardiac prosthetic devices, implants and grafts, initial encounter","Stenosis of cardiac prosth dev/grft, init","Stenosis of other cardiac prosth dev/grft, initial encounter"
2017,T82857D,T82.857D,true,"Stenosis of cardiac prosthetic devices, implants and grafts, subsequent encounter","Stenosis of other cardiac prosthetic devices, implants and grafts, subsequent encounter","Stenosis of cardiac prosth dev/grft, subs","Stenosis of other cardiac prosth dev/grft, subs"
2017,T82857S,T82.857S,true,"Stenosis of cardiac prosthetic devices, implants and grafts, sequela","Stenosis of other cardiac prosthetic devices, implants and grafts, sequela","Stenosis of cardiac prosth dev/grft, sequela","Stenosis of other cardiac prosth dev/grft, sequela"
2017,T82858,T82.858,false,"Stenosis of vascular prosthetic devices, implants and grafts","Stenosis of other vascular prosthetic devices, implants and grafts","Stenosis of vascular prosthetic devices, implants and grafts",Stenosis of other vascular prosth dev/grft
2017,T82858A,T82.858A,true,"Stenosis of vascular prosthetic devices, implants and grafts, initial encounter","Stenosis of other vascular prosthetic devices, implants and grafts, initial encounter","Stenosis of vascular prosth dev/grft, init","Stenosis of other vascular prosth dev/grft, init"
2017,T82858D,T82.858D,true,"Stenosis of vascular prosthetic devices, implants and grafts, subsequent encounter","Stenosis of other vascular prosthetic devices, implants and grafts, subsequent encounter","Stenosis of vascular prosth dev/grft, subs","Stenosis of other vascular prosth dev/grft, subs"
2017,T82858S,T82.858S,true,"Stenosis of vascular prosthetic devices, implants and grafts, sequela","Stenosis of other vascular prosthetic devices, implants and grafts, sequela","Stenosis of vascular prosth dev/grft, sequela","Stenosis of other vascular prosth dev/grft, sequela"
2017,T82867,T82.867,false,"Thrombosis of cardiac prosthetic devices, implants and grafts","Thrombosis due to cardiac prosthetic devices, implants and grafts",Thrombosis of cardiac prosth dev/grft,Thrombosis due to cardiac prosth dev/grft
2017,T82867A,T82.867A,true,"Thrombosis of cardiac prosthetic devices, implants and grafts, initial encounter","Thrombosis due to cardiac prosthetic devices, implants and grafts, initial encounter","Thrombosis of cardiac prosth dev/grft, init","Thrombosis due to cardiac prosth dev/grft, initial encounter"
2017,T82867D,T82.867D,true,"Thrombosis of cardiac prosthetic devices, implants and grafts, subsequent encounter","Thrombosis due to cardiac prosthetic devices, implants and grafts, subsequent encounter","Thrombosis of cardiac prosth dev/grft, subs","Thrombosis due to cardiac prosth dev/grft, subs"
2017,T82867S,T82.867S,true,"Thrombosis of cardiac prosthetic devices, implants and grafts, sequela","Thrombosis due to cardiac prosthetic devices, implants and grafts, sequela","Thrombosis of cardiac prosth dev/grft, sequela","Thrombosis due to cardiac prosth dev/grft, sequela"
2017,T82868,T82.868,false,"Thrombosis of vascular prosthetic devices, implants and grafts","Thrombosis due to vascular prosthetic devices, implants and grafts",Thrombosis of vascular prosth dev/grft,Thrombosis due to vascular prosth dev/grft
2017,T82868A,T82.868A,true,"Thrombosis of vascular prosthetic devices, implants and grafts, initial encounter","Thrombosis due to vascular prosthetic devices, implants and grafts, initial encounter","Thrombosis of vascular prosth dev/grft, init","Thrombosis due to vascular prosth dev/grft, init"
2017,T82868D,T82.868D,true,"Thrombosis of vascular prosthetic devices, implants and grafts, subsequent encounter","Thrombosis due to vascular prosthetic devices, implants and grafts, subsequent encounter","Thrombosis of vascular prosth dev/grft, subs","Thrombosis due to vascular prosth dev/grft, subs"
2017,T82868S,T82.868S,true,"Thrombosis of vascular prosthetic devices, implants and grafts, sequela","Thrombosis due to vascular prosthetic devices, implants and grafts, sequela","Thrombosis of vascular prosth dev/grft, sequela","Thrombosis due to vascular prosth dev/grft, sequela"
2017,T830,T83.0,false,Mechanical complication of urinary (indwelling) catheter,Mechanical complication of urinary catheter,Mechanical complication of urinary (indwelling) catheter,Mechanical complication of urinary catheter
2017,T8301,T83.01,false,Breakdown (mechanical) of urinary (indwelling) catheter,Breakdown (mechanical) of urinary catheter,Breakdown (mechanical) of urinary (indwelling) catheter,Breakdown (mechanical) of urinary catheter
2017,T83018,T83.018,false,Breakdown (mechanical) of other indwelling urethral catheter,Breakdown (mechanical) of other urinary catheter,Breakdown (mechanical) of other indwelling urethral catheter,Breakdown (mechanical) of other urinary catheter
2017,T83018A,T83.018A,true,"Breakdown (mechanical) of other indwelling urethral catheter, initial encounter","Breakdown (mechanical) of other urinary catheter, initial encounter","Breakdown (mechanical) of indwelling urethral catheter, init","Breakdown (mechanical) of other urinary catheter, init"
2017,T83018D,T83.018D,true,"Breakdown (mechanical) of other indwelling urethral catheter, subsequent encounter","Breakdown (mechanical) of other urinary catheter, subsequent encounter","Breakdown (mechanical) of indwelling urethral catheter, subs","Breakdown (mechanical) of other urinary catheter, subs"
2017,T83018S,T83.018S,true,"Breakdown (mechanical) of other indwelling urethral catheter, sequela","Breakdown (mechanical) of other urinary catheter, sequela","Breakdown of indwelling urethral catheter, sequela","Breakdown (mechanical) of other urinary catheter, sequela"
2017,T8302,T83.02,false,Displacement of urinary (indwelling) catheter,Displacement of urinary catheter,Displacement of urinary (indwelling) catheter,Displacement of urinary catheter
2017,T83028,T83.028,false,Displacement of other indwelling urethral catheter,Displacement of other urinary catheter,Displacement of other indwelling urethral catheter,Displacement of other urinary catheter
2017,T83028A,T83.028A,true,"Displacement of other indwelling urethral catheter, initial encounter","Displacement of other urinary catheter, initial encounter","Displacement of oth indwelling urethral catheter, init","Displacement of other urinary catheter, initial encounter"
2017,T83028D,T83.028D,true,"Displacement of other indwelling urethral catheter, subsequent encounter","Displacement of other urinary catheter, subsequent encounter","Displacement of oth indwelling urethral catheter, subs","Displacement of other urinary catheter, subsequent encounter"
2017,T83028S,T83.028S,true,"Displacement of other indwelling urethral catheter, sequela","Displacement of other urinary catheter, sequela","Displacement of other indwelling urethral catheter, sequela","Displacement of other urinary catheter, sequela"
2017,T8303,T83.03,false,Leakage of urinary (indwelling) catheter,Leakage of urinary catheter,Leakage of urinary (indwelling) catheter,Leakage of urinary catheter
2017,T83038,T83.038,false,Leakage of other indwelling urethral catheter,Leakage of other urinary catheter,Leakage of other indwelling urethral catheter,Leakage of other urinary catheter
2017,T83038A,T83.038A,true,"Leakage of other indwelling urethral catheter, initial encounter","Leakage of other urinary catheter, initial encounter","Leakage of other indwelling urethral catheter, init encntr","Leakage of other urinary catheter, initial encounter"
2017,T83038D,T83.038D,true,"Leakage of other indwelling urethral catheter, subsequent encounter","Leakage of other urinary catheter, subsequent encounter","Leakage of other indwelling urethral catheter, subs encntr","Leakage of other urinary catheter, subsequent encounter"
2017,T83038S,T83.038S,true,"Leakage of other indwelling urethral catheter, sequela","Leakage of other urinary catheter, sequela","Leakage of other indwelling urethral catheter, sequela","Leakage of other urinary catheter, sequela"
2017,T8309,T83.09,false,Other mechanical complication of urinary (indwelling) catheter,Other mechanical complication of urinary catheter,Mech compl of urinary (indwelling) catheter,Other mechanical complication of urinary catheter
2017,T83098,T83.098,false,Other mechanical complication of other indwelling urethral catheter,Other mechanical complication of other urinary catheter,Mech compl of other indwelling urethral catheter,Other mechanical complication of other urinary catheter
2017,T83098A,T83.098A,true,"Other mechanical complication of other indwelling urethral catheter, initial encounter","Other mechanical complication of other urinary catheter, initial encounter","Mech compl of oth indwelling urethral catheter, init encntr","Mech compl of other urinary catheter, initial encounter"
2017,T83098D,T83.098D,true,"Other mechanical complication of other indwelling urethral catheter, subsequent encounter","Other mechanical complication of other urinary catheter, subsequent encounter","Mech compl of oth indwelling urethral catheter, subs encntr","Mech compl of other urinary catheter, subsequent encounter"
2017,T83098S,T83.098S,true,"Other mechanical complication of other indwelling urethral catheter, sequela","Other mechanical complication of other urinary catheter, sequela","Mech compl of other indwelling urethral catheter, sequela","Mech compl of other urinary catheter, sequela"
2017,T83111,T83.111,false,Breakdown (mechanical) of urinary sphincter implant,Breakdown (mechanical) of implanted urinary sphincter,Breakdown (mechanical) of urinary sphincter implant,Breakdown (mechanical) of implanted urinary sphincter
2017,T83111A,T83.111A,true,"Breakdown (mechanical) of urinary sphincter implant, initial encounter","Breakdown (mechanical) of implanted urinary sphincter, initial encounter","Breakdown (mechanical) of urinary sphincter implant, init","Breakdown (mechanical) of implanted urinary sphincter, init"
2017,T83111D,T83.111D,true,"Breakdown (mechanical) of urinary sphincter implant, subsequent encounter","Breakdown (mechanical) of implanted urinary sphincter, subsequent encounter","Breakdown (mechanical) of urinary sphincter implant, subs","Breakdown (mechanical) of implanted urinary sphincter, subs"
2017,T83111S,T83.111S,true,"Breakdown (mechanical) of urinary sphincter implant, sequela","Breakdown (mechanical) of implanted urinary sphincter, sequela","Breakdown (mechanical) of urinary sphincter implant, sequela","Breakdown of implanted urinary sphincter, sequela"
2017,T83112,T83.112,false,Breakdown (mechanical) of urinary stent,Breakdown (mechanical) of indwelling ureteral stent,Breakdown (mechanical) of urinary stent,Breakdown (mechanical) of indwelling ureteral stent
2017,T83112A,T83.112A,true,"Breakdown (mechanical) of urinary stent, initial encounter","Breakdown (mechanical) of indwelling ureteral stent, initial encounter","Breakdown (mechanical) of urinary stent, initial encounter","Breakdown (mechanical) of indwelling ureteral stent, init"
2017,T83112D,T83.112D,true,"Breakdown (mechanical) of urinary stent, subsequent encounter","Breakdown (mechanical) of indwelling ureteral stent, subsequent encounter","Breakdown (mechanical) of urinary stent, subs encntr","Breakdown (mechanical) of indwelling ureteral stent, subs"
2017,T83112S,T83.112S,true,"Breakdown (mechanical) of urinary stent, sequela","Breakdown (mechanical) of indwelling ureteral stent, sequela","Breakdown (mechanical) of urinary stent, sequela","Breakdown (mechanical) of indwelling ureteral stent, sequela"
2017,T83121,T83.121,false,Displacement of urinary sphincter implant,Displacement of implanted urinary sphincter,Displacement of urinary sphincter implant,Displacement of implanted urinary sphincter
2017,T83121A,T83.121A,true,"Displacement of urinary sphincter implant, initial encounter","Displacement of implanted urinary sphincter, initial encounter","Displacement of urinary sphincter implant, initial encounter","Displacement of implanted urinary sphincter, init"
2017,T83121D,T83.121D,true,"Displacement of urinary sphincter implant, subsequent encounter","Displacement of implanted urinary sphincter, subsequent encounter","Displacement of urinary sphincter implant, subs encntr","Displacement of implanted urinary sphincter, subs"
2017,T83121S,T83.121S,true,"Displacement of urinary sphincter implant, sequela","Displacement of implanted urinary sphincter, sequela","Displacement of urinary sphincter implant, sequela","Displacement of implanted urinary sphincter, sequela"
2017,T83122,T83.122,false,Displacement of urinary stent,Displacement of indwelling ureteral stent,Displacement of urinary stent,Displacement of indwelling ureteral stent
2017,T83122A,T83.122A,true,"Displacement of urinary stent, initial encounter","Displacement of indwelling ureteral stent, initial encounter","Displacement of urinary stent, initial encounter","Displacement of indwelling ureteral stent, initial encounter"
2017,T83122D,T83.122D,true,"Displacement of urinary stent, subsequent encounter","Displacement of indwelling ureteral stent, subsequent encounter","Displacement of urinary stent, subsequent encounter","Displacement of indwelling ureteral stent, subs"
2017,T83122S,T83.122S,true,"Displacement of urinary stent, sequela","Displacement of indwelling ureteral stent, sequela","Displacement of urinary stent, sequela","Displacement of indwelling ureteral stent, sequela"
2017,T83191,T83.191,false,Other mechanical complication of urinary sphincter implant,Other mechanical complication of implanted urinary sphincter,Other mechanical complication of urinary sphincter implant,Other mechanical complication of implanted urinary sphincter
2017,T83191A,T83.191A,true,"Other mechanical complication of urinary sphincter implant, initial encounter","Other mechanical complication of implanted urinary sphincter, initial encounter","Mech compl of urinary sphincter implant, initial encounter","Mech compl of implanted urinary sphincter, initial encounter"
2017,T83191D,T83.191D,true,"Other mechanical complication of urinary sphincter implant, subsequent encounter","Other mechanical complication of implanted urinary sphincter, subsequent encounter","Mech compl of urinary sphincter implant, subs encntr","Mech compl of implanted urinary sphincter, subs"
2017,T83191S,T83.191S,true,"Other mechanical complication of urinary sphincter implant, sequela","Other mechanical complication of implanted urinary sphincter, sequela","Mech compl of urinary sphincter implant, sequela","Mech compl of implanted urinary sphincter, sequela"
2017,T83192,T83.192,false,Other mechanical complication of urinary stent,Other mechanical complication of indwelling ureteral stent,Other mechanical complication of urinary stent,Other mechanical complication of indwelling ureteral stent
2017,T83192A,T83.192A,true,"Other mechanical complication of urinary stent, initial encounter","Other mechanical complication of indwelling ureteral stent, initial encounter","Mech compl of urinary stent, initial encounter","Mech compl of indwelling ureteral stent, initial encounter"
2017,T83192D,T83.192D,true,"Other mechanical complication of urinary stent, subsequent encounter","Other mechanical complication of indwelling ureteral stent, subsequent encounter","Mech compl of urinary stent, subsequent encounter","Mech compl of indwelling ureteral stent, subs"
2017,T83192S,T83.192S,true,"Other mechanical complication of urinary stent, sequela","Other mechanical complication of indwelling ureteral stent, sequela","Other mechanical complication of urinary stent, sequela","Mech compl of indwelling ureteral stent, sequela"
2017,T83410,T83.410,false,Breakdown (mechanical) of penile (implanted) prosthesis,Breakdown (mechanical) of implanted penile prosthesis,Breakdown (mechanical) of penile (implanted) prosthesis,Breakdown (mechanical) of implanted penile prosthesis
2017,T83410A,T83.410A,true,"Breakdown (mechanical) of penile (implanted) prosthesis, initial encounter","Breakdown (mechanical) of implanted penile prosthesis, initial encounter","Breakdown of penile (implanted) prosthesis, init","Breakdown (mechanical) of implanted penile prosthesis, init"
2017,T83410D,T83.410D,true,"Breakdown (mechanical) of penile (implanted) prosthesis, subsequent encounter","Breakdown (mechanical) of implanted penile prosthesis, subsequent encounter","Breakdown of penile (implanted) prosthesis, subs","Breakdown (mechanical) of implanted penile prosthesis, subs"
2017,T83410S,T83.410S,true,"Breakdown (mechanical) of penile (implanted) prosthesis, sequela","Breakdown (mechanical) of implanted penile prosthesis, sequela","Breakdown of penile (implanted) prosthesis, sequela","Breakdown of implanted penile prosthesis, sequela"
2017,T83420,T83.420,false,Displacement of penile (implanted) prosthesis,Displacement of implanted penile prosthesis,Displacement of penile (implanted) prosthesis,Displacement of implanted penile prosthesis
2017,T83420A,T83.420A,true,"Displacement of penile (implanted) prosthesis, initial encounter","Displacement of implanted penile prosthesis, initial encounter","Displacement of penile (implanted) prosthesis, init encntr","Displacement of implanted penile prosthesis, init"
2017,T83420D,T83.420D,true,"Displacement of penile (implanted) prosthesis, subsequent encounter","Displacement of implanted penile prosthesis, subsequent encounter","Displacement of penile (implanted) prosthesis, subs encntr","Displacement of implanted penile prosthesis, subs"
2017,T83420S,T83.420S,true,"Displacement of penile (implanted) prosthesis, sequela","Displacement of implanted penile prosthesis, sequela","Displacement of penile (implanted) prosthesis, sequela","Displacement of implanted penile prosthesis, sequela"
2017,T83490,T83.490,false,Other mechanical complication of penile (implanted) prosthesis,Other mechanical complication of implanted penile prosthesis,Mech compl of penile (implanted) prosthesis,Other mechanical complication of implanted penile prosthesis
2017,T83490A,T83.490A,true,"Other mechanical complication of penile (implanted) prosthesis, initial encounter","Other mechanical complication of implanted penile prosthesis, initial encounter","Mech compl of penile (implanted) prosthesis, init encntr","Mech compl of implanted penile prosthesis, initial encounter"
2017,T83490D,T83.490D,true,"Other mechanical complication of penile (implanted) prosthesis, subsequent encounter","Other mechanical complication of implanted penile prosthesis, subsequent encounter","Mech compl of penile (implanted) prosthesis, subs encntr","Mech compl of implanted penile prosthesis, subs"
2017,T83490S,T83.490S,true,"Other mechanical complication of penile (implanted) prosthesis, sequela","Other mechanical complication of implanted penile prosthesis, sequela","Mech compl of penile (implanted) prosthesis, sequela","Mech compl of implanted penile prosthesis, sequela"
2017,T8351,T83.51,false,Infection and inflammatory reaction due to indwelling urinary catheter,Infection and inflammatory reaction due to urinary catheter,Infect/inflm reaction due to indwelling urinary catheter,Infection and inflammatory reaction due to urinary catheter
2017,T83711,T83.711,false,Erosion of implanted vaginal mesh and other prosthetic materials to surrounding organ or tissue,Erosion of implanted vaginal mesh to surrounding organ or tissue,Erosion of implnt vag prstht mtrl to surrnd org/tiss,Erosion of implanted vaginal mesh to surrnd org/tiss
2017,T83711A,T83.711A,true,"Erosion of implanted vaginal mesh and other prosthetic materials to surrounding organ or tissue, initial encounter","Erosion of implanted vaginal mesh to surrounding organ or tissue, initial encounter","Erosion of implnt vag prstht mtrl to surrnd org/tiss, init","Erosn implnt vaginal mesh to surrnd org/tiss, init"
2017,T83711D,T83.711D,true,"Erosion of implanted vaginal mesh and other prosthetic materials to surrounding organ or tissue, subsequent encounter","Erosion of implanted vaginal mesh to surrounding organ or tissue, subsequent encounter","Erosion of implnt vag prstht mtrl to surrnd org/tiss, subs","Erosn implnt vaginal mesh to surrnd org/tiss, subs"
2017,T83711S,T83.711S,true,"Erosion of implanted vaginal mesh and other prosthetic materials to surrounding organ or tissue, sequela","Erosion of implanted vaginal mesh to surrounding organ or tissue, sequela","Erosion of implnt vag prstht mtrl to surrnd org/tiss, sqla","Erosn implnt vaginal mesh to surrnd org/tiss, sequela"
2017,T83718,T83.718,false,Erosion of other implanted mesh and other prosthetic materials to surrounding organ or tissue,Erosion of other implanted mesh to organ or tissue,Erosion of implanted prstht mtrl to surrnd org/tiss,Erosion of other implanted mesh to organ or tissue
2017,T83718A,T83.718A,true,"Erosion of other implanted mesh and other prosthetic materials to surrounding organ or tissue, initial encounter","Erosion of other implanted mesh to organ or tissue, initial encounter","Erosion of implanted prstht mtrl to surrnd org/tiss, init","Erosion of other implanted mesh to organ or tissue, init"
2017,T83718D,T83.718D,true,"Erosion of other implanted mesh and other prosthetic materials to surrounding organ or tissue, subsequent encounter","Erosion of other implanted mesh to organ or tissue, subsequent encounter","Erosion of implanted prstht mtrl to surrnd org/tiss, subs","Erosion of other implanted mesh to organ or tissue, subs"
2017,T83718S,T83.718S,true,"Erosion of other implanted mesh and other prosthetic materials to surrounding organ or tissue, sequela","Erosion of other implanted mesh to organ or tissue, sequela","Erosion of implanted prstht mtrl to surrnd org/tiss, sequela","Erosion of other implanted mesh to organ or tissue, sequela"
2017,T83721,T83.721,false,Exposure of implanted vaginal mesh and other prosthetic materials into vagina,Exposure of implanted vaginal mesh into vagina,Exposure of implnt vag prstht mtrl into vagina,Exposure of implanted vaginal mesh into vagina
2017,T83721A,T83.721A,true,"Exposure of implanted vaginal mesh and other prosthetic materials into vagina, initial encounter","Exposure of implanted vaginal mesh into vagina, initial encounter","Exposure of implnt vag prstht mtrl into vagina, init encntr","Exposure of implanted vaginal mesh into vagina, init"
2017,T83721D,T83.721D,true,"Exposure of implanted vaginal mesh and other prosthetic materials into vagina, subsequent encounter","Exposure of implanted vaginal mesh into vagina, subsequent encounter","Exposure of implnt vag prstht mtrl into vagina, subs encntr","Exposure of implanted vaginal mesh into vagina, subs"
2017,T83721S,T83.721S,true,"Exposure of implanted vaginal mesh and other prosthetic materials into vagina, sequela","Exposure of implanted vaginal mesh into vagina, sequela","Exposure of implnt vag prstht mtrl into vagina, sequela","Exposure of implanted vaginal mesh into vagina, sequela"
2017,T83728,T83.728,false,Exposure of other implanted mesh and other prosthetic materials to surrounding organ or tissue,Exposure of other implanted mesh into organ or tissue,Exposure of implanted prstht mtrl to surrnd org/tiss,Exposure of other implanted mesh into organ or tissue
2017,T83728A,T83.728A,true,"Exposure of other implanted mesh and other prosthetic materials to surrounding organ or tissue, initial encounter","Exposure of other implanted mesh into organ or tissue, initial encounter","Exposure of implanted prstht mtrl to surrnd org/tiss, init","Exposure of other implanted mesh into organ or tissue, init"
2017,T83728D,T83.728D,true,"Exposure of other implanted mesh and other prosthetic materials to surrounding organ or tissue, subsequent encounter","Exposure of other implanted mesh into organ or tissue, subsequent encounter","Exposure of implanted prstht mtrl to surrnd org/tiss, subs","Exposure of other implanted mesh into organ or tissue, subs"
2017,T83728S,T83.728S,true,"Exposure of other implanted mesh and other prosthetic materials to surrounding organ or tissue, sequela","Exposure of other implanted mesh into organ or tissue, sequela","Exposure of implnt prstht mtrl to surrnd org/tiss, sequela","Exposure of other implnt mesh into organ or tissue, sequela"
2017,T8381,T83.81,false,"Embolism of genitourinary prosthetic devices, implants and grafts","Embolism due to genitourinary prosthetic devices, implants and grafts",Embolism of genitourinary prosth dev/grft,Embolism due to genitourinary prosth dev/grft
2017,T8381XA,T83.81XA,true,"Embolism of genitourinary prosthetic devices, implants and grafts, initial encounter","Embolism due to genitourinary prosthetic devices, implants and grafts, initial encounter","Embolism of genitourinary prosth dev/grft, init","Embolism due to genitourinary prosth dev/grft, init"
2017,T8381XD,T83.81XD,true,"Embolism of genitourinary prosthetic devices, implants and grafts, subsequent encounter","Embolism due to genitourinary prosthetic devices, implants and grafts, subsequent encounter","Embolism of genitourinary prosth dev/grft, subs","Embolism due to genitourinary prosth dev/grft, subs"
2017,T8381XS,T83.81XS,true,"Embolism of genitourinary prosthetic devices, implants and grafts, sequela","Embolism due to genitourinary prosthetic devices, implants and grafts, sequela","Embolism of genitourinary prosth dev/grft, sequela","Embolism due to genitourinary prosth dev/grft, sequela"
2017,T8382,T83.82,false,"Fibrosis of genitourinary prosthetic devices, implants and grafts","Fibrosis due to genitourinary prosthetic devices, implants and grafts",Fibrosis of genitourinary prosth dev/grft,Fibrosis due to genitourinary prosth dev/grft
2017,T8382XA,T83.82XA,true,"Fibrosis of genitourinary prosthetic devices, implants and grafts, initial encounter","Fibrosis due to genitourinary prosthetic devices, implants and grafts, initial encounter","Fibrosis of genitourinary prosth dev/grft, init","Fibrosis due to genitourinary prosth dev/grft, init"
2017,T8382XD,T83.82XD,true,"Fibrosis of genitourinary prosthetic devices, implants and grafts, subsequent encounter","Fibrosis due to genitourinary prosthetic devices, implants and grafts, subsequent encounter","Fibrosis of genitourinary prosth dev/grft, subs","Fibrosis due to genitourinary prosth dev/grft, subs"
2017,T8382XS,T83.82XS,true,"Fibrosis of genitourinary prosthetic devices, implants and grafts, sequela","Fibrosis due to genitourinary prosthetic devices, implants and grafts, sequela","Fibrosis of genitourinary prosth dev/grft, sequela","Fibrosis due to genitourinary prosth dev/grft, sequela"
2017,T8383,T83.83,false,"Hemorrhage of genitourinary prosthetic devices, implants and grafts","Hemorrhage due to genitourinary prosthetic devices, implants and grafts",Hemorrhage of genitourinary prosth dev/grft,Hemorrhage due to genitourinary prosth dev/grft
2017,T8383XA,T83.83XA,true,"Hemorrhage of genitourinary prosthetic devices, implants and grafts, initial encounter","Hemorrhage due to genitourinary prosthetic devices, implants and grafts, initial encounter","Hemorrhage of genitourinary prosth dev/grft, init","Hemorrhage due to genitourinary prosth dev/grft, init"
2017,T8383XD,T83.83XD,true,"Hemorrhage of genitourinary prosthetic devices, implants and grafts, subsequent encounter","Hemorrhage due to genitourinary prosthetic devices, implants and grafts, subsequent encounter","Hemorrhage of genitourinary prosth dev/grft, subs","Hemorrhage due to genitourinary prosth dev/grft, subs"
2017,T8383XS,T83.83XS,true,"Hemorrhage of genitourinary prosthetic devices, implants and grafts, sequela","Hemorrhage due to genitourinary prosthetic devices, implants and grafts, sequela","Hemorrhage of genitourinary prosth dev/grft, sequela","Hemorrhage due to genitourinary prosth dev/grft, sequela"
2017,T8384,T83.84,false,"Pain from genitourinary prosthetic devices, implants and grafts","Pain due to genitourinary prosthetic devices, implants and grafts",Pain from genitourinary prosth dev/grft,Pain due to genitourinary prosth dev/grft
2017,T8384XA,T83.84XA,true,"Pain from genitourinary prosthetic devices, implants and grafts, initial encounter","Pain due to genitourinary prosthetic devices, implants and grafts, initial encounter","Pain from genitourinary prosth dev/grft, init","Pain due to genitourinary prosth dev/grft, initial encounter"
2017,T8384XD,T83.84XD,true,"Pain from genitourinary prosthetic devices, implants and grafts, subsequent encounter","Pain due to genitourinary prosthetic devices, implants and grafts, subsequent encounter","Pain from genitourinary prosth dev/grft, subs","Pain due to genitourinary prosth dev/grft, subs"
2017,T8384XS,T83.84XS,true,"Pain from genitourinary prosthetic devices, implants and grafts, sequela","Pain due to genitourinary prosthetic devices, implants and grafts, sequela","Pain from genitourinary prosth dev/grft, sequela","Pain due to genitourinary prosth dev/grft, sequela"
2017,T8385,T83.85,false,"Stenosis of genitourinary prosthetic devices, implants and grafts","Stenosis due to genitourinary prosthetic devices, implants and grafts",Stenosis of genitourinary prosth dev/grft,Stenosis due to genitourinary prosth dev/grft
2017,T8385XA,T83.85XA,true,"Stenosis of genitourinary prosthetic devices, implants and grafts, initial encounter","Stenosis due to genitourinary prosthetic devices, implants and grafts, initial encounter","Stenosis of genitourinary prosth dev/grft, init","Stenosis due to genitourinary prosth dev/grft, init"
2017,T8385XD,T83.85XD,true,"Stenosis of genitourinary prosthetic devices, implants and grafts, subsequent encounter","Stenosis due to genitourinary prosthetic devices, implants and grafts, subsequent encounter","Stenosis of genitourinary prosth dev/grft, subs","Stenosis due to genitourinary prosth dev/grft, subs"
2017,T8385XS,T83.85XS,true,"Stenosis of genitourinary prosthetic devices, implants and grafts, sequela","Stenosis due to genitourinary prosthetic devices, implants and grafts, sequela","Stenosis of genitourinary prosth dev/grft, sequela","Stenosis due to genitourinary prosth dev/grft, sequela"
2017,T8386,T83.86,false,"Thrombosis of genitourinary prosthetic devices, implants and grafts","Thrombosis due to genitourinary prosthetic devices, implants and grafts",Thrombosis of genitourinary prosth dev/grft,Thrombosis due to genitourinary prosth dev/grft
2017,T8386XA,T83.86XA,true,"Thrombosis of genitourinary prosthetic devices, implants and grafts, initial encounter","Thrombosis due to genitourinary prosthetic devices, implants and grafts, initial encounter","Thrombosis of genitourinary prosth dev/grft, init","Thrombosis due to genitourinary prosth dev/grft, init"
2017,T8386XD,T83.86XD,true,"Thrombosis of genitourinary prosthetic devices, implants and grafts, subsequent encounter","Thrombosis due to genitourinary prosthetic devices, implants and grafts, subsequent encounter","Thrombosis of genitourinary prosth dev/grft, subs","Thrombosis due to genitourinary prosth dev/grft, subs"
2017,T8386XS,T83.86XS,true,"Thrombosis of genitourinary prosthetic devices, implants and grafts, sequela","Thrombosis due to genitourinary prosthetic devices, implants and grafts, sequela","Thrombosis of genitourinary prosth dev/grft, sequela","Thrombosis due to genitourinary prosth dev/grft, sequela"
2017,T85110,T85.110,false,Breakdown (mechanical) of implanted electronic neurostimulator (electrode) of brain,Breakdown (mechanical) of implanted electronic neurostimulator of brain electrode (lead),Brkdwn implanted electronic neurostim (electrode) of brain,Breakdown (mechanical) of implnt elec nstim of brain lead
2017,T85110A,T85.110A,true,"Breakdown (mechanical) of implanted electronic neurostimulator (electrode) of brain, initial encounter","Breakdown (mechanical) of implanted electronic neurostimulator of brain electrode (lead), initial encounter","Brkdwn implanted electronic neurostim of brain, init","Breakdown of implnt elec nstim of brain lead, init"
2017,T85110D,T85.110D,true,"Breakdown (mechanical) of implanted electronic neurostimulator (electrode) of brain, subsequent encounter","Breakdown (mechanical) of implanted electronic neurostimulator of brain electrode (lead), subsequent encounter","Brkdwn implanted electronic neurostim of brain, subs","Breakdown of implnt elec nstim of brain lead, subs"
2017,T85110S,T85.110S,true,"Breakdown (mechanical) of implanted electronic neurostimulator (electrode) of brain, sequela","Breakdown (mechanical) of implanted electronic neurostimulator of brain electrode (lead), sequela","Brkdwn implanted electronic neurostim of brain, sequela","Breakdown of implnt elec nstim of brain lead, sequela"
2017,T85111,T85.111,false,Breakdown (mechanical) of implanted electronic neurostimulator (electrode) of peripheral nerve,Breakdown (mechanical) of implanted electronic neurostimulator of peripheral nerve electrode (lead),Brkdwn implanted electronic neurostim of periph nrv,Breakdown (mechanical) of implnt elec nstim of prph nrv lead
2017,T85111A,T85.111A,true,"Breakdown (mechanical) of implanted electronic neurostimulator (electrode) of peripheral nerve, initial encounter","Breakdown (mechanical) of implanted electronic neurostimulator of peripheral nerve electrode (lead), initial encounter","Brkdwn implanted electronic neurostim of periph nrv, init","Breakdown of implnt elec nstim of prph nrv lead, init"
2017,T85111D,T85.111D,true,"Breakdown (mechanical) of implanted electronic neurostimulator (electrode) of peripheral nerve, subsequent encounter","Breakdown (mechanical) of implanted electronic neurostimulator of peripheral nerve electrode (lead), subsequent encounter","Brkdwn implanted electronic neurostim of periph nrv, subs","Breakdown of implnt elec nstim of prph nrv lead, subs"
2017,T85111S,T85.111S,true,"Breakdown (mechanical) of implanted electronic neurostimulator (electrode) of peripheral nerve, sequela","Breakdown (mechanical) of implanted electronic neurostimulator of peripheral nerve electrode (lead), sequela","Brkdwn implanted electronic neurostim of periph nrv, sequela","Breakdown of implnt elec nstim of prph nrv lead, sequela"
2017,T85112,T85.112,false,Breakdown (mechanical) of implanted electronic neurostimulator (electrode) of spinal cord,Breakdown (mechanical) of implanted electronic neurostimulator of spinal cord electrode (lead),Brkdwn implanted electronic neurostim of spinal cord,Breakdown of implnt elec nstim of spinal cord lead
2017,T85112A,T85.112A,true,"Breakdown (mechanical) of implanted electronic neurostimulator (electrode) of spinal cord, initial encounter","Breakdown (mechanical) of implanted electronic neurostimulator of spinal cord electrode (lead), initial encounter","Brkdwn implanted electronic neurostim of spinal cord, init","Breakdown of implnt elec nstim of spinal cord lead, init"
2017,T85112D,T85.112D,true,"Breakdown (mechanical) of implanted electronic neurostimulator (electrode) of spinal cord, subsequent encounter","Breakdown (mechanical) of implanted electronic neurostimulator of spinal cord electrode (lead), subsequent encounter","Brkdwn implanted electronic neurostim of spinal cord, subs","Breakdown of implnt elec nstim of spinal cord lead, subs"
2017,T85112S,T85.112S,true,"Breakdown (mechanical) of implanted electronic neurostimulator (electrode) of spinal cord, sequela","Breakdown (mechanical) of implanted electronic neurostimulator of spinal cord electrode (lead), sequela","Brkdwn implanted electrnc neurostim of spinal cord, sequela","Breakdown of implnt elec nstim of spinal cord lead, sequela"
2017,T85120,T85.120,false,Displacement of implanted electronic neurostimulator (electrode) of brain,Displacement of implanted electronic neurostimulator of brain electrode (lead),Displacmnt of implanted electronic neurostim of brain,Displacement of implnt elec nstim of brain electrode (lead)
2017,T85120A,T85.120A,true,"Displacement of implanted electronic neurostimulator (electrode) of brain, initial encounter","Displacement of implanted electronic neurostimulator of brain electrode (lead), initial encounter","Displacmnt of implanted electronic neurostim of brain, init","Displacement of implnt elec nstim of brain lead, init"
2017,T85120D,T85.120D,true,"Displacement of implanted electronic neurostimulator (electrode) of brain, subsequent encounter","Displacement of implanted electronic neurostimulator of brain electrode (lead), subsequent encounter","Displacmnt of implanted electronic neurostim of brain, subs","Displacement of implnt elec nstim of brain lead, subs"
2017,T85120S,T85.120S,true,"Displacement of implanted electronic neurostimulator (electrode) of brain, sequela","Displacement of implanted electronic neurostimulator of brain electrode (lead), sequela","Displacmnt of implanted electrnc neurostim of brain, sequela","Displacement of implnt elec nstim of brain lead, sequela"
2017,T85121,T85.121,false,Displacement of implanted electronic neurostimulator (electrode) of peripheral nerve,Displacement of implanted electronic neurostimulator of peripheral nerve electrode (lead),Displacmnt of implanted electronic neurostim of periph nrv,Displacement of implnt elec nstim of peripheral nerve lead
2017,T85121A,T85.121A,true,"Displacement of implanted electronic neurostimulator (electrode) of peripheral nerve, initial encounter","Displacement of implanted electronic neurostimulator of peripheral nerve electrode (lead), initial encounter","Displacmnt of implnt electrnc neurostim of periph nrv, init","Displacement of implnt elec nstim of prph nrv lead, init"
2017,T85121D,T85.121D,true,"Displacement of implanted electronic neurostimulator (electrode) of peripheral nerve, subsequent encounter","Displacement of implanted electronic neurostimulator of peripheral nerve electrode (lead), subsequent encounter","Displacmnt of implnt electrnc neurostim of periph nrv, subs","Displacement of implnt elec nstim of prph nrv lead, subs"
2017,T85121S,T85.121S,true,"Displacement of implanted electronic neurostimulator (electrode) of peripheral nerve, sequela","Displacement of implanted electronic neurostimulator of peripheral nerve electrode (lead), sequela","Displacmnt of implnt electrnc neurostim of periph nrv, sqla","Displacement of implnt elec nstim of prph nrv lead, sequela"
2017,T85122,T85.122,false,Displacement of implanted electronic neurostimulator (electrode) of spinal cord,Displacement of implanted electronic neurostimulator of spinal cord electrode (lead),Displacmnt of implanted electronic neurostim of spinal cord,Displacement of implnt elec nstim of spinal cord lead
2017,T85122A,T85.122A,true,"Displacement of implanted electronic neurostimulator (electrode) of spinal cord, initial encounter","Displacement of implanted electronic neurostimulator of spinal cord electrode (lead), initial encounter","Displacmnt of implnt electrnc neurostim of spinal cord, init","Displacement of implnt elec nstim of spinal cord lead, init"
2017,T85122D,T85.122D,true,"Displacement of implanted electronic neurostimulator (electrode) of spinal cord, subsequent encounter","Displacement of implanted electronic neurostimulator of spinal cord electrode (lead), subsequent encounter","Displacmnt of implnt electrnc neurostim of spinal cord, subs","Displacement of implnt elec nstim of spinal cord lead, subs"
2017,T85122S,T85.122S,true,"Displacement of implanted electronic neurostimulator (electrode) of spinal cord, sequela","Displacement of implanted electronic neurostimulator of spinal cord electrode (lead), sequela","Displacmnt of implnt electrnc neurostim of spinal cord, sqla","Displacmnt of implnt elec nstim of spinal cord lead, sequela"
2017,T85190,T85.190,false,Other mechanical complication of implanted electronic neurostimulator (electrode) of brain,Other mechanical complication of implanted electronic neurostimulator of brain electrode (lead),Mech compl of implanted electronic neurostim of brain,Mech compl of implnt elec nstim of brain electrode (lead)
2017,T85190A,T85.190A,true,"Other mechanical complication of implanted electronic neurostimulator (electrode) of brain, initial encounter","Other mechanical complication of implanted electronic neurostimulator of brain electrode (lead), initial encounter","Mech compl of implanted electronic neurostim of brain, init","Mech compl of implnt elec nstim of brain lead, init"
2017,T85190D,T85.190D,true,"Other mechanical complication of implanted electronic neurostimulator (electrode) of brain, subsequent encounter","Other mechanical complication of implanted electronic neurostimulator of brain electrode (lead), subsequent encounter","Mech compl of implanted electronic neurostim of brain, subs","Mech compl of implnt elec nstim of brain lead, subs"
2017,T85190S,T85.190S,true,"Other mechanical complication of implanted electronic neurostimulator (electrode) of brain, sequela","Other mechanical complication of implanted electronic neurostimulator of brain electrode (lead), sequela","Mech compl of implanted electrnc neurostim of brain, sequela","Mech compl of implnt elec nstim of brain lead, sequela"
2017,T85191,T85.191,false,Other mechanical complication of implanted electronic neurostimulator (electrode) of peripheral nerve,Other mechanical complication of implanted electronic neurostimulator of peripheral nerve electrode (lead),Mech compl of implanted electronic neurostim of periph nrv,Mech compl of implnt elec nstim of peripheral nerve lead
2017,T85191A,T85.191A,true,"Other mechanical complication of implanted electronic neurostimulator (electrode) of peripheral nerve, initial encounter","Other mechanical complication of implanted electronic neurostimulator of peripheral nerve electrode (lead), initial encounter","Mech compl of implnt electrnc neurostim of periph nrv, init","Mech compl of implnt elec nstim of prph nrv lead, init"
2017,T85191D,T85.191D,true,"Other mechanical complication of implanted electronic neurostimulator (electrode) of peripheral nerve, subsequent encounter","Other mechanical complication of implanted electronic neurostimulator of peripheral nerve electrode (lead), subsequent encounter","Mech compl of implnt electrnc neurostim of periph nrv, subs","Mech compl of implnt elec nstim of prph nrv lead, subs"
2017,T85191S,T85.191S,true,"Other mechanical complication of implanted electronic neurostimulator (electrode) of peripheral nerve, sequela","Other mechanical complication of implanted electronic neurostimulator of peripheral nerve electrode (lead), sequela","Mech compl of implnt electrnc neurostim of periph nrv, sqla","Mech compl of implnt elec nstim of prph nrv lead, sequela"
2017,T85192,T85.192,false,Other mechanical complication of implanted electronic neurostimulator (electrode) of spinal cord,Other mechanical complication of implanted electronic neurostimulator of spinal cord electrode (lead),Mech compl of implanted electronic neurostim of spinal cord,Mech compl of implnt elec nstim of spinal cord lead
2017,T85192A,T85.192A,true,"Other mechanical complication of implanted electronic neurostimulator (electrode) of spinal cord, initial encounter","Other mechanical complication of implanted electronic neurostimulator of spinal cord electrode (lead), initial encounter","Mech compl of implnt electrnc neurostim of spinal cord, init","Mech compl of implnt elec nstim of spinal cord lead, init"
2017,T85192D,T85.192D,true,"Other mechanical complication of implanted electronic neurostimulator (electrode) of spinal cord, subsequent encounter","Other mechanical complication of implanted electronic neurostimulator of spinal cord electrode (lead), subsequent encounter","Mech compl of implnt electrnc neurostim of spinal cord, subs","Mech compl of implnt elec nstim of spinal cord lead, subs"
2017,T85192S,T85.192S,true,"Other mechanical complication of implanted electronic neurostimulator (electrode) of spinal cord, sequela","Other mechanical complication of implanted electronic neurostimulator of spinal cord electrode (lead), sequela","Mech compl of implnt electrnc neurostim of spinal cord, sqla","Mech compl of implnt elec nstim of spinal cord lead, sequela"
2017,T85610,T85.610,false,Breakdown (mechanical) of epidural and subdural infusion catheter,Breakdown (mechanical) of cranial or spinal infusion catheter,Breakdown of epidural and subdural infusion catheter,Breakdown of cranial or spinal infusion catheter
2017,T85610A,T85.610A,true,"Breakdown (mechanical) of epidural and subdural infusion catheter, initial encounter","Breakdown (mechanical) of cranial or spinal infusion catheter, initial encounter","Breakdown of epidural and subdural infusion catheter, init","Breakdown of cranial or spinal infusion catheter, init"
2017,T85610D,T85.610D,true,"Breakdown (mechanical) of epidural and subdural infusion catheter, subsequent encounter","Breakdown (mechanical) of cranial or spinal infusion catheter, subsequent encounter","Breakdown of epidural and subdural infusion catheter, subs","Breakdown of cranial or spinal infusion catheter, subs"
2017,T85610S,T85.610S,true,"Breakdown (mechanical) of epidural and subdural infusion catheter, sequela","Breakdown (mechanical) of cranial or spinal infusion catheter, sequela","Brkdwn epidural and subdural infusion catheter, sequela","Breakdown of cranial or spinal infusion catheter, sequela"
2017,T85620,T85.620,false,Displacement of epidural and subdural infusion catheter,Displacement of cranial or spinal infusion catheter,Displacement of epidural and subdural infusion catheter,Displacement of cranial or spinal infusion catheter
2017,T85620A,T85.620A,true,"Displacement of epidural and subdural infusion catheter, initial encounter","Displacement of cranial or spinal infusion catheter, initial encounter","Displacmnt of epidural and subdural infusion catheter, init","Displacement of cranial or spinal infusion catheter, init"
2017,T85620D,T85.620D,true,"Displacement of epidural and subdural infusion catheter, subsequent encounter","Displacement of cranial or spinal infusion catheter, subsequent encounter","Displacmnt of epidural and subdural infusion catheter, subs","Displacement of cranial or spinal infusion catheter, subs"
2017,T85620S,T85.620S,true,"Displacement of epidural and subdural infusion catheter, sequela","Displacement of cranial or spinal infusion catheter, sequela","Displacmnt of epidural and subdural infusion cath, sequela","Displacement of cranial or spinal infusion catheter, sequela"
2017,T85630,T85.630,false,Leakage of epidural and subdural infusion catheter,Leakage of cranial or spinal infusion catheter,Leakage of epidural and subdural infusion catheter,Leakage of cranial or spinal infusion catheter
2017,T85630A,T85.630A,true,"Leakage of epidural and subdural infusion catheter, initial encounter","Leakage of cranial or spinal infusion catheter, initial encounter","Leakage of epidural and subdural infusion catheter, init","Leakage of cranial or spinal infusion catheter, init"
2017,T85630D,T85.630D,true,"Leakage of epidural and subdural infusion catheter, subsequent encounter","Leakage of cranial or spinal infusion catheter, subsequent encounter","Leakage of epidural and subdural infusion catheter, subs","Leakage of cranial or spinal infusion catheter, subs"
2017,T85630S,T85.630S,true,"Leakage of epidural and subdural infusion catheter, sequela","Leakage of cranial or spinal infusion catheter, sequela","Leakage of epidural and subdural infusion catheter, sequela","Leakage of cranial or spinal infusion catheter, sequela"
2017,T85690,T85.690,false,Other mechanical complication of epidural and subdural infusion catheter,Other mechanical complication of cranial or spinal infusion catheter,Mech compl of epidural and subdural infusion catheter,Mech compl of cranial or spinal infusion catheter
2017,T85690A,T85.690A,true,"Other mechanical complication of epidural and subdural infusion catheter, initial encounter","Other mechanical complication of cranial or spinal infusion catheter, initial encounter","Mech compl of epidural and subdural infusion catheter, init","Mech compl of cranial or spinal infusion catheter, init"
2017,T85690D,T85.690D,true,"Other mechanical complication of epidural and subdural infusion catheter, subsequent encounter","Other mechanical complication of cranial or spinal infusion catheter, subsequent encounter","Mech compl of epidural and subdural infusion catheter, subs","Mech compl of cranial or spinal infusion catheter, subs"
2017,T85690S,T85.690S,true,"Other mechanical complication of epidural and subdural infusion catheter, sequela","Other mechanical complication of cranial or spinal infusion catheter, sequela","Mech compl of epidural and subdural infusion cath, sequela","Mech compl of cranial or spinal infusion catheter, sequela"
2017,W26,W26,false,"Contact with knife, sword or dagger",Contact with other sharp objects,"Contact with knife, sword or dagger",Contact with other sharp objects
2017,Y924,Y92.4,false,"Street , highway and other paved roadways as the place of occurrence of the external cause","Street, highway and other paved roadways as the place of occurrence of the external cause","Street, highway and oth paved roadways as place","Street, highway and other paved roadways as place"
2017,Z51,Z51,false,Encounter for other aftercare,Encounter for other aftercare and medical care,Encounter for other aftercare,Encounter for other aftercare and medical care
2018,C962,C96.2,false,Malignant mast cell tumor,Malignant mast cell neoplasm,Malignant mast cell tumor,Malignant mast cell neoplasm
2018,D470,D47.0,false,Histiocytic and mast cell tumors of uncertain behavior,Mast cell neoplasms of uncertain behavior,Histiocytic and mast cell tumors of uncertain behavior,Mast cell neoplasms of uncertain behavior
2018,F410,F41.0,true,Panic disorder [episodic paroxysmal anxiety] without agoraphobia,Panic disorder [episodic paroxysmal anxiety],Panic disorder without agoraphobia,Panic disorder [episodic paroxysmal anxiety]
2018,H0205,H02.05,false,Trichiasis without entropian,Trichiasis without entropion,Trichiasis without entropian,Trichiasis without entropion
2018,H02051,H02.051,true,Trichiasis without entropian right upper eyelid,Trichiasis without entropion right upper eyelid,Trichiasis without entropian right upper eyelid,Trichiasis without entropion right upper eyelid
2018,H02052,H02.052,true,Trichiasis without entropian right lower eyelid,Trichiasis without entropion right lower eyelid,Trichiasis without entropian right lower eyelid,Trichiasis without entropion right lower eyelid
2018,H02053,H02.053,true,"Trichiasis without entropian right eye, unspecified eyelid","Trichiasis without entropion right eye, unspecified eyelid","Trichiasis without entropian right eye, unspecified eyelid","Trichiasis without entropion right eye, unspecified eyelid"
2018,H02054,H02.054,true,Trichiasis without entropian left upper eyelid,Trichiasis without entropion left upper eyelid,Trichiasis without entropian left upper eyelid,Trichiasis without entropion left upper eyelid
2018,H02055,H02.055,true,Trichiasis without entropian left lower eyelid,Trichiasis without entropion left lower eyelid,Trichiasis without entropian left lower eyelid,Trichiasis without entropion left lower eyelid
2018,H02056,H02.056,true,"Trichiasis without entropian left eye, unspecified eyelid","Trichiasis without entropion left eye, unspecified eyelid","Trichiasis without entropian left eye, unspecified eyelid","Trichiasis without entropion left eye, unspecified eyelid"
2018,H02059,H02.059,true,"Trichiasis without entropian unspecified eye, unspecified eyelid","Trichiasis without entropion unspecified eye, unspecified eyelid","Trichiasis without entropian unsp eye, unspecified eyelid","Trichiasis without entropion unsp, unspecified eyelid"
2018,H353113,H35.3113,true,"Nonexudative age-related macular degeneration, right eye, advanced atrophic without subfoveal involvement","Nonexudative age-related macular degeneration, right eye, advanced atrophic without subfoveal involvement","Nexdtve age-rel mclr degn, r eye, adv atrpc w/o sbfvl involv","Nexdtve age-rel mclr degn, r eye, adv atrpc w/o sbfvl invl"
2018,H353114,H35.3114,true,"Nonexudative age-related macular degeneration, right eye, advanced atrophic with subfoveal involvement","Nonexudative age-related macular degeneration, right eye, advanced atrophic with subfoveal involvement","Nexdtve age-rel mclr degn, r eye, adv atrpc w sbfvl involv","Nexdtve age-rel mclr degn, r eye, adv atrpc with sbfvl invl"
2018,H353123,H35.3123,true,"Nonexudative age-related macular degeneration, left eye, advanced atrophic without subfoveal involvement","Nonexudative age-related macular degeneration, left eye, advanced atrophic without subfoveal involvement","Nexdtve age-rel mclr degn, l eye, adv atrpc w/o sbfvl involv","Nexdtve age-rel mclr degn, l eye, adv atrpc w/o sbfvl invl"
2018,H353124,H35.3124,true,"Nonexudative age-related macular degeneration, left eye, advanced atrophic with subfoveal involvement","Nonexudative age-related macular degeneration, left eye, advanced atrophic with subfoveal involvement","Nexdtve age-rel mclr degn, l eye, adv atrpc w sbfvl involv","Nexdtve age-rel mclr degn, l eye, adv atrpc with sbfvl invl"
2018,H353133,H35.3133,true,"Nonexudative age-related macular degeneration, bilateral, advanced atrophic without subfoveal involvement","Nonexudative age-related macular degeneration, bilateral, advanced atrophic without subfoveal involvement","Nexdtve age-rel mclr degn, bi, adv atrpc w/o sbfvl involv","Nexdtve age-rel mclr degn, bi, adv atrpc without sbfvl invl"
2018,H353134,H35.3134,true,"Nonexudative age-related macular degeneration, bilateral, advanced atrophic with subfoveal involvement","Nonexudative age-related macular degeneration, bilateral, advanced atrophic with subfoveal involvement","Nexdtve age-rel mclr degn, bi, adv atrpc with sbfvl involv","Nexdtve age-rel mclr degn, bi, adv atrpc with subfoveal invl"
2018,H353193,H35.3193,true,"Nonexudative age-related macular degeneration, unspecified eye, advanced atrophic without subfoveal involvement","Nonexudative age-related macular degeneration, unspecified eye, advanced atrophic without subfoveal involvement","Nexdtve age-rel mclr degn, unsp, adv atrpc w/o sbfvl involv","Nexdtve age-rel mclr degn, unsp, adv atrpc w/o sbfvl invl"
2018,H353194,H35.3194,true,"Nonexudative age-related macular degeneration, unspecified eye, advanced atrophic with subfoveal involvement","Nonexudative age-related macular degeneration, unspecified eye, advanced atrophic with subfoveal involvement","Nexdtve age-rel mclr degn, unsp, adv atrpc with sbfvl involv","Nexdtve age-rel mclr degn, unsp, adv atrpc with sbfvl invl"
2018,I21,I21,false,ST elevation (STEMI) and non-ST elevation (NSTEMI) myocardial infarction,Acute myocardial infarction,STEMI & NSTEMI mocard infrc,Acute myocardial infarction
2018,I501,I50.1,true,Left ventricular failure,"Left ventricular failure, unspecified",Left ventricular failure,"Left ventricular failure, unspecified"
2018,I63211,I63.211,true,Cerebral infarction due to unspecified occlusion or stenosis of right vertebral arteries,Cerebral infarction due to unspecified occlusion or stenosis of right vertebral artery,Cereb infrc due to unsp occls or stenos of right verteb art,Cerebral infrc due to unsp occls or stenosis of r verteb art
2018,I63212,I63.212,true,Cerebral infarction due to unspecified occlusion or stenosis of left vertebral arteries,Cerebral infarction due to unspecified occlusion or stenosis of left vertebral artery,Cereb infrc due to unsp occls or stenosis of left verteb art,Cerebral infrc due to unsp occls or stenosis of l verteb art
2018,I6322,I63.22,true,Cerebral infarction due to unspecified occlusion or stenosis of basilar arteries,Cerebral infarction due to unspecified occlusion or stenosis of basilar artery,Cerebral infrc due to unsp occls or stenosis of basilar art,Cereb infrc due to unsp occls or stenosis of basilar artery
2018,I63323,I63.323,true,Cerebral infarction due to thrombosis of bilateral anterior arteries,Cerebral infarction due to thrombosis of bilateral anterior cerebral arteries,Cerebral infrc due to thombos of bilateral anterior arteries,Cerebral infrc due to thombos of bi ant cerebral arteries
2018,I63333,I63.333,true,Cerebral infarction to thrombosis of bilateral posterior arteries,Cerebral infarction to thrombosis of bilateral posterior cerebral arteries,Cerebral infrc to thrombosis of bilateral posterior arteries,Cerebral infrc to thombos of bi posterior cerebral arteries
2018,I63513,I63.513,true,Cerebral infarction due to unspecified occlusion or stenosis of bilateral middle arteries,Cerebral infarction due to unspecified occlusion or stenosis of bilateral middle cerebral arteries,Cereb infrc due to unsp occls or stenosis of bi middle art,Cereb infrc d/t unsp occls or stenos of bi middle cereb art
2018,I63523,I63.523,true,Cerebral infarction due to unspecified occlusion or stenosis of bilateral anterior arteries,Cerebral infarction due to unspecified occlusion or stenosis of bilateral anterior cerebral arteries,Cerebral infrc due to unsp occls or stenosis of bi ant art,Cereb infrc due to unsp occls or stenos of bi ant cereb art
2018,I63533,I63.533,true,Cerebral infarction due to unspecified occlusion or stenosis of bilateral posterior arteries,Cerebral infarction due to unspecified occlusion or stenosis of bilateral posterior cerebral arteries,Cerebral infrc due to unsp occls or stenosis of bi post art,Cereb infrc due to unsp occls or stenos of bi post cereb art
2018,I82811,I82.811,true,Embolism and thrombosis of superficial veins of right lower extremities,Embolism and thrombosis of superficial veins of right lower extremity,Embolism and thrombosis of superfic veins of right low extrm,Embolism and thrombosis of superficial veins of r low extrem
2018,I82812,I82.812,true,Embolism and thrombosis of superficial veins of left lower extremities,Embolism and thrombosis of superficial veins of left lower extremity,Embolism and thrombosis of superfic veins of left low extrm,Embolism and thrombosis of superficial veins of l low extrem
2018,I82819,I82.819,true,Embolism and thrombosis of superficial veins of unspecified lower extremities,Embolism and thrombosis of superficial veins of unspecified lower extremity,Embolism and thrombosis of superficial vn unsp low extrm,Embolism and thrombosis of superficial vn unsp low extrm
2018,I83811,I83.811,true,Varicose veins of right lower extremities with pain,Varicose veins of right lower extremity with pain,Varicose veins of right lower extremities with pain,Varicose veins of right lower extremity with pain
2018,I83812,I83.812,true,Varicose veins of left lower extremities with pain,Varicose veins of left lower extremity with pain,Varicose veins of left lower extremities with pain,Varicose veins of left lower extremity with pain
2018,I83819,I83.819,true,Varicose veins of unspecified lower extremities with pain,Varicose veins of unspecified lower extremity with pain,Varicose veins of unspecified lower extremities with pain,Varicose veins of unspecified lower extremity with pain
2018,I83891,I83.891,true,Varicose veins of right lower extremities with other complications,Varicose veins of right lower extremity with other complications,Varicose veins of right low extrm w oth complications,Varicose veins of r low extrem with other complications
2018,I83892,I83.892,true,Varicose veins of left lower extremities with other complications,Varicose veins of left lower extremity with other complications,Varicose veins of left lower extremities w oth complications,Varicose veins of l low extrem with other complications
2018,I83899,I83.899,true,Varicose veins of unspecified lower extremities with other complications,Varicose veins of unspecified lower extremity with other complications,Varicose veins of unsp lower extremities w oth complications,Varicos vn unsp lower extremity with other complications
2018,J156,J15.6,true,Pneumonia due to other aerobic Gram-negative bacteria,Pneumonia due to other Gram-negative bacteria,Pneumonia due to other aerobic Gram-negative bacteria,Pneumonia due to other Gram-negative bacteria
2018,K565,K56.5,false,Intestinal adhesions [bands] with obstruction (postprocedural) (postinfection),Intestinal adhesions [bands] with obstruction (postinfection),Intestinal adhesions w obst (postprocedural) (postinfection),Intestinal adhesions with obstruction (postinfection)
2018,M330,M33.0,false,Juvenile dermatopolymyositis,Juvenile dermatomyositis,Juvenile dermatopolymyositis,Juvenile dermatomyositis
2018,M3300,M33.00,true,"Juvenile dermatopolymyositis, organ involvement unspecified","Juvenile dermatomyositis, organ involvement unspecified","Juvenile dermatopolymyositis, organ involvement unspecified","Juvenile dermatomyositis, organ involvement unspecified"
2018,M3301,M33.01,true,Juvenile dermatopolymyositis with respiratory involvement,Juvenile dermatomyositis with respiratory involvement,Juvenile dermatopolymyositis with respiratory involvement,Juvenile dermatomyositis with respiratory involvement
2018,M3302,M33.02,true,Juvenile dermatopolymyositis with myopathy,Juvenile dermatomyositis with myopathy,Juvenile dermatopolymyositis with myopathy,Juvenile dermatomyositis with myopathy
2018,M3309,M33.09,true,Juvenile dermatopolymyositis with other organ involvement,Juvenile dermatomyositis with other organ involvement,Juvenile dermatopolymyositis with other organ involvement,Juvenile dermatomyositis with other organ involvement
2018,M331,M33.1,false,Other dermatopolymyositis,Other dermatomyositis,Other dermatopolymyositis,Other dermatomyositis
2018,M3310,M33.10,true,"Other dermatopolymyositis, organ involvement unspecified","Other dermatomyositis, organ involvement unspecified","Other dermatopolymyositis, organ involvement unspecified","Other dermatomyositis, organ involvement unspecified"
2018,M3311,M33.11,true,Other dermatopolymyositis with respiratory involvement,Other dermatomyositis with respiratory involvement,Other dermatopolymyositis with respiratory involvement,Other dermatomyositis with respiratory involvement
2018,M3312,M33.12,true,Other dermatopolymyositis with myopathy,Other dermatomyositis with myopathy,Other dermatopolymyositis with myopathy,Other dermatomyositis with myopathy
2018,M3319,M33.19,true,Other dermatopolymyositis with other organ involvement,Other dermatomyositis with other organ involvement,Other dermatopolymyositis with other organ involvement,Other dermatomyositis with other organ involvement
2018,N35112,N35.112,true,"Postinfective bulbous urethral stricture, not elsewhere classified","Postinfective bulbous urethral stricture, not elsewhere classified, male","Postinfective bulbous urethral stricture, NEC","Postinfective bulbous urethral stricture, NEC, male"
2018,N35113,N35.113,true,"Postinfective membranous urethral stricture, not elsewhere classified","Postinfective membranous urethral stricture, not elsewhere classified, male","Postinfective membranous urethral stricture, NEC","Postinfective membranous urethral stricture, NEC, male"
2018,N35114,N35.114,true,"Postinfective anterior urethral stricture, not elsewhere classified","Postinfective anterior urethral stricture, not elsewhere classified, male","Postinfective anterior urethral stricture, NEC","Postinfective anterior urethral stricture, NEC, male"
2018,N99111,N99.111,true,Postprocedural bulbous urethral stricture,"Postprocedural bulbous urethral stricture, male",Postprocedural bulbous urethral stricture,"Postprocedural bulbous urethral stricture, male"
2018,N99112,N99.112,true,Postprocedural membranous urethral stricture,"Postprocedural membranous urethral stricture, male",Postprocedural membranous urethral stricture,"Postprocedural membranous urethral stricture, male"
2018,N99113,N99.113,true,Postprocedural anterior bulbous urethral stricture,"Postprocedural anterior bulbous urethral stricture, male",Postprocedural anterior bulbous urethral stricture,"Postprocedural anterior bulbous urethral stricture, male"
2018,P03810,P03.810,true,Newborn affected by abnormality in fetal (intrauterine) heart rate or rhythm before the onset of labor,Newborn affected by abnormality in fetal (intrauterine) heart rate or rhythm before the onset of labor,NB aff by abnlt in fetl heart rate or rhythm bef onset labor,NB aff by abnlt in fetal heart rate or rhym bef onset labor
2018,P03819,P03.819,true,"Newborn affected by abnormality in fetal (intrauterine) heart rate or rhythm, unspecified as to time of onset","Newborn affected by abnormality in fetal (intrauterine) heart rate or rhythm, unspecified as to time of onset","NB aff by abnlt in fetl hrt rate or rhythm, unsp time onset","NB aff by abnlt in fetal heart rate or rhym, unsp time onset"
2018,Q6412,Q64.12,true,Cloacal extrophy of urinary bladder,Cloacal exstrophy of urinary bladder,Cloacal extrophy of urinary bladder,Cloacal exstrophy of urinary bladder
2018,Q822,Q82.2,true,Mastocytosis,Congenital cutaneous mastocytosis,Mastocytosis,Congenital cutaneous mastocytosis
2018,R9341,R93.41,true,"Abnormal radiologic findings on diagnostic imaging of renal pelvis, ureter, or bladder","Abnormal radiologic findings on diagnostic imaging of renal pelvis, ureter, or bladder","Abn radlgc find on dx imaging of renal pelv,ureter,or blddr","Abn radlgc find on dx imaging renal pelv, ureter, or blddr"
2018,S04031,S04.031,false,"Injury of optic tract and pathways, right eye","Injury of optic tract and pathways, right side","Injury of optic tract and pathways, right eye","Injury of optic tract and pathways, right side"
2018,S04031A,S04.031A,true,"Injury of optic tract and pathways, right eye, initial encounter","Injury of optic tract and pathways, right side, initial encounter","Injury of optic tract and pathways, right eye, init encntr","Injury of optic tract and pathways, right side, init"
2018,S04031D,S04.031D,true,"Injury of optic tract and pathways, right eye, subsequent encounter","Injury of optic tract and pathways, right side, subsequent encounter","Injury of optic tract and pathways, right eye, subs encntr","Injury of optic tract and pathways, right side, subs"
2018,S04031S,S04.031S,true,"Injury of optic tract and pathways, right eye, sequela","Injury of optic tract and pathways, right side, sequela","Injury of optic tract and pathways, right eye, sequela","Injury of optic tract and pathways, right side, sequela"
2018,S04032,S04.032,false,"Injury of optic tract and pathways, left eye","Injury of optic tract and pathways, left side","Injury of optic tract and pathways, left eye","Injury of optic tract and pathways, left side"
2018,S04032A,S04.032A,true,"Injury of optic tract and pathways, left eye, initial encounter","Injury of optic tract and pathways, left side, initial encounter","Injury of optic tract and pathways, left eye, init encntr","Injury of optic tract and pathways, left side, init"
2018,S04032D,S04.032D,true,"Injury of optic tract and pathways, left eye, subsequent encounter","Injury of optic tract and pathways, left side, subsequent encounter","Injury of optic tract and pathways, left eye, subs encntr","Injury of optic tract and pathways, left side, subs"
2018,S04032S,S04.032S,true,"Injury of optic tract and pathways, left eye, sequela","Injury of optic tract and pathways, left side, sequela","Injury of optic tract and pathways, left eye, sequela","Injury of optic tract and pathways, left side, sequela"
2018,S04039,S04.039,false,"Injury of optic tract and pathways, unspecified eye","Injury of optic tract and pathways, unspecified side","Injury of optic tract and pathways, unspecified eye","Injury of optic tract and pathways, unspecified side"
2018,S04039A,S04.039A,true,"Injury of optic tract and pathways, unspecified eye, initial encounter","Injury of optic tract and pathways, unspecified side, initial encounter","Injury of optic tract and pathways, unsp eye, init encntr","Injury of optic tract and pathways, unspecified side, init"
2018,S04039D,S04.039D,true,"Injury of optic tract and pathways, unspecified eye, subsequent encounter","Injury of optic tract and pathways, unspecified side, subsequent encounter","Injury of optic tract and pathways, unsp eye, subs encntr","Injury of optic tract and pathways, unspecified side, subs"
2018,S04039S,S04.039S,true,"Injury of optic tract and pathways, unspecified eye, sequela","Injury of optic tract and pathways, unspecified side, sequela","Injury of optic tract and pathways, unspecified eye, sequela","Injury of optic tract and pathways, unsp side, sequela"
2018,S04041,S04.041,false,"Injury of visual cortex, right eye","Injury of visual cortex, right side","Injury of visual cortex, right eye","Injury of visual cortex, right side"
2018,S04041A,S04.041A,true,"Injury of visual cortex, right eye, initial encounter","Injury of visual cortex, right side, initial encounter","Injury of visual cortex, right eye, initial encounter","Injury of visual cortex, right side, initial encounter"
2018,S04041D,S04.041D,true,"Injury of visual cortex, right eye, subsequent encounter","Injury of visual cortex, right side, subsequent encounter","Injury of visual cortex, right eye, subsequent encounter","Injury of visual cortex, right side, subsequent encounter"
2018,S04041S,S04.041S,true,"Injury of visual cortex, right eye, sequela","Injury of visual cortex, right side, sequela","Injury of visual cortex, right eye, sequela","Injury of visual cortex, right side, sequela"
2018,S04042,S04.042,false,"Injury of visual cortex, left eye","Injury of visual cortex, left side","Injury of visual cortex, left eye","Injury of visual cortex, left side"
2018,S04042A,S04.042A,true,"Injury of visual cortex, left eye, initial encounter","Injury of visual cortex, left side, initial encounter","Injury of visual cortex, left eye, initial encounter","Injury of visual cortex, left side, initial encounter"
2018,S04042D,S04.042D,true,"Injury of visual cortex, left eye, subsequent encounter","Injury of visual cortex, left side, subsequent encounter","Injury of visual cortex, left eye, subsequent encounter","Injury of visual cortex, left side, subsequent encounter"
2018,S04042S,S04.042S,true,"Injury of visual cortex, left eye, sequela","Injury of visual cortex, left side, sequela","Injury of visual cortex, left eye, sequela","Injury of visual cortex, left side, sequela"
2018,S04049,S04.049,false,"Injury of visual cortex, unspecified eye","Injury of visual cortex, unspecified side","Injury of visual cortex, unspecified eye","Injury of visual cortex, unspecified side"
2018,S04049A,S04.049A,true,"Injury of visual cortex, unspecified eye, initial encounter","Injury of visual cortex, unspecified side, initial encounter","Injury of visual cortex, unspecified eye, initial encounter","Injury of visual cortex, unspecified side, initial encounter"
2018,S04049D,S04.049D,true,"Injury of visual cortex, unspecified eye, subsequent encounter","Injury of visual cortex, unspecified side, subsequent encounter","Injury of visual cortex, unspecified eye, subs encntr","Injury of visual cortex, unspecified side, subs"
2018,S04049S,S04.049S,true,"Injury of visual cortex, unspecified eye, sequela","Injury of visual cortex, unspecified side, sequela","Injury of visual cortex, unspecified eye, sequela","Injury of visual cortex, unspecified side, sequela"
2018,S62311,S62.311,false,Displaced fracture of base of second metacarpal bone. left hand,"Displaced fracture of base of second metacarpal bone, left hand",Disp fx of base of second metacarpal bone. left hand,"Disp fx of base of second metacarpal bone, left hand"
2018,S62311A,S62.311A,true,"Displaced fracture of base of second metacarpal bone. left hand, initial encounter for closed fracture","Displaced fracture of base of second metacarpal bone, left hand, initial encounter for closed fracture","Disp fx of base of second metacarpal bone. left hand, init","Disp fx of base of second metacarpal bone, left hand, init"
2018,S62311B,S62.311B,true,"Displaced fracture of base of second metacarpal bone. left hand, initial encounter for open fracture","Displaced fracture of base of second metacarpal bone, left hand, initial encounter for open fracture","Disp fx of base of second MC bone. l hand, init for opn fx","Disp fx of base of second metacarpal bone, left hand, 7thB"
2018,S62311D,S62.311D,true,"Displaced fracture of base of second metacarpal bone. left hand, subsequent encounter for fracture with routine healing","Displaced fracture of base of second metacarpal bone, left hand, subsequent encounter for fracture with routine healing","Disp fx of base of 2nd MC bone. l hand, 7thD","Disp fx of base of second metacarpal bone, left hand, 7thD"
2018,S62311G,S62.311G,true,"Displaced fracture of base of second metacarpal bone. left hand, subsequent encounter for fracture with delayed healing","Displaced fracture of base of second metacarpal bone, left hand, subsequent encounter for fracture with delayed healing","Disp fx of base of 2nd MC bone. l hand, 7thG","Disp fx of base of second metacarpal bone, left hand, 7thG"
2018,S62311K,S62.311K,true,"Displaced fracture of base of second metacarpal bone. left hand, subsequent encounter for fracture with nonunion","Displaced fracture of base of second metacarpal bone, left hand, subsequent encounter for fracture with nonunion","Disp fx of base of 2nd MC bone. l hand, 7thK","Disp fx of base of second metacarpal bone, left hand, 7thK"
2018,S62311P,S62.311P,true,"Displaced fracture of base of second metacarpal bone. left hand, subsequent encounter for fracture with malunion","Displaced fracture of base of second metacarpal bone, left hand, subsequent encounter for fracture with malunion","Disp fx of base of 2nd MC bone. l hand, 7thP","Disp fx of base of second metacarpal bone, left hand, 7thP"
2018,S62311S,S62.311S,true,"Displaced fracture of base of second metacarpal bone. left hand, sequela","Displaced fracture of base of second metacarpal bone, left hand, sequela","Disp fx of base of second MC bone. left hand, sequela","Disp fx of base of second MC bone, left hand, sequela"
2018,S62317,S62.317,false,Displaced fracture of base of fifth metacarpal bone. left hand,"Displaced fracture of base of fifth metacarpal bone, left hand",Disp fx of base of fifth metacarpal bone. left hand,"Disp fx of base of fifth metacarpal bone, left hand"
2018,S62317A,S62.317A,true,"Displaced fracture of base of fifth metacarpal bone. left hand, initial encounter for closed fracture","Displaced fracture of base of fifth metacarpal bone, left hand, initial encounter for closed fracture","Disp fx of base of fifth metacarpal bone. left hand, init","Disp fx of base of fifth metacarpal bone, left hand, init"
2018,S62317B,S62.317B,true,"Displaced fracture of base of fifth metacarpal bone. left hand, initial encounter for open fracture","Displaced fracture of base of fifth metacarpal bone, left hand, initial encounter for open fracture","Disp fx of base of fifth MC bone. left hand, init for opn fx","Disp fx of base of fifth metacarpal bone, left hand, 7thB"
2018,S62317D,S62.317D,true,"Displaced fracture of base of fifth metacarpal bone. left hand, subsequent encounter for fracture with routine healing","Displaced fracture of base of fifth metacarpal bone, left hand, subsequent encounter for fracture with routine healing","Disp fx of base of 5th MC bone. l hand, 7thD","Disp fx of base of fifth metacarpal bone, left hand, 7thD"
2018,S62317G,S62.317G,true,"Displaced fracture of base of fifth metacarpal bone. left hand, subsequent encounter for fracture with delayed healing","Displaced fracture of base of fifth metacarpal bone, left hand, subsequent encounter for fracture with delayed healing","Disp fx of base of 5th MC bone. l hand, 7thG","Disp fx of base of fifth metacarpal bone, left hand, 7thG"
2018,S62317K,S62.317K,true,"Displaced fracture of base of fifth metacarpal bone. left hand, subsequent encounter for fracture with nonunion","Displaced fracture of base of fifth metacarpal bone, left hand, subsequent encounter for fracture with nonunion","Disp fx of base of 5th MC bone. l hand, 7thK","Disp fx of base of fifth metacarpal bone, left hand, 7thK"
2018,S62317P,S62.317P,true,"Displaced fracture of base of fifth metacarpal bone. left hand, subsequent encounter for fracture with malunion","Displaced fracture of base of fifth metacarpal bone, left hand, subsequent encounter for fracture with malunion","Disp fx of base of 5th MC bone. l hand, 7thP","Disp fx of base of fifth metacarpal bone, left hand, 7thP"
2018,S62317S,S62.317S,true,"Displaced fracture of base of fifth metacarpal bone. left hand, sequela","Displaced fracture of base of fifth metacarpal bone, left hand, sequela","Disp fx of base of fifth metacarpal bone. left hand, sequela","Disp fx of base of fifth metacarpal bone, left hand, sequela"
2018,S62341,S62.341,false,Nondisplaced fracture of base of second metacarpal bone. left hand,"Nondisplaced fracture of base of second metacarpal bone, left hand",Nondisp fx of base of second metacarpal bone. left hand,"Nondisp fx of base of second metacarpal bone, left hand"
2018,S62341A,S62.341A,true,"Nondisplaced fracture of base of second metacarpal bone. left hand, initial encounter for closed fracture","Nondisplaced fracture of base of second metacarpal bone, left hand, initial encounter for closed fracture","Nondisp fx of base of second MC bone. left hand, init","Nondisp fx of base of second MC bone, left hand, init"
2018,S62341B,S62.341B,true,"Nondisplaced fracture of base of second metacarpal bone. left hand, initial encounter for open fracture","Nondisplaced fracture of base of second metacarpal bone, left hand, initial encounter for open fracture","Nondisp fx of base of 2nd MC bone. l hand, init for opn fx","Nondisp fx of base of second MC bone, left hand, 7thB"
2018,S62341D,S62.341D,true,"Nondisplaced fracture of base of second metacarpal bone. left hand, subsequent encounter for fracture with routine healing","Nondisplaced fracture of base of second metacarpal bone, left hand, subsequent encounter for fracture with routine healing","Nondisp fx of base of 2nd MC bone. l hand, 7thD","Nondisp fx of base of second MC bone, left hand, 7thD"
2018,S62341G,S62.341G,true,"Nondisplaced fracture of base of second metacarpal bone. left hand, subsequent encounter for fracture with delayed healing","Nondisplaced fracture of base of second metacarpal bone, left hand, subsequent encounter for fracture with delayed healing","Nondisp fx of base of 2nd MC bone. l hand, 7thG","Nondisp fx of base of second MC bone, left hand, 7thG"
2018,S62341K,S62.341K,true,"Nondisplaced fracture of base of second metacarpal bone. left hand, subsequent encounter for fracture with nonunion","Nondisplaced fracture of base of second metacarpal bone, left hand, subsequent encounter for fracture with nonunion","Nondisp fx of base of 2nd MC bone. l hand, 7thK","Nondisp fx of base of second MC bone, left hand, 7thK"
2018,S62341P,S62.341P,true,"Nondisplaced fracture of base of second metacarpal bone. left hand, subsequent encounter for fracture with malunion","Nondisplaced fracture of base of second metacarpal bone, left hand, subsequent encounter for fracture with malunion","Nondisp fx of base of 2nd MC bone. l hand, 7thP","Nondisp fx of base of second MC bone, left hand, 7thP"
2018,S62341S,S62.341S,true,"Nondisplaced fracture of base of second metacarpal bone. left hand, sequela","Nondisplaced fracture of base of second metacarpal bone, left hand, sequela","Nondisp fx of base of second MC bone. left hand, sequela","Nondisp fx of base of second MC bone, left hand, sequela"
2018,S62347,S62.347,false,Nondisplaced fracture of base of fifth metacarpal bone. left hand,"Nondisplaced fracture of base of fifth metacarpal bone, left hand",Nondisp fx of base of fifth metacarpal bone. left hand,"Nondisp fx of base of fifth metacarpal bone, left hand"
2018,S62347A,S62.347A,true,"Nondisplaced fracture of base of fifth metacarpal bone. left hand, initial encounter for closed fracture","Nondisplaced fracture of base of fifth metacarpal bone, left hand, initial encounter for closed fracture","Nondisp fx of base of fifth metacarpal bone. left hand, init","Nondisp fx of base of fifth metacarpal bone, left hand, init"
2018,S62347B,S62.347B,true,"Nondisplaced fracture of base of fifth metacarpal bone. left hand, initial encounter for open fracture","Nondisplaced fracture of base of fifth metacarpal bone, left hand, initial encounter for open fracture","Nondisp fx of base of fifth MC bone. l hand, init for opn fx","Nondisp fx of base of fifth metacarpal bone, left hand, 7thB"
2018,S62347D,S62.347D,true,"Nondisplaced fracture of base of fifth metacarpal bone. left hand, subsequent encounter for fracture with routine healing","Nondisplaced fracture of base of fifth metacarpal bone, left hand, subsequent encounter for fracture with routine healing","Nondisp fx of base of 5th MC bone. l hand, 7thD","Nondisp fx of base of fifth metacarpal bone, left hand, 7thD"
2018,S62347G,S62.347G,true,"Nondisplaced fracture of base of fifth metacarpal bone. left hand, subsequent encounter for fracture with delayed healing","Nondisplaced fracture of base of fifth metacarpal bone, left hand, subsequent encounter for fracture with delayed healing","Nondisp fx of base of 5th MC bone. l hand, 7thG","Nondisp fx of base of fifth metacarpal bone, left hand, 7thG"
2018,S62347K,S62.347K,true,"Nondisplaced fracture of base of fifth metacarpal bone. left hand, subsequent encounter for fracture with nonunion","Nondisplaced fracture of base of fifth metacarpal bone, left hand, subsequent encounter for fracture with nonunion","Nondisp fx of base of 5th MC bone. l hand, 7thK","Nondisp fx of base of fifth metacarpal bone, left hand, 7thK"
2018,S62347P,S62.347P,true,"Nondisplaced fracture of base of fifth metacarpal bone. left hand, subsequent encounter for fracture with malunion","Nondisplaced fracture of base of fifth metacarpal bone, left hand, subsequent encounter for fracture with malunion","Nondisp fx of base of 5th MC bone. l hand, 7thP","Nondisp fx of base of fifth metacarpal bone, left hand, 7thP"
2018,S62347S,S62.347S,true,"Nondisplaced fracture of base of fifth metacarpal bone. left hand, sequela","Nondisplaced fracture of base of fifth metacarpal bone, left hand, sequela","Nondisp fx of base of fifth MC bone. left hand, sequela","Nondisp fx of base of fifth MC bone, left hand, sequela"
2018,S6262,S62.62,false,Displaced fracture of medial phalanx of finger,Displaced fracture of middle phalanx of finger,Displaced fracture of medial phalanx of finger,Displaced fracture of middle phalanx of finger
2018,S62620,S62.620,false,Displaced fracture of medial phalanx of right index finger,Displaced fracture of middle phalanx of right index finger,Displaced fracture of medial phalanx of right index finger,Displaced fracture of middle phalanx of right index finger
2018,S62620A,S62.620A,true,"Displaced fracture of medial phalanx of right index finger, initial encounter for closed fracture","Displaced fracture of middle phalanx of right index finger, initial encounter for closed fracture","Disp fx of medial phalanx of right index finger, init","Disp fx of middle phalanx of right index finger, init"
2018,S62620B,S62.620B,true,"Displaced fracture of medial phalanx of right index finger, initial encounter for open fracture","Displaced fracture of middle phalanx of right index finger, initial encounter for open fracture","Disp fx of medial phalanx of r idx fngr, init for opn fx","Disp fx of middle phalanx of right index finger, 7thB"
2018,S62620D,S62.620D,true,"Displaced fracture of medial phalanx of right index finger, subsequent encounter for fracture with routine healing","Displaced fracture of middle phalanx of right index finger, subsequent encounter for fracture with routine healing","Disp fx of med phalanx of r idx fngr, 7thD","Disp fx of middle phalanx of right index finger, 7thD"
2018,S62620G,S62.620G,true,"Displaced fracture of medial phalanx of right index finger, subsequent encounter for fracture with delayed healing","Displaced fracture of middle phalanx of right index finger, subsequent encounter for fracture with delayed healing","Disp fx of med phalanx of r idx fngr, 7thG","Disp fx of middle phalanx of right index finger, 7thG"
2018,S62620K,S62.620K,true,"Displaced fracture of medial phalanx of right index finger, subsequent encounter for fracture with nonunion","Displaced fracture of middle phalanx of right index finger, subsequent encounter for fracture with nonunion","Disp fx of med phalanx of r idx fngr, subs for fx w nonunion","Disp fx of middle phalanx of right index finger, 7thK"
2018,S62620P,S62.620P,true,"Displaced fracture of medial phalanx of right index finger, subsequent encounter for fracture with malunion","Displaced fracture of middle phalanx of right index finger, subsequent encounter for fracture with malunion","Disp fx of med phalanx of r idx fngr, subs for fx w malunion","Disp fx of middle phalanx of right index finger, 7thP"
2018,S62620S,S62.620S,true,"Displaced fracture of medial phalanx of right index finger, sequela","Displaced fracture of middle phalanx of right index finger, sequela","Disp fx of medial phalanx of right index finger, sequela","Disp fx of middle phalanx of right index finger, sequela"
2018,S62621,S62.621,false,Displaced fracture of medial phalanx of left index finger,Displaced fracture of middle phalanx of left index finger,Displaced fracture of medial phalanx of left index finger,Displaced fracture of middle phalanx of left index finger
2018,S62621A,S62.621A,true,"Displaced fracture of medial phalanx of left index finger, initial encounter for closed fracture","Displaced fracture of middle phalanx of left index finger, initial encounter for closed fracture","Disp fx of medial phalanx of left index finger, init","Disp fx of middle phalanx of left index finger, init"
2018,S62621B,S62.621B,true,"Displaced fracture of medial phalanx of left index finger, initial encounter for open fracture","Displaced fracture of middle phalanx of left index finger, initial encounter for open fracture","Disp fx of medial phalanx of l idx fngr, init for opn fx","Disp fx of middle phalanx of left index finger, 7thB"
2018,S62621D,S62.621D,true,"Displaced fracture of medial phalanx of left index finger, subsequent encounter for fracture with routine healing","Displaced fracture of middle phalanx of left index finger, subsequent encounter for fracture with routine healing","Disp fx of med phalanx of l idx fngr, 7thD","Disp fx of middle phalanx of left index finger, 7thD"
2018,S62621G,S62.621G,true,"Displaced fracture of medial phalanx of left index finger, subsequent encounter for fracture with delayed healing","Displaced fracture of middle phalanx of left index finger, subsequent encounter for fracture with delayed healing","Disp fx of med phalanx of l idx fngr, 7thG","Disp fx of middle phalanx of left index finger, 7thG"
2018,S62621K,S62.621K,true,"Displaced fracture of medial phalanx of left index finger, subsequent encounter for fracture with nonunion","Displaced fracture of middle phalanx of left index finger, subsequent encounter for fracture with nonunion","Disp fx of med phalanx of l idx fngr, subs for fx w nonunion","Disp fx of middle phalanx of left index finger, 7thK"
2018,S62621P,S62.621P,true,"Displaced fracture of medial phalanx of left index finger, subsequent encounter for fracture with malunion","Displaced fracture of middle phalanx of left index finger, subsequent encounter for fracture with malunion","Disp fx of med phalanx of l idx fngr, subs for fx w malunion","Disp fx of middle phalanx of left index finger, 7thP"
2018,S62621S,S62.621S,true,"Displaced fracture of medial phalanx of left index finger, sequela","Displaced fracture of middle phalanx of left index finger, sequela","Disp fx of medial phalanx of left index finger, sequela","Disp fx of middle phalanx of left index finger, sequela"
2018,S62622,S62.622,false,Displaced fracture of medial phalanx of right middle finger,Displaced fracture of middle phalanx of right middle finger,Displaced fracture of medial phalanx of right middle finger,Displaced fracture of middle phalanx of right middle finger
2018,S62622A,S62.622A,true,"Displaced fracture of medial phalanx of right middle finger, initial encounter for closed fracture","Displaced fracture of middle phalanx of right middle finger, initial encounter for closed fracture","Disp fx of medial phalanx of right middle finger, init","Displaced fracture of middle phalanx of r mid finger, init"
2018,S62622B,S62.622B,true,"Displaced fracture of medial phalanx of right middle finger, initial encounter for open fracture","Displaced fracture of middle phalanx of right middle finger, initial encounter for open fracture","Disp fx of medial phalanx of r mid finger, init for opn fx","Displaced fracture of middle phalanx of r mid finger, 7thB"
2018,S62622D,S62.622D,true,"Displaced fracture of medial phalanx of right middle finger, subsequent encounter for fracture with routine healing","Displaced fracture of middle phalanx of right middle finger, subsequent encounter for fracture with routine healing","Disp fx of med phalanx of r mid fngr, 7thD","Displaced fracture of middle phalanx of r mid finger, 7thD"
2018,S62622G,S62.622G,true,"Displaced fracture of medial phalanx of right middle finger, subsequent encounter for fracture with delayed healing","Displaced fracture of middle phalanx of right middle finger, subsequent encounter for fracture with delayed healing","Disp fx of med phalanx of r mid fngr, 7thG","Displaced fracture of middle phalanx of r mid finger, 7thG"
2018,S62622K,S62.622K,true,"Displaced fracture of medial phalanx of right middle finger, subsequent encounter for fracture with nonunion","Displaced fracture of middle phalanx of right middle finger, subsequent encounter for fracture with nonunion","Disp fx of med phalanx of r mid fngr, subs for fx w nonunion","Displaced fracture of middle phalanx of r mid finger, 7thK"
2018,S62622P,S62.622P,true,"Displaced fracture of medial phalanx of right middle finger, subsequent encounter for fracture with malunion","Displaced fracture of middle phalanx of right middle finger, subsequent encounter for fracture with malunion","Disp fx of med phalanx of r mid fngr, subs for fx w malunion","Displaced fracture of middle phalanx of r mid finger, 7thP"
2018,S62622S,S62.622S,true,"Displaced fracture of medial phalanx of right middle finger, sequela","Displaced fracture of middle phalanx of right middle finger, sequela","Disp fx of medial phalanx of right middle finger, sequela","Disp fx of middle phalanx of r mid finger, sequela"
2018,S62623,S62.623,false,Displaced fracture of medial phalanx of left middle finger,Displaced fracture of middle phalanx of left middle finger,Displaced fracture of medial phalanx of left middle finger,Displaced fracture of middle phalanx of left middle finger
2018,S62623A,S62.623A,true,"Displaced fracture of medial phalanx of left middle finger, initial encounter for closed fracture","Displaced fracture of middle phalanx of left middle finger, initial encounter for closed fracture","Disp fx of medial phalanx of left middle finger, init","Disp fx of middle phalanx of left middle finger, init"
2018,S62623B,S62.623B,true,"Displaced fracture of medial phalanx of left middle finger, initial encounter for open fracture","Displaced fracture of middle phalanx of left middle finger, initial encounter for open fracture","Disp fx of medial phalanx of l mid finger, init for opn fx","Disp fx of middle phalanx of left middle finger, 7thB"
2018,S62623D,S62.623D,true,"Displaced fracture of medial phalanx of left middle finger, subsequent encounter for fracture with routine healing","Displaced fracture of middle phalanx of left middle finger, subsequent encounter for fracture with routine healing","Disp fx of med phalanx of l mid fngr, 7thD","Disp fx of middle phalanx of left middle finger, 7thD"
2018,S62623G,S62.623G,true,"Displaced fracture of medial phalanx of left middle finger, subsequent encounter for fracture with delayed healing","Displaced fracture of middle phalanx of left middle finger, subsequent encounter for fracture with delayed healing","Disp fx of med phalanx of l mid fngr, 7thG","Disp fx of middle phalanx of left middle finger, 7thG"
2018,S62623K,S62.623K,true,"Displaced fracture of medial phalanx of left middle finger, subsequent encounter for fracture with nonunion","Displaced fracture of middle phalanx of left middle finger, subsequent encounter for fracture with nonunion","Disp fx of med phalanx of l mid fngr, subs for fx w nonunion","Disp fx of middle phalanx of left middle finger, 7thK"
2018,S62623P,S62.623P,true,"Displaced fracture of medial phalanx of left middle finger, subsequent encounter for fracture with malunion","Displaced fracture of middle phalanx of left middle finger, subsequent encounter for fracture with malunion","Disp fx of med phalanx of l mid fngr, subs for fx w malunion","Disp fx of middle phalanx of left middle finger, 7thP"
2018,S62623S,S62.623S,true,"Displaced fracture of medial phalanx of left middle finger, sequela","Displaced fracture of middle phalanx of left middle finger, sequela","Disp fx of medial phalanx of left middle finger, sequela","Disp fx of middle phalanx of left middle finger, sequela"
2018,S62624,S62.624,false,Displaced fracture of medial phalanx of right ring finger,Displaced fracture of middle phalanx of right ring finger,Displaced fracture of medial phalanx of right ring finger,Displaced fracture of middle phalanx of right ring finger
2018,S62624A,S62.624A,true,"Displaced fracture of medial phalanx of right ring finger, initial encounter for closed fracture","Displaced fracture of middle phalanx of right ring finger, initial encounter for closed fracture","Disp fx of medial phalanx of right ring finger, init","Disp fx of middle phalanx of right ring finger, init"
2018,S62624B,S62.624B,true,"Displaced fracture of medial phalanx of right ring finger, initial encounter for open fracture","Displaced fracture of middle phalanx of right ring finger, initial encounter for open fracture","Disp fx of medial phalanx of r rng fngr, init for opn fx","Disp fx of middle phalanx of right ring finger, 7thB"
2018,S62624D,S62.624D,true,"Displaced fracture of medial phalanx of right ring finger, subsequent encounter for fracture with routine healing","Displaced fracture of middle phalanx of right ring finger, subsequent encounter for fracture with routine healing","Disp fx of med phalanx of r rng fngr, 7thD","Disp fx of middle phalanx of right ring finger, 7thD"
2018,S62624G,S62.624G,true,"Displaced fracture of medial phalanx of right ring finger, subsequent encounter for fracture with delayed healing","Displaced fracture of middle phalanx of right ring finger, subsequent encounter for fracture with delayed healing","Disp fx of med phalanx of r rng fngr, 7thG","Disp fx of middle phalanx of right ring finger, 7thG"
2018,S62624K,S62.624K,true,"Displaced fracture of medial phalanx of right ring finger, subsequent encounter for fracture with nonunion","Displaced fracture of middle phalanx of right ring finger, subsequent encounter for fracture with nonunion","Disp fx of med phalanx of r rng fngr, subs for fx w nonunion","Disp fx of middle phalanx of right ring finger, 7thK"
2018,S62624P,S62.624P,true,"Displaced fracture of medial phalanx of right ring finger, subsequent encounter for fracture with malunion","Displaced fracture of middle phalanx of right ring finger, subsequent encounter for fracture with malunion","Disp fx of med phalanx of r rng fngr, subs for fx w malunion","Disp fx of middle phalanx of right ring finger, 7thP"
2018,S62624S,S62.624S,true,"Displaced fracture of medial phalanx of right ring finger, sequela","Displaced fracture of middle phalanx of right ring finger, sequela","Disp fx of medial phalanx of right ring finger, sequela","Disp fx of middle phalanx of right ring finger, sequela"
2018,S62625,S62.625,false,Displaced fracture of medial phalanx of left ring finger,Displaced fracture of middle phalanx of left ring finger,Displaced fracture of medial phalanx of left ring finger,Displaced fracture of middle phalanx of left ring finger
2018,S62625A,S62.625A,true,"Displaced fracture of medial phalanx of left ring finger, initial encounter for closed fracture","Displaced fracture of middle phalanx of left ring finger, initial encounter for closed fracture","Disp fx of medial phalanx of left ring finger, init","Disp fx of middle phalanx of left ring finger, init"
2018,S62625B,S62.625B,true,"Displaced fracture of medial phalanx of left ring finger, initial encounter for open fracture","Displaced fracture of middle phalanx of left ring finger, initial encounter for open fracture","Disp fx of medial phalanx of l rng fngr, init for opn fx","Disp fx of middle phalanx of left ring finger, 7thB"
2018,S62625D,S62.625D,true,"Displaced fracture of medial phalanx of left ring finger, subsequent encounter for fracture with routine healing","Displaced fracture of middle phalanx of left ring finger, subsequent encounter for fracture with routine healing","Disp fx of med phalanx of l rng fngr, 7thD","Disp fx of middle phalanx of left ring finger, 7thD"
2018,S62625G,S62.625G,true,"Displaced fracture of medial phalanx of left ring finger, subsequent encounter for fracture with delayed healing","Displaced fracture of middle phalanx of left ring finger, subsequent encounter for fracture with delayed healing","Disp fx of med phalanx of l rng fngr, 7thG","Disp fx of middle phalanx of left ring finger, 7thG"
2018,S62625K,S62.625K,true,"Displaced fracture of medial phalanx of left ring finger, subsequent encounter for fracture with nonunion","Displaced fracture of middle phalanx of left ring finger, subsequent encounter for fracture with nonunion","Disp fx of med phalanx of l rng fngr, subs for fx w nonunion","Disp fx of middle phalanx of left ring finger, 7thK"
2018,S62625P,S62.625P,true,"Displaced fracture of medial phalanx of left ring finger, subsequent encounter for fracture with malunion","Displaced fracture of middle phalanx of left ring finger, subsequent encounter for fracture with malunion","Disp fx of med phalanx of l rng fngr, subs for fx w malunion","Disp fx of middle phalanx of left ring finger, 7thP"
2018,S62625S,S62.625S,true,"Displaced fracture of medial phalanx of left ring finger, sequela","Displaced fracture of middle phalanx of left ring finger, sequela","Disp fx of medial phalanx of left ring finger, sequela","Disp fx of middle phalanx of left ring finger, sequela"
2018,S6265,S62.65,false,Nondisplaced fracture of medial phalanx of finger,Nondisplaced fracture of middle phalanx of finger,Nondisplaced fracture of medial phalanx of finger,Nondisplaced fracture of middle phalanx of finger
2018,S62650,S62.650,false,Nondisplaced fracture of medial phalanx of right index finger,Nondisplaced fracture of middle phalanx of right index finger,Nondisp fx of medial phalanx of right index finger,Nondisp fx of middle phalanx of right index finger
2018,S62650A,S62.650A,true,"Nondisplaced fracture of medial phalanx of right index finger, initial encounter for closed fracture","Nondisplaced fracture of middle phalanx of right index finger, initial encounter for closed fracture","Nondisp fx of medial phalanx of right index finger, init","Nondisp fx of middle phalanx of right index finger, init"
2018,S62650B,S62.650B,true,"Nondisplaced fracture of medial phalanx of right index finger, initial encounter for open fracture","Nondisplaced fracture of middle phalanx of right index finger, initial encounter for open fracture","Nondisp fx of medial phalanx of r idx fngr, init for opn fx","Nondisp fx of middle phalanx of right index finger, 7thB"
2018,S62650D,S62.650D,true,"Nondisplaced fracture of medial phalanx of right index finger, subsequent encounter for fracture with routine healing","Nondisplaced fracture of middle phalanx of right index finger, subsequent encounter for fracture with routine healing","Nondisp fx of med phalanx of r idx fngr, 7thD","Nondisp fx of middle phalanx of right index finger, 7thD"
2018,S62650G,S62.650G,true,"Nondisplaced fracture of medial phalanx of right index finger, subsequent encounter for fracture with delayed healing","Nondisplaced fracture of middle phalanx of right index finger, subsequent encounter for fracture with delayed healing","Nondisp fx of med phalanx of r idx fngr, 7thG","Nondisp fx of middle phalanx of right index finger, 7thG"
2018,S62650K,S62.650K,true,"Nondisplaced fracture of medial phalanx of right index finger, subsequent encounter for fracture with nonunion","Nondisplaced fracture of middle phalanx of right index finger, subsequent encounter for fracture with nonunion","Nondisp fx of med phalanx of r idx fngr, 7thK","Nondisp fx of middle phalanx of right index finger, 7thK"
2018,S62650P,S62.650P,true,"Nondisplaced fracture of medial phalanx of right index finger, subsequent encounter for fracture with malunion","Nondisplaced fracture of middle phalanx of right index finger, subsequent encounter for fracture with malunion","Nondisp fx of med phalanx of r idx fngr, 7thP","Nondisp fx of middle phalanx of right index finger, 7thP"
2018,S62650S,S62.650S,true,"Nondisplaced fracture of medial phalanx of right index finger, sequela","Nondisplaced fracture of middle phalanx of right index finger, sequela","Nondisp fx of medial phalanx of right index finger, sequela","Nondisp fx of middle phalanx of right index finger, sequela"
2018,S62651,S62.651,false,Nondisplaced fracture of medial phalanx of left index finger,Nondisplaced fracture of middle phalanx of left index finger,Nondisplaced fracture of medial phalanx of left index finger,Nondisplaced fracture of middle phalanx of left index finger
2018,S62651A,S62.651A,true,"Nondisplaced fracture of medial phalanx of left index finger, initial encounter for closed fracture","Nondisplaced fracture of middle phalanx of left index finger, initial encounter for closed fracture","Nondisp fx of medial phalanx of left index finger, init","Nondisp fx of middle phalanx of left index finger, init"
2018,S62651B,S62.651B,true,"Nondisplaced fracture of medial phalanx of left index finger, initial encounter for open fracture","Nondisplaced fracture of middle phalanx of left index finger, initial encounter for open fracture","Nondisp fx of medial phalanx of l idx fngr, init for opn fx","Nondisp fx of middle phalanx of left index finger, 7thB"
2018,S62651D,S62.651D,true,"Nondisplaced fracture of medial phalanx of left index finger, subsequent encounter for fracture with routine healing","Nondisplaced fracture of middle phalanx of left index finger, subsequent encounter for fracture with routine healing","Nondisp fx of med phalanx of l idx fngr, 7thD","Nondisp fx of middle phalanx of left index finger, 7thD"
2018,S62651G,S62.651G,true,"Nondisplaced fracture of medial phalanx of left index finger, subsequent encounter for fracture with delayed healing","Nondisplaced fracture of middle phalanx of left index finger, subsequent encounter for fracture with delayed healing","Nondisp fx of med phalanx of l idx fngr, 7thG","Nondisp fx of middle phalanx of left index finger, 7thG"
2018,S62651K,S62.651K,true,"Nondisplaced fracture of medial phalanx of left index finger, subsequent encounter for fracture with nonunion","Nondisplaced fracture of middle phalanx of left index finger, subsequent encounter for fracture with nonunion","Nondisp fx of med phalanx of l idx fngr, 7thK","Nondisp fx of middle phalanx of left index finger, 7thK"
2018,S62651P,S62.651P,true,"Nondisplaced fracture of medial phalanx of left index finger, subsequent encounter for fracture with malunion","Nondisplaced fracture of middle phalanx of left index finger, subsequent encounter for fracture with malunion","Nondisp fx of med phalanx of l idx fngr, 7thP","Nondisp fx of middle phalanx of left index finger, 7thP"
2018,S62651S,S62.651S,true,"Nondisplaced fracture of medial phalanx of left index finger, sequela","Nondisplaced fracture of middle phalanx of left index finger, sequela","Nondisp fx of medial phalanx of left index finger, sequela","Nondisp fx of middle phalanx of left index finger, sequela"
2018,S62652,S62.652,false,Nondisplaced fracture of medial phalanx of right middle finger,Nondisplaced fracture of middle phalanx of right middle finger,Nondisp fx of medial phalanx of right middle finger,Nondisp fx of middle phalanx of right middle finger
2018,S62652A,S62.652A,true,"Nondisplaced fracture of medial phalanx of right middle finger, initial encounter for closed fracture","Nondisplaced fracture of middle phalanx of right middle finger, initial encounter for closed fracture","Nondisp fx of medial phalanx of right middle finger, init","Nondisp fx of middle phalanx of right middle finger, init"
2018,S62652B,S62.652B,true,"Nondisplaced fracture of medial phalanx of right middle finger, initial encounter for open fracture","Nondisplaced fracture of middle phalanx of right middle finger, initial encounter for open fracture","Nondisp fx of medial phalanx of r mid fngr, init for opn fx","Nondisp fx of middle phalanx of right middle finger, 7thB"
2018,S62652D,S62.652D,true,"Nondisplaced fracture of medial phalanx of right middle finger, subsequent encounter for fracture with routine healing","Nondisplaced fracture of middle phalanx of right middle finger, subsequent encounter for fracture with routine healing","Nondisp fx of med phalanx of r mid fngr, 7thD","Nondisp fx of middle phalanx of right middle finger, 7thD"
2018,S62652G,S62.652G,true,"Nondisplaced fracture of medial phalanx of right middle finger, subsequent encounter for fracture with delayed healing","Nondisplaced fracture of middle phalanx of right middle finger, subsequent encounter for fracture with delayed healing","Nondisp fx of med phalanx of r mid fngr, 7thG","Nondisp fx of middle phalanx of right middle finger, 7thG"
2018,S62652K,S62.652K,true,"Nondisplaced fracture of medial phalanx of right middle finger, subsequent encounter for fracture with nonunion","Nondisplaced fracture of middle phalanx of right middle finger, subsequent encounter for fracture with nonunion","Nondisp fx of med phalanx of r mid fngr, 7thK","Nondisp fx of middle phalanx of right middle finger, 7thK"
2018,S62652P,S62.652P,true,"Nondisplaced fracture of medial phalanx of right middle finger, subsequent encounter for fracture with malunion","Nondisplaced fracture of middle phalanx of right middle finger, subsequent encounter for fracture with malunion","Nondisp fx of med phalanx of r mid fngr, 7thP","Nondisp fx of middle phalanx of right middle finger, 7thP"
2018,S62652S,S62.652S,true,"Nondisplaced fracture of medial phalanx of right middle finger, sequela","Nondisplaced fracture of middle phalanx of right middle finger, sequela","Nondisp fx of medial phalanx of right middle finger, sequela","Nondisp fx of middle phalanx of right middle finger, sequela"
2018,S62653,S62.653,false,Nondisplaced fracture of medial phalanx of left middle finger,Nondisplaced fracture of middle phalanx of left middle finger,Nondisp fx of medial phalanx of left middle finger,Nondisp fx of middle phalanx of left middle finger
2018,S62653A,S62.653A,true,"Nondisplaced fracture of medial phalanx of left middle finger, initial encounter for closed fracture","Nondisplaced fracture of middle phalanx of left middle finger, initial encounter for closed fracture","Nondisp fx of medial phalanx of left middle finger, init","Nondisp fx of middle phalanx of left middle finger, init"
2018,S62653B,S62.653B,true,"Nondisplaced fracture of medial phalanx of left middle finger, initial encounter for open fracture","Nondisplaced fracture of middle phalanx of left middle finger, initial encounter for open fracture","Nondisp fx of medial phalanx of l mid fngr, init for opn fx","Nondisp fx of middle phalanx of left middle finger, 7thB"
2018,S62653D,S62.653D,true,"Nondisplaced fracture of medial phalanx of left middle finger, subsequent encounter for fracture with routine healing","Nondisplaced fracture of middle phalanx of left middle finger, subsequent encounter for fracture with routine healing","Nondisp fx of med phalanx of l mid fngr, 7thD","Nondisp fx of middle phalanx of left middle finger, 7thD"
2018,S62653G,S62.653G,true,"Nondisplaced fracture of medial phalanx of left middle finger, subsequent encounter for fracture with delayed healing","Nondisplaced fracture of middle phalanx of left middle finger, subsequent encounter for fracture with delayed healing","Nondisp fx of med phalanx of l mid fngr, 7thG","Nondisp fx of middle phalanx of left middle finger, 7thG"
2018,S62653K,S62.653K,true,"Nondisplaced fracture of medial phalanx of left middle finger, subsequent encounter for fracture with nonunion","Nondisplaced fracture of middle phalanx of left middle finger, subsequent encounter for fracture with nonunion","Nondisp fx of med phalanx of l mid fngr, 7thK","Nondisp fx of middle phalanx of left middle finger, 7thK"
2018,S62653P,S62.653P,true,"Nondisplaced fracture of medial phalanx of left middle finger, subsequent encounter for fracture with malunion","Nondisplaced fracture of middle phalanx of left middle finger, subsequent encounter for fracture with malunion","Nondisp fx of med phalanx of l mid fngr, 7thP","Nondisp fx of middle phalanx of left middle finger, 7thP"
2018,S62653S,S62.653S,true,"Nondisplaced fracture of medial phalanx of left middle finger, sequela","Nondisplaced fracture of middle phalanx of left middle finger, sequela","Nondisp fx of medial phalanx of left middle finger, sequela","Nondisp fx of middle phalanx of left middle finger, sequela"
2018,S6312,S63.12,false,Subluxation and dislocation of unspecified interphalangeal joint of thumb,Subluxation and dislocation of interphalangeal joint of thumb,Subluxation and disloc of unsp interphaln joint of thumb,Subluxation and dislocation of interphaln joint of thumb
2018,S63121,S63.121,false,Subluxation of unspecified interphalangeal joint of right thumb,Subluxation of interphalangeal joint of right thumb,Subluxation of unsp interphalangeal joint of right thumb,Subluxation of interphalangeal joint of right thumb
2018,S63121A,S63.121A,true,"Subluxation of unspecified interphalangeal joint of right thumb, initial encounter","Subluxation of interphalangeal joint of right thumb, initial encounter","Subluxation of unsp interphaln joint of right thumb, init","Subluxation of interphalangeal joint of right thumb, init"
2018,S63121D,S63.121D,true,"Subluxation of unspecified interphalangeal joint of right thumb, subsequent encounter","Subluxation of interphalangeal joint of right thumb, subsequent encounter","Subluxation of unsp interphaln joint of right thumb, subs","Subluxation of interphalangeal joint of right thumb, subs"
2018,S63121S,S63.121S,true,"Subluxation of unspecified interphalangeal joint of right thumb, sequela","Subluxation of interphalangeal joint of right thumb, sequela","Subluxation of unsp interphaln joint of right thumb, sequela","Subluxation of interphalangeal joint of right thumb, sequela"
2018,S63122,S63.122,false,Subluxation of unspecified interphalangeal joint of left thumb,Subluxation of interphalangeal joint of left thumb,Subluxation of unsp interphalangeal joint of left thumb,Subluxation of interphalangeal joint of left thumb
2018,S63122A,S63.122A,true,"Subluxation of unspecified interphalangeal joint of left thumb, initial encounter","Subluxation of interphalangeal joint of left thumb, initial encounter","Subluxation of unsp interphaln joint of left thumb, init","Subluxation of interphalangeal joint of left thumb, init"
2018,S63122D,S63.122D,true,"Subluxation of unspecified interphalangeal joint of left thumb, subsequent encounter","Subluxation of interphalangeal joint of left thumb, subsequent encounter","Subluxation of unsp interphaln joint of left thumb, subs","Subluxation of interphalangeal joint of left thumb, subs"
2018,S63122S,S63.122S,true,"Subluxation of unspecified interphalangeal joint of left thumb, sequela","Subluxation of interphalangeal joint of left thumb, sequela","Subluxation of unsp interphaln joint of left thumb, sequela","Subluxation of interphalangeal joint of left thumb, sequela"
2018,S63123,S63.123,false,Subluxation of unspecified interphalangeal joint of unspecified thumb,Subluxation of interphalangeal joint of unspecified thumb,Subluxation of unsp interphalangeal joint of unsp thumb,Subluxation of interphalangeal joint of unspecified thumb
2018,S63123A,S63.123A,true,"Subluxation of unspecified interphalangeal joint of unspecified thumb, initial encounter","Subluxation of interphalangeal joint of unspecified thumb, initial encounter","Subluxation of unsp interphalangeal joint of thmb, init","Subluxation of interphalangeal joint of thmb, init"
2018,S63123D,S63.123D,true,"Subluxation of unspecified interphalangeal joint of unspecified thumb, subsequent encounter","Subluxation of interphalangeal joint of unspecified thumb, subsequent encounter","Subluxation of unsp interphalangeal joint of thmb, subs","Subluxation of interphalangeal joint of thmb, subs"
2018,S63123S,S63.123S,true,"Subluxation of unspecified interphalangeal joint of unspecified thumb, sequela","Subluxation of interphalangeal joint of unspecified thumb, sequela","Subluxation of unsp interphalangeal joint of thmb, sequela","Subluxation of interphalangeal joint of thmb, sequela"
2018,S63124,S63.124,false,Dislocation of unspecified interphalangeal joint of right thumb,Dislocation of interphalangeal joint of right thumb,Dislocation of unsp interphalangeal joint of right thumb,Dislocation of interphalangeal joint of right thumb
2018,S63124A,S63.124A,true,"Dislocation of unspecified interphalangeal joint of right thumb, initial encounter","Dislocation of interphalangeal joint of right thumb, initial encounter","Dislocation of unsp interphaln joint of right thumb, init","Dislocation of interphalangeal joint of right thumb, init"
2018,S63124D,S63.124D,true,"Dislocation of unspecified interphalangeal joint of right thumb, subsequent encounter","Dislocation of interphalangeal joint of right thumb, subsequent encounter","Dislocation of unsp interphaln joint of right thumb, subs","Dislocation of interphalangeal joint of right thumb, subs"
2018,S63124S,S63.124S,true,"Dislocation of unspecified interphalangeal joint of right thumb, sequela","Dislocation of interphalangeal joint of right thumb, sequela","Dislocation of unsp interphaln joint of right thumb, sequela","Dislocation of interphalangeal joint of right thumb, sequela"
2018,S63125,S63.125,false,Dislocation of unspecified interphalangeal joint of left thumb,Dislocation of interphalangeal joint of left thumb,Dislocation of unsp interphalangeal joint of left thumb,Dislocation of interphalangeal joint of left thumb
2018,S63125A,S63.125A,true,"Dislocation of unspecified interphalangeal joint of left thumb, initial encounter","Dislocation of interphalangeal joint of left thumb, initial encounter","Dislocation of unsp interphaln joint of left thumb, init","Dislocation of interphalangeal joint of left thumb, init"
2018,S63125D,S63.125D,true,"Dislocation of unspecified interphalangeal joint of left thumb, subsequent encounter","Dislocation of interphalangeal joint of left thumb, subsequent encounter","Dislocation of unsp interphaln joint of left thumb, subs","Dislocation of interphalangeal joint of left thumb, subs"
2018,S63125S,S63.125S,true,"Dislocation of unspecified interphalangeal joint of left thumb, sequela","Dislocation of interphalangeal joint of left thumb, sequela","Dislocation of unsp interphaln joint of left thumb, sequela","Dislocation of interphalangeal joint of left thumb, sequela"
2018,S63126,S63.126,false,Dislocation of unspecified interphalangeal joint of unspecified thumb,Dislocation of interphalangeal joint of unspecified thumb,Dislocation of unsp interphalangeal joint of unsp thumb,Dislocation of interphalangeal joint of unspecified thumb
2018,S63126A,S63.126A,true,"Dislocation of unspecified interphalangeal joint of unspecified thumb, initial encounter","Dislocation of interphalangeal joint of unspecified thumb, initial encounter","Dislocation of unsp interphalangeal joint of thmb, init","Dislocation of interphalangeal joint of thmb, init"
2018,S63126D,S63.126D,true,"Dislocation of unspecified interphalangeal joint of unspecified thumb, subsequent encounter","Dislocation of interphalangeal joint of unspecified thumb, subsequent encounter","Dislocation of unsp interphalangeal joint of thmb, subs","Dislocation of interphalangeal joint of thmb, subs"
2018,S63126S,S63.126S,true,"Dislocation of unspecified interphalangeal joint of unspecified thumb, sequela","Dislocation of interphalangeal joint of unspecified thumb, sequela","Dislocation of unsp interphalangeal joint of thmb, sequela","Dislocation of interphalangeal joint of thmb, sequela"
2018,S7303,S73.03,false,Other anterior dislocation of hip,Other anterior subluxation and dislocation of hip,Other anterior dislocation of hip,Other anterior subluxation and dislocation of hip
2018,S7304,S73.04,false,Central dislocation of hip,Central subluxation and dislocation of hip,Central dislocation of hip,Central subluxation and dislocation of hip
2018,S9252,S92.52,false,Fracture of medial phalanx of lesser toe(s),Fracture of middle phalanx of lesser toe(s),Fracture of medial phalanx of lesser toe(s),Fracture of middle phalanx of lesser toe(s)
2018,S92521,S92.521,false,Displaced fracture of medial phalanx of right lesser toe(s),Displaced fracture of middle phalanx of right lesser toe(s),Displaced fracture of medial phalanx of right lesser toe(s),Displaced fracture of middle phalanx of right lesser toe(s)
2018,S92521A,S92.521A,true,"Displaced fracture of medial phalanx of right lesser toe(s), initial encounter for closed fracture","Displaced fracture of middle phalanx of right lesser toe(s), initial encounter for closed fracture","Disp fx of medial phalanx of right lesser toe(s), init","Disp fx of middle phalanx of right lesser toe(s), init"
2018,S92521B,S92.521B,true,"Displaced fracture of medial phalanx of right lesser toe(s), initial encounter for open fracture","Displaced fracture of middle phalanx of right lesser toe(s), initial encounter for open fracture","Disp fx of med phalanx of right less toe(s), init for opn fx","Disp fx of middle phalanx of right lesser toe(s), 7thB"
2018,S92521D,S92.521D,true,"Displaced fracture of medial phalanx of right lesser toe(s), subsequent encounter for fracture with routine healing","Displaced fracture of middle phalanx of right lesser toe(s), subsequent encounter for fracture with routine healing","Disp fx of med phalanx of r less toe(s), 7thD","Disp fx of middle phalanx of right lesser toe(s), 7thD"
2018,S92521G,S92.521G,true,"Displaced fracture of medial phalanx of right lesser toe(s), subsequent encounter for fracture with delayed healing","Displaced fracture of middle phalanx of right lesser toe(s), subsequent encounter for fracture with delayed healing","Disp fx of med phalanx of r less toe(s), 7thG","Disp fx of middle phalanx of right lesser toe(s), 7thG"
2018,S92521K,S92.521K,true,"Displaced fracture of medial phalanx of right lesser toe(s), subsequent encounter for fracture with nonunion","Displaced fracture of middle phalanx of right lesser toe(s), subsequent encounter for fracture with nonunion","Disp fx of med phalanx of r less toe(s), 7thK","Disp fx of middle phalanx of right lesser toe(s), 7thK"
2018,S92521P,S92.521P,true,"Displaced fracture of medial phalanx of right lesser toe(s), subsequent encounter for fracture with malunion","Displaced fracture of middle phalanx of right lesser toe(s), subsequent encounter for fracture with malunion","Disp fx of med phalanx of r less toe(s), 7thP","Disp fx of middle phalanx of right lesser toe(s), 7thP"
2018,S92521S,S92.521S,true,"Displaced fracture of medial phalanx of right lesser toe(s), sequela","Displaced fracture of middle phalanx of right lesser toe(s), sequela","Disp fx of medial phalanx of right lesser toe(s), sequela","Disp fx of middle phalanx of right lesser toe(s), sequela"
2018,S92522,S92.522,false,Displaced fracture of medial phalanx of left lesser toe(s),Displaced fracture of middle phalanx of left lesser toe(s),Displaced fracture of medial phalanx of left lesser toe(s),Displaced fracture of middle phalanx of left lesser toe(s)
2018,S92522A,S92.522A,true,"Displaced fracture of medial phalanx of left lesser toe(s), initial encounter for closed fracture","Displaced fracture of middle phalanx of left lesser toe(s), initial encounter for closed fracture","Disp fx of medial phalanx of left lesser toe(s), init","Disp fx of middle phalanx of left lesser toe(s), init"
2018,S92522B,S92.522B,true,"Displaced fracture of medial phalanx of left lesser toe(s), initial encounter for open fracture","Displaced fracture of middle phalanx of left lesser toe(s), initial encounter for open fracture","Disp fx of med phalanx of left less toe(s), init for opn fx","Disp fx of middle phalanx of left lesser toe(s), 7thB"
2018,S92522D,S92.522D,true,"Displaced fracture of medial phalanx of left lesser toe(s), subsequent encounter for fracture with routine healing","Displaced fracture of middle phalanx of left lesser toe(s), subsequent encounter for fracture with routine healing","Disp fx of med phalanx of l less toe(s), 7thD","Disp fx of middle phalanx of left lesser toe(s), 7thD"
2018,S92522G,S92.522G,true,"Displaced fracture of medial phalanx of left lesser toe(s), subsequent encounter for fracture with delayed healing","Displaced fracture of middle phalanx of left lesser toe(s), subsequent encounter for fracture with delayed healing","Disp fx of med phalanx of l less toe(s), 7thG","Disp fx of middle phalanx of left lesser toe(s), 7thG"
2018,S92522K,S92.522K,true,"Displaced fracture of medial phalanx of left lesser toe(s), subsequent encounter for fracture with nonunion","Displaced fracture of middle phalanx of left lesser toe(s), subsequent encounter for fracture with nonunion","Disp fx of med phalanx of l less toe(s), 7thK","Disp fx of middle phalanx of left lesser toe(s), 7thK"
2018,S92522P,S92.522P,true,"Displaced fracture of medial phalanx of left lesser toe(s), subsequent encounter for fracture with malunion","Displaced fracture of middle phalanx of left lesser toe(s), subsequent encounter for fracture with malunion","Disp fx of med phalanx of l less toe(s), 7thP","Disp fx of middle phalanx of left lesser toe(s), 7thP"
2018,S92522S,S92.522S,true,"Displaced fracture of medial phalanx of left lesser toe(s), sequela","Displaced fracture of middle phalanx of left lesser toe(s), sequela","Disp fx of medial phalanx of left lesser toe(s), sequela","Disp fx of middle phalanx of left lesser toe(s), sequela"
2018,S92523,S92.523,false,Displaced fracture of medial phalanx of unspecified lesser toe(s),Displaced fracture of middle phalanx of unspecified lesser toe(s),Disp fx of medial phalanx of unspecified lesser toe(s),Disp fx of middle phalanx of unspecified lesser toe(s)
2018,S92523A,S92.523A,true,"Displaced fracture of medial phalanx of unspecified lesser toe(s), initial encounter for closed fracture","Displaced fracture of middle phalanx of unspecified lesser toe(s), initial encounter for closed fracture","Disp fx of medial phalanx of unsp lesser toe(s), init","Disp fx of middle phalanx of unspecified lesser toe(s), init"
2018,S92523B,S92.523B,true,"Displaced fracture of medial phalanx of unspecified lesser toe(s), initial encounter for open fracture","Displaced fracture of middle phalanx of unspecified lesser toe(s), initial encounter for open fracture","Disp fx of med phalanx of unsp less toe(s), init for opn fx","Disp fx of middle phalanx of unspecified lesser toe(s), 7thB"
2018,S92523D,S92.523D,true,"Displaced fracture of medial phalanx of unspecified lesser toe(s), subsequent encounter for fracture with routine healing","Displaced fracture of middle phalanx of unspecified lesser toe(s), subsequent encounter for fracture with routine healing","Disp fx of med phalanx of unsp less toe(s), 7thD","Disp fx of middle phalanx of unspecified lesser toe(s), 7thD"
2018,S92523G,S92.523G,true,"Displaced fracture of medial phalanx of unspecified lesser toe(s), subsequent encounter for fracture with delayed healing","Displaced fracture of middle phalanx of unspecified lesser toe(s), subsequent encounter for fracture with delayed healing","Disp fx of med phalanx of unsp less toe(s), 7thG","Disp fx of middle phalanx of unspecified lesser toe(s), 7thG"
2018,S92523K,S92.523K,true,"Displaced fracture of medial phalanx of unspecified lesser toe(s), subsequent encounter for fracture with nonunion","Displaced fracture of middle phalanx of unspecified lesser toe(s), subsequent encounter for fracture with nonunion","Disp fx of med phalanx of unsp less toe(s), 7thK","Disp fx of middle phalanx of unspecified lesser toe(s), 7thK"
2018,S92523P,S92.523P,true,"Displaced fracture of medial phalanx of unspecified lesser toe(s), subsequent encounter for fracture with malunion","Displaced fracture of middle phalanx of unspecified lesser toe(s), subsequent encounter for fracture with malunion","Disp fx of med phalanx of unsp less toe(s), 7thP","Disp fx of middle phalanx of unspecified lesser toe(s), 7thP"
2018,S92523S,S92.523S,true,"Displaced fracture of medial phalanx of unspecified lesser toe(s), sequela","Displaced fracture of middle phalanx of unspecified lesser toe(s), sequela","Disp fx of medial phalanx of unsp lesser toe(s), sequela","Disp fx of middle phalanx of unsp lesser toe(s), sequela"
2018,S92524,S92.524,false,Nondisplaced fracture of medial phalanx of right lesser toe(s),Nondisplaced fracture of middle phalanx of right lesser toe(s),Nondisp fx of medial phalanx of right lesser toe(s),Nondisp fx of middle phalanx of right lesser toe(s)
2018,S92524A,S92.524A,true,"Nondisplaced fracture of medial phalanx of right lesser toe(s), initial encounter for closed fracture","Nondisplaced fracture of middle phalanx of right lesser toe(s), initial encounter for closed fracture","Nondisp fx of medial phalanx of right lesser toe(s), init","Nondisp fx of middle phalanx of right lesser toe(s), init"
2018,S92524B,S92.524B,true,"Nondisplaced fracture of medial phalanx of right lesser toe(s), initial encounter for open fracture","Nondisplaced fracture of middle phalanx of right lesser toe(s), initial encounter for open fracture","Nondisp fx of med phalanx of r less toe(s), init for opn fx","Nondisp fx of middle phalanx of right lesser toe(s), 7thB"
2018,S92524D,S92.524D,true,"Nondisplaced fracture of medial phalanx of right lesser toe(s), subsequent encounter for fracture with routine healing","Nondisplaced fracture of middle phalanx of right lesser toe(s), subsequent encounter for fracture with routine healing","Nondisp fx of med phalanx of r less toe(s), 7thD","Nondisp fx of middle phalanx of right lesser toe(s), 7thD"
2018,S92524G,S92.524G,true,"Nondisplaced fracture of medial phalanx of right lesser toe(s), subsequent encounter for fracture with delayed healing","Nondisplaced fracture of middle phalanx of right lesser toe(s), subsequent encounter for fracture with delayed healing","Nondisp fx of med phalanx of r less toe(s), 7thG","Nondisp fx of middle phalanx of right lesser toe(s), 7thG"
2018,S92524K,S92.524K,true,"Nondisplaced fracture of medial phalanx of right lesser toe(s), subsequent encounter for fracture with nonunion","Nondisplaced fracture of middle phalanx of right lesser toe(s), subsequent encounter for fracture with nonunion","Nondisp fx of med phalanx of r less toe(s), 7thK","Nondisp fx of middle phalanx of right lesser toe(s), 7thK"
2018,S92524P,S92.524P,true,"Nondisplaced fracture of medial phalanx of right lesser toe(s), subsequent encounter for fracture with malunion","Nondisplaced fracture of middle phalanx of right lesser toe(s), subsequent encounter for fracture with malunion","Nondisp fx of med phalanx of r less toe(s), 7thP","Nondisp fx of middle phalanx of right lesser toe(s), 7thP"
2018,S92524S,S92.524S,true,"Nondisplaced fracture of medial phalanx of right lesser toe(s), sequela","Nondisplaced fracture of middle phalanx of right lesser toe(s), sequela","Nondisp fx of medial phalanx of right lesser toe(s), sequela","Nondisp fx of middle phalanx of right lesser toe(s), sequela"
2018,S92525,S92.525,false,Nondisplaced fracture of medial phalanx of left lesser toe(s),Nondisplaced fracture of middle phalanx of left lesser toe(s),Nondisp fx of medial phalanx of left lesser toe(s),Nondisp fx of middle phalanx of left lesser toe(s)
2018,S92525A,S92.525A,true,"Nondisplaced fracture of medial phalanx of left lesser toe(s), initial encounter for closed fracture","Nondisplaced fracture of middle phalanx of left lesser toe(s), initial encounter for closed fracture","Nondisp fx of medial phalanx of left lesser toe(s), init","Nondisp fx of middle phalanx of left lesser toe(s), init"
2018,S92525B,S92.525B,true,"Nondisplaced fracture of medial phalanx of left lesser toe(s), initial encounter for open fracture","Nondisplaced fracture of middle phalanx of left lesser toe(s), initial encounter for open fracture","Nondisp fx of med phalanx of l less toe(s), init for opn fx","Nondisp fx of middle phalanx of left lesser toe(s), 7thB"
2018,S92525D,S92.525D,true,"Nondisplaced fracture of medial phalanx of left lesser toe(s), subsequent encounter for fracture with routine healing","Nondisplaced fracture of middle phalanx of left lesser toe(s), subsequent encounter for fracture with routine healing","Nondisp fx of med phalanx of l less toe(s), 7thD","Nondisp fx of middle phalanx of left lesser toe(s), 7thD"
2018,S92525G,S92.525G,true,"Nondisplaced fracture of medial phalanx of left lesser toe(s), subsequent encounter for fracture with delayed healing","Nondisplaced fracture of middle phalanx of left lesser toe(s), subsequent encounter for fracture with delayed healing","Nondisp fx of med phalanx of l less toe(s), 7thG","Nondisp fx of middle phalanx of left lesser toe(s), 7thG"
2018,S92525K,S92.525K,true,"Nondisplaced fracture of medial phalanx of left lesser toe(s), subsequent encounter for fracture with nonunion","Nondisplaced fracture of middle phalanx of left lesser toe(s), subsequent encounter for fracture with nonunion","Nondisp fx of med phalanx of l less toe(s), 7thK","Nondisp fx of middle phalanx of left lesser toe(s), 7thK"
2018,S92525P,S92.525P,true,"Nondisplaced fracture of medial phalanx of left lesser toe(s), subsequent encounter for fracture with malunion","Nondisplaced fracture of middle phalanx of left lesser toe(s), subsequent encounter for fracture with malunion","Nondisp fx of med phalanx of l less toe(s), 7thP","Nondisp fx of middle phalanx of left lesser toe(s), 7thP"
2018,S92525S,S92.525S,true,"Nondisplaced fracture of medial phalanx of left lesser toe(s), sequela","Nondisplaced fracture of middle phalanx of left lesser toe(s), sequela","Nondisp fx of medial phalanx of left lesser toe(s), sequela","Nondisp fx of middle phalanx of left lesser toe(s), sequela"
2018,S92526,S92.526,false,Nondisplaced fracture of medial phalanx of unspecified lesser toe(s),Nondisplaced fracture of middle phalanx of unspecified lesser toe(s),Nondisp fx of medial phalanx of unspecified lesser toe(s),Nondisp fx of middle phalanx of unspecified lesser toe(s)
2018,S92526A,S92.526A,true,"Nondisplaced fracture of medial phalanx of unspecified lesser toe(s), initial encounter for closed fracture","Nondisplaced fracture of middle phalanx of unspecified lesser toe(s), initial encounter for closed fracture","Nondisp fx of medial phalanx of unsp lesser toe(s), init","Nondisp fx of middle phalanx of unsp lesser toe(s), init"
2018,S92526B,S92.526B,true,"Nondisplaced fracture of medial phalanx of unspecified lesser toe(s), initial encounter for open fracture","Nondisplaced fracture of middle phalanx of unspecified lesser toe(s), initial encounter for open fracture","Nondisp fx of med phalanx of unsp less toe(s), 7thB","Nondisp fx of middle phalanx of unsp lesser toe(s), 7thB"
2018,S92526D,S92.526D,true,"Nondisplaced fracture of medial phalanx of unspecified lesser toe(s), subsequent encounter for fracture with routine healing","Nondisplaced fracture of middle phalanx of unspecified lesser toe(s), subsequent encounter for fracture with routine healing","Nondisp fx of med phalanx of unsp less toe(s), 7thD","Nondisp fx of middle phalanx of unsp lesser toe(s), 7thD"
2018,S92526G,S92.526G,true,"Nondisplaced fracture of medial phalanx of unspecified lesser toe(s), subsequent encounter for fracture with delayed healing","Nondisplaced fracture of middle phalanx of unspecified lesser toe(s), subsequent encounter for fracture with delayed healing","Nondisp fx of med phalanx of unsp less toe(s), 7thG","Nondisp fx of middle phalanx of unsp lesser toe(s), 7thG"
2018,S92526K,S92.526K,true,"Nondisplaced fracture of medial phalanx of unspecified lesser toe(s), subsequent encounter for fracture with nonunion","Nondisplaced fracture of middle phalanx of unspecified lesser toe(s), subsequent encounter for fracture with nonunion","Nondisp fx of med phalanx of unsp less toe(s), 7thK","Nondisp fx of middle phalanx of unsp lesser toe(s), 7thK"
2018,S92526P,S92.526P,true,"Nondisplaced fracture of medial phalanx of unspecified lesser toe(s), subsequent encounter for fracture with malunion","Nondisplaced fracture of middle phalanx of unspecified lesser toe(s), subsequent encounter for fracture with malunion","Nondisp fx of med phalanx of unsp less toe(s), 7thP","Nondisp fx of middle phalanx of unsp lesser toe(s), 7thP"
2018,S92526S,S92.526S,true,"Nondisplaced fracture of medial phalanx of unspecified lesser toe(s), sequela","Nondisplaced fracture of middle phalanx of unspecified lesser toe(s), sequela","Nondisp fx of medial phalanx of unsp lesser toe(s), sequela","Nondisp fx of middle phalanx of unsp lesser toe(s), sequela"
2018,W298,W29.8,false,Contact with other powered powered hand tools and household machinery,Contact with other powered hand tools and household machinery,Contact w oth powered powered hand tools and household mach,Contact with other powered hand tools and household mach
2018,W298XXA,W29.8XXA,true,"Contact with other powered powered hand tools and household machinery, initial encounter","Contact with other powered hand tools and household machinery, initial encounter","Cntct w oth power power hand tools and household mach, init","Cntct with other powered hand tools and household mach, init"
2018,W298XXD,W29.8XXD,true,"Contact with other powered powered hand tools and household machinery, subsequent encounter","Contact with other powered hand tools and household machinery, subsequent encounter","Cntct w oth power power hand tools and household mach, subs","Cntct with other powered hand tools and household mach, subs"
2018,W298XXS,W29.8XXS,true,"Contact with other powered powered hand tools and household machinery, sequela","Contact with other powered hand tools and household machinery, sequela","Cntct w oth power power hand tools and household mach, sqla","Cntct with other power hand tools and household mach, sqla"
2018,Z05,Z05,false,Encounter for observation and evaluation of newborn for   suspected diseases and conditions ruled out,Encounter for observation and evaluation of newborn for suspected diseases and conditions ruled out,Enctr for Obs & eval of NB for  susp diseases and cond R/O,Enctr for Obs & eval of NB for susp diseases and cond R/O
2018,Z057,Z05.7,false,"Observation and evaluation of newborn for suspected skin, subcutaneous, musculoskeletal and connective tissue condition ruled out","Observation and evaluation of newborn for suspected skin, subcutaneous, musculoskeletal and connective tissue condition ruled out","Obs & eval of NB for susp skin,subcu,ms & conn tiss cond R/O","Obs & eval NB for susp skin, subcu, ms & conn tiss cond R/O"
2018,Z315,Z31.5,true,Encounter for genetic counseling,Encounter for procreative genetic counseling,Encounter for genetic counseling,Encounter for procreative genetic counseling
2018,Z4002,Z40.02,true,Encounter for prophylactic removal of ovary,Encounter for prophylactic removal of ovary(s),Encounter for prophylactic removal of ovary,Encounter for prophylactic removal of ovary(s)
2018,Z681,Z68.1,true,"Body mass index (BMI) 19 or less, adult","Body mass index (BMI) 19.9 or less, adult","Body mass index (BMI) 19 or less, adult","Body mass index (BMI) 19.9 or less, adult"
2018,Z79890,Z79.890,true,Hormone replacement therapy (postmenopausal),Hormone replacement therapy,Hormone replacement therapy (postmenopausal),Hormone replacement therapy
2019,E671,E67.1,true,Hypercarotinemia,Hypercarotenemia,Hypercarotinemia,Hypercarotenemia
2019,E7253,E72.53,true,Hyperoxaluria,Primary hyperoxaluria,Hyperoxaluria,Primary hyperoxaluria
2019,F53,F53,false,Puerperal psychosis,"Mental and behavioral disorders associated with the puerperium, not elsewhere classified",Puerperal psychosis,"Mental and behavrl disorders assoc with the puerperium, NEC"
2019,F681,F68.1,false,Factitious disorder,Factitious disorder imposed on self,Factitious disorder,Factitious disorder imposed on self
2019,F6810,F68.10,true,"Factitious disorder, unspecified","Factitious disorder imposed on self, unspecified","Factitious disorder, unspecified","Factitious disorder imposed on self, unspecified"
2019,F6811,F68.11,true,Factitious disorder with predominantly psychological signs and symptoms,"Factitious disorder imposed on self, with predominantly psychological signs and symptoms",Factitious disorder w predom psych signs and symptoms,"Factit disord imposed on self, with predom psych signs/symp"
2019,F6812,F68.12,true,Factitious disorder with predominantly physical signs and symptoms,"Factitious disorder imposed on self, with predominantly physical signs and symptoms",Factitious disorder w predom physical signs and symptoms,"Factit disord impsd on self, with predom physcl signs/symp"
2019,F6813,F68.13,true,Factitious disorder with combined psychological and physical signs and symptoms,"Factitious disorder imposed on self, with combined psychological and physical signs and symptoms",Factitious disord w comb psych and physcl signs and symptoms,"Factit disord impsd on self,w comb psych & physcl signs/symp"
2019,H04201,H04.201,true,"Unspecified epiphora, right lacrimal gland","Unspecified epiphora, right side","Unspecified epiphora, right lacrimal gland","Unspecified epiphora, right side"
2019,H04202,H04.202,true,"Unspecified epiphora, left lacrimal gland","Unspecified epiphora, left side","Unspecified epiphora, left lacrimal gland","Unspecified epiphora, left side"
2019,H04203,H04.203,true,"Unspecified epiphora, bilateral lacrimal glands","Unspecified epiphora, bilateral","Unspecified epiphora, bilateral lacrimal glands","Unspecified epiphora, bilateral"
2019,H04209,H04.209,true,"Unspecified epiphora, unspecified lacrimal gland","Unspecified epiphora, unspecified side","Unspecified epiphora, unspecified lacrimal gland","Unspecified epiphora, unspecified side"
2019,H04221,H04.221,true,"Epiphora due to insufficient drainage, right lacrimal gland","Epiphora due to insufficient drainage, right side","Epiphora due to insufficient drainage, right lacrimal gland","Epiphora due to insufficient drainage, right side"
2019,H04222,H04.222,true,"Epiphora due to insufficient drainage, left lacrimal gland","Epiphora due to insufficient drainage, left side","Epiphora due to insufficient drainage, left lacrimal gland","Epiphora due to insufficient drainage, left side"
2019,H04223,H04.223,true,"Epiphora due to insufficient drainage, bilateral lacrimal glands","Epiphora due to insufficient drainage, bilateral","Epiphora due to insufficient drainage, bi lacrimal glands","Epiphora due to insufficient drainage, bilateral"
2019,H04229,H04.229,true,"Epiphora due to insufficient drainage, unspecified lacrimal gland","Epiphora due to insufficient drainage, unspecified side","Epiphora due to insufficient drainage, unsp lacrimal gland","Epiphora due to insufficient drainage, unspecified side"
2019,H54414,H54.414,false,"Blindness, right eye, category  4","Blindness, right eye, category 4","Blindness, right eye, category  4","Blindness, right eye, category 4"
2019,I63219,I63.219,true,Cerebral infarction due to unspecified occlusion or stenosis of unspecified vertebral arteries,Cerebral infarction due to unspecified occlusion or stenosis of unspecified vertebral artery,Cereb infrc due to unsp occls or stenosis of unsp verteb art,Cereb infrc due to unsp occls or stenosis of unsp verteb art
2019,I63239,I63.239,true,Cerebral infarction due to unspecified occlusion or stenosis of unspecified carotid arteries,Cerebral infarction due to unspecified occlusion or stenosis of unspecified carotid artery,Cereb infrc due to unsp occls or stenos of unsp carotid art,Cereb infrc due to unsp occls or stenos of unsp crtd artery
2019,I63333,I63.333,true,Cerebral infarction to thrombosis of bilateral posterior cerebral arteries,Cerebral infarction due to thrombosis of bilateral posterior cerebral arteries,Cerebral infrc to thombos of bi posterior cerebral arteries,Cerebral infrc due to thombos of bi post cerebral arteries
2019,I63343,I63.343,true,Cerebral infarction to thrombosis of bilateral cerebellar arteries,Cerebral infarction due to thrombosis of bilateral cerebellar arteries,Cerebral infrc to thrombosis of bilateral cereblr arteries,Cerebral infrc due to thombos of bilateral cereblr arteries
2019,I9764,I97.64,false,Postprocedural seroma of a circulatory system organ  or structure following a circulatory system procedure,Postprocedural seroma of a circulatory system organ or structure following a circulatory system procedure,Postp seroma of circ sys org or struct fol a circ sys proc,Postproc seroma of a circ sys org fol a circ sys procedure
2019,J8484,J84.84,false,Other interstitial  lung diseases of childhood,Other interstitial lung diseases of childhood,Other interstitial  lung diseases of childhood,Other interstitial lung diseases of childhood
2019,J84848,J84.848,true,Other interstitial  lung diseases of childhood,Other interstitial lung diseases of childhood,Other interstitial  lung diseases of childhood,Other interstitial lung diseases of childhood
2019,K435,K43.5,true,Parastomal hernia without obstruction or  gangrene,Parastomal hernia without obstruction or gangrene,Parastomal hernia without obstruction or  gangrene,Parastomal hernia without obstruction or gangrene
2019,L98495,L98.495,true,Non-pressure chronic ulcer of other sites with muscle involvement without evidence of necrosis,Non-pressure chronic ulcer of skin of other sites with muscle involvement without evidence of necrosis,Non-prs chr ulcer of sites with muscle invl w/o evd of necr,Non-prs chr ulc skin/ oth site with msl invl w/o evd of necr
2019,L98496,L98.496,true,Non-pressure chronic ulcer of other sites with bone involvement without evidence of necrosis,Non-pressure chronic ulcer of skin of other sites with bone involvement without evidence of necrosis,Non-prs chr ulcer of sites with bone invl w/o evd of necr,Non-prs chr ulc skin/ oth site with bne invl w/o evd of necr
2019,L98498,L98.498,true,Non-pressure chronic ulcer of other sites with other specified severity,Non-pressure chronic ulcer of skin of other sites with other specified severity,Non-pressure chronic ulcer of other sites with oth severity,Non-prs chronic ulcer skin/ other sites with oth severity
2019,M26621,M26.621,true,Arthralgia of right temporomandibular  joint,Arthralgia of right temporomandibular joint,Arthralgia of right temporomandibular  joint,Arthralgia of right temporomandibular joint
2019,M5001,M50.01,true,"Cervical disc disorder with myelopathy,  high cervical region","Cervical disc disorder with myelopathy, high cervical region","Cervical disc disorder w myelopathy, high cervical region","Cervical disc disorder with myelopathy, high cervical region"
2019,M5011,M50.11,true,"Cervical disc disorder with radiculopathy,  high cervical region","Cervical disc disorder with radiculopathy, high cervical region","Cerv disc disorder w radiculopathy, high cervical region","Cerv disc disorder with radiculopathy, high cervical region"
2019,M5021,M50.21,true,"Other cervical disc displacement,  high cervical region","Other cervical disc displacement, high cervical region","Other cervical disc displacement,  high cervical region","Other cervical disc displacement, high cervical region"
2019,M5031,M50.31,true,"Other cervical disc degeneration,  high cervical region","Other cervical disc degeneration, high cervical region","Other cervical disc degeneration,  high cervical region","Other cervical disc degeneration, high cervical region"
2019,M5081,M50.81,true,"Other cervical disc disorders,  high cervical region","Other cervical disc disorders, high cervical region","Other cervical disc disorders,  high cervical region","Other cervical disc disorders, high cervical region"
2019,M5091,M50.91,true,"Cervical disc disorder, unspecified,  high cervical region","Cervical disc disorder, unspecified, high cervical region","Cervical disc disorder, unspecified,  high cervical region","Cervical disc disorder, unspecified, high cervical region"
2019,M8662,M86.62,false,"Other chronic osteomyelitis,  humerus","Other chronic osteomyelitis, humerus","Other chronic osteomyelitis,  humerus","Other chronic osteomyelitis, humerus"
2019,M86621,M86.621,true,"Other chronic osteomyelitis, right  humerus","Other chronic osteomyelitis, right humerus","Other chronic osteomyelitis, right  humerus","Other chronic osteomyelitis, right humerus"
2019,M86622,M86.622,true,"Other chronic osteomyelitis, left  humerus","Other chronic osteomyelitis, left humerus","Other chronic osteomyelitis, left  humerus","Other chronic osteomyelitis, left humerus"
2019,M86629,M86.629,true,"Other chronic osteomyelitis, unspecified  humerus","Other chronic osteomyelitis, unspecified humerus","Other chronic osteomyelitis, unspecified  humerus","Other chronic osteomyelitis, unspecified humerus"
2019,M968,M96.8,false,"Other intraoperative and postprocedural complications and disorders of  musculoskeletal system, not elsewhere classified","Other intraoperative and postprocedural complications and disorders of musculoskeletal system, not elsewhere classified","Oth intraop and postproc comp and disorders of ms sys, NEC","Other intraop and postproc comp and disorders of ms sys, NEC"
2019,N630,N63.0,true,Unspecified lump in unspecified  breast,Unspecified lump in unspecified breast,Unspecified lump in unspecified  breast,Unspecified lump in unspecified breast
2019,O00212,O00.212,true,Left ovarian pregnancy without intrauterine pregnancy,Left ovarian pregnancy with intrauterine pregnancy,Left ovarian pregnancy without intrauterine pregnancy,Left ovarian pregnancy with intrauterine pregnancy
2019,P044,P04.4,false,Newborn  affected by maternal use of drugs of addiction,Newborn affected by maternal use of drugs of addiction,Newborn  affected by maternal use of drugs of addiction,Newborn affected by maternal use of drugs of addiction
2019,Q6689,Q66.89,true,Other  specified congenital deformities of feet,Other specified congenital deformities of feet,Other  specified congenital deformities of feet,Other specified congenital deformities of feet
2019,R40233,R40.233,false,"Coma scale, best motor response, abnormal","Coma scale, best motor response, abnormal flexion","Coma scale, best motor response, abnormal","Coma scale, best motor response, abnormal flexion"
2019,R402330,R40.2330,true,"Coma scale, best motor response, abnormal, unspecified time","Coma scale, best motor response, abnormal flexion, unspecified time","Coma scale, best motor response, abnormal, unspecified time","Coma scale, best motor, abnormal flexion, unspecified time"
2019,R402331,R40.2331,true,"Coma scale, best motor response, abnormal, in the field [EMT or ambulance]","Coma scale, best motor response, abnormal flexion, in the field [EMT or ambulance]","Coma scale, best motor response, abnormal, in the field","Coma scale, best motor, abnormal flexion, in the field"
2019,R402332,R40.2332,true,"Coma scale, best motor response, abnormal, at arrival to emergency department","Coma scale, best motor response, abnormal flexion, at arrival to emergency department","Coma scale, best motor response, abnormal, EMR","Coma scale, best motor response, abnormal flexion, EMR"
2019,R402333,R40.2333,true,"Coma scale, best motor response, abnormal, at hospital admission","Coma scale, best motor response, abnormal flexion, at hospital admission","Coma scale, best motor response, abnormal, admit","Coma scale, best motor response, abnormal flexion, admit"
2019,R402334,R40.2334,true,"Coma scale, best motor response, abnormal, 24 hours or more after hospital admission","Coma scale, best motor response, abnormal flexion, 24 hours or more after hospital admission","Coma scale, best motor response, abnormal, 24+hrs","Coma scale, best motor response, abnormal flexion, 24+hrs"
2019,S62626,S62.626,false,Displaced fracture of medial phalanx of right little finger,Displaced fracture of middle phalanx of right little finger,Displaced fracture of medial phalanx of right little finger,Displaced fracture of middle phalanx of right little finger
2019,S62626A,S62.626A,true,"Displaced fracture of medial phalanx of right little finger, initial encounter for closed fracture","Displaced fracture of middle phalanx of right little finger, initial encounter for closed fracture","Disp fx of medial phalanx of right little finger, init","Disp fx of middle phalanx of r little finger, init"
2019,S62626B,S62.626B,true,"Displaced fracture of medial phalanx of right little finger, initial encounter for open fracture","Displaced fracture of middle phalanx of right little finger, initial encounter for open fracture","Disp fx of medial phalanx of r little fngr, init for opn fx","Disp fx of middle phalanx of r little finger, 7thB"
2019,S62626D,S62.626D,true,"Displaced fracture of medial phalanx of right little finger, subsequent encounter for fracture with routine healing","Displaced fracture of middle phalanx of right little finger, subsequent encounter for fracture with routine healing","Disp fx of med phalanx of r lit fngr, 7thD","Disp fx of middle phalanx of r little finger, 7thD"
2019,S62626G,S62.626G,true,"Displaced fracture of medial phalanx of right little finger, subsequent encounter for fracture with delayed healing","Displaced fracture of middle phalanx of right little finger, subsequent encounter for fracture with delayed healing","Disp fx of med phalanx of r lit fngr, 7thG","Disp fx of middle phalanx of r little finger, 7thG"
2019,S62626K,S62.626K,true,"Displaced fracture of medial phalanx of right little finger, subsequent encounter for fracture with nonunion","Displaced fracture of middle phalanx of right little finger, subsequent encounter for fracture with nonunion","Disp fx of med phalanx of r lit fngr, subs for fx w nonunion","Disp fx of middle phalanx of r little finger, 7thK"
2019,S62626P,S62.626P,true,"Displaced fracture of medial phalanx of right little finger, subsequent encounter for fracture with malunion","Displaced fracture of middle phalanx of right little finger, subsequent encounter for fracture with malunion","Disp fx of med phalanx of r lit fngr, subs for fx w malunion","Disp fx of middle phalanx of r little finger, 7thP"
2019,S62626S,S62.626S,true,"Displaced fracture of medial phalanx of right little finger, sequela","Displaced fracture of middle phalanx of right little finger, sequela","Disp fx of medial phalanx of right little finger, sequela","Disp fx of middle phalanx of r little finger, sequela"
2019,S62627,S62.627,false,Displaced fracture of medial phalanx of left little finger,Displaced fracture of middle phalanx of left little finger,Displaced fracture of medial phalanx of left little finger,Displaced fracture of middle phalanx of left little finger
2019,S62627A,S62.627A,true,"Displaced fracture of medial phalanx of left little finger, initial encounter for closed fracture","Displaced fracture of middle phalanx of left little finger, initial encounter for closed fracture","Disp fx of medial phalanx of left little finger, init","Disp fx of middle phalanx of left little finger, init"
2019,S62627B,S62.627B,true,"Displaced fracture of medial phalanx of left little finger, initial encounter for open fracture","Displaced fracture of middle phalanx of left little finger, initial encounter for open fracture","Disp fx of medial phalanx of l little fngr, init for opn fx","Disp fx of middle phalanx of left little finger, 7thB"
2019,S62627D,S62.627D,true,"Displaced fracture of medial phalanx of left little finger, subsequent encounter for fracture with routine healing","Displaced fracture of middle phalanx of left little finger, subsequent encounter for fracture with routine healing","Disp fx of med phalanx of l lit fngr, 7thD","Disp fx of middle phalanx of left little finger, 7thD"
2019,S62627G,S62.627G,true,"Displaced fracture of medial phalanx of left little finger, subsequent encounter for fracture with delayed healing","Displaced fracture of middle phalanx of left little finger, subsequent encounter for fracture with delayed healing","Disp fx of med phalanx of l lit fngr, 7thG","Disp fx of middle phalanx of left little finger, 7thG"
2019,S62627K,S62.627K,true,"Displaced fracture of medial phalanx of left little finger, subsequent encounter for fracture with nonunion","Displaced fracture of middle phalanx of left little finger, subsequent encounter for fracture with nonunion","Disp fx of med phalanx of l lit fngr, subs for fx w nonunion","Disp fx of middle phalanx of left little finger, 7thK"
2019,S62627P,S62.627P,true,"Displaced fracture of medial phalanx of left little finger, subsequent encounter for fracture with malunion","Displaced fracture of middle phalanx of left little finger, subsequent encounter for fracture with malunion","Disp fx of med phalanx of l lit fngr, subs for fx w malunion","Disp fx of middle phalanx of left little finger, 7thP"
2019,S62627S,S62.627S,true,"Displaced fracture of medial phalanx of left little finger, sequela","Displaced fracture of middle phalanx of left little finger, sequela","Disp fx of medial phalanx of left little finger, sequela","Disp fx of middle phalanx of left little finger, sequela"
2019,S62628,S62.628,false,Displaced fracture of medial phalanx of other finger,Displaced fracture of middle phalanx of other finger,Displaced fracture of medial phalanx of other finger,Displaced fracture of middle phalanx of other finger
2019,S62628A,S62.628A,true,"Displaced fracture of medial phalanx of other finger, initial encounter for closed fracture","Displaced fracture of middle phalanx of other finger, initial encounter for closed fracture","Disp fx of medial phalanx of oth finger, init for clos fx","Displaced fracture of middle phalanx of other finger, init"
2019,S62628B,S62.628B,true,"Displaced fracture of medial phalanx of other finger, initial encounter for open fracture","Displaced fracture of middle phalanx of other finger, initial encounter for open fracture","Disp fx of medial phalanx of oth finger, init for opn fx","Displaced fracture of middle phalanx of other finger, 7thB"
2019,S62628D,S62.628D,true,"Displaced fracture of medial phalanx of other finger, subsequent encounter for fracture with routine healing","Displaced fracture of middle phalanx of other finger, subsequent encounter for fracture with routine healing","Disp fx of medial phalanx of fngr, subs for fx w routn heal","Displaced fracture of middle phalanx of other finger, 7thD"
2019,S62628G,S62.628G,true,"Displaced fracture of medial phalanx of other finger, subsequent encounter for fracture with delayed healing","Displaced fracture of middle phalanx of other finger, subsequent encounter for fracture with delayed healing","Disp fx of medial phalanx of fngr, subs for fx w delay heal","Displaced fracture of middle phalanx of other finger, 7thG"
2019,S62628K,S62.628K,true,"Displaced fracture of medial phalanx of other finger, subsequent encounter for fracture with nonunion","Displaced fracture of middle phalanx of other finger, subsequent encounter for fracture with nonunion","Disp fx of medial phalanx of finger, subs for fx w nonunion","Displaced fracture of middle phalanx of other finger, 7thK"
2019,S62628P,S62.628P,true,"Displaced fracture of medial phalanx of other finger, subsequent encounter for fracture with malunion","Displaced fracture of middle phalanx of other finger, subsequent encounter for fracture with malunion","Disp fx of medial phalanx of finger, subs for fx w malunion","Displaced fracture of middle phalanx of other finger, 7thP"
2019,S62628S,S62.628S,true,"Displaced fracture of medial phalanx of other finger, sequela","Displaced fracture of middle phalanx of other finger, sequela","Disp fx of medial phalanx of other finger, sequela","Disp fx of middle phalanx of other finger, sequela"
2019,S62629,S62.629,false,Displaced fracture of medial phalanx of unspecified finger,Displaced fracture of middle phalanx of unspecified finger,Displaced fracture of medial phalanx of unspecified finger,Displaced fracture of middle phalanx of unspecified finger
2019,S62629A,S62.629A,true,"Displaced fracture of medial phalanx of unspecified finger, initial encounter for closed fracture","Displaced fracture of middle phalanx of unspecified finger, initial encounter for closed fracture","Disp fx of medial phalanx of unsp finger, init for clos fx","Disp fx of middle phalanx of unspecified finger, init"
2019,S62629B,S62.629B,true,"Displaced fracture of medial phalanx of unspecified finger, initial encounter for open fracture","Displaced fracture of middle phalanx of unspecified finger, initial encounter for open fracture","Disp fx of medial phalanx of unsp finger, init for opn fx","Disp fx of middle phalanx of unspecified finger, 7thB"
2019,S62629D,S62.629D,true,"Displaced fracture of medial phalanx of unspecified finger, subsequent encounter for fracture with routine healing","Displaced fracture of middle phalanx of unspecified finger, subsequent encounter for fracture with routine healing","Disp fx of med phalanx of unsp fngr, 7thD","Disp fx of middle phalanx of unspecified finger, 7thD"
2019,S62629G,S62.629G,true,"Displaced fracture of medial phalanx of unspecified finger, subsequent encounter for fracture with delayed healing","Displaced fracture of middle phalanx of unspecified finger, subsequent encounter for fracture with delayed healing","Disp fx of med phalanx of unsp fngr, 7thG","Disp fx of middle phalanx of unspecified finger, 7thG"
2019,S62629K,S62.629K,true,"Displaced fracture of medial phalanx of unspecified finger, subsequent encounter for fracture with nonunion","Displaced fracture of middle phalanx of unspecified finger, subsequent encounter for fracture with nonunion","Disp fx of med phalanx of unsp fngr, subs for fx w nonunion","Disp fx of middle phalanx of unspecified finger, 7thK"
2019,S62629P,S62.629P,true,"Displaced fracture of medial phalanx of unspecified finger, subsequent encounter for fracture with malunion","Displaced fracture of middle phalanx of unspecified finger, subsequent encounter for fracture with malunion","Disp fx of med phalanx of unsp fngr, subs for fx w malunion","Disp fx of middle phalanx of unspecified finger, 7thP"
2019,S62629S,S62.629S,true,"Displaced fracture of medial phalanx of unspecified finger, sequela","Displaced fracture of middle phalanx of unspecified finger, sequela","Disp fx of medial phalanx of unspecified finger, sequela","Disp fx of middle phalanx of unspecified finger, sequela"
2019,S62654,S62.654,false,Nondisplaced fracture of medial phalanx of right ring finger,Nondisplaced fracture of middle phalanx of right ring finger,Nondisplaced fracture of medial phalanx of right ring finger,Nondisplaced fracture of middle phalanx of right ring finger
2019,S62654A,S62.654A,true,"Nondisplaced fracture of medial phalanx of right ring finger, initial encounter for closed fracture","Nondisplaced fracture of middle phalanx of right ring finger, initial encounter for closed fracture","Nondisp fx of medial phalanx of right ring finger, init","Nondisp fx of middle phalanx of right ring finger, init"
2019,S62654B,S62.654B,true,"Nondisplaced fracture of medial phalanx of right ring finger, initial encounter for open fracture","Nondisplaced fracture of middle phalanx of right ring finger, initial encounter for open fracture","Nondisp fx of medial phalanx of r rng fngr, init for opn fx","Nondisp fx of middle phalanx of right ring finger, 7thB"
2019,S62654D,S62.654D,true,"Nondisplaced fracture of medial phalanx of right ring finger, subsequent encounter for fracture with routine healing","Nondisplaced fracture of middle phalanx of right ring finger, subsequent encounter for fracture with routine healing","Nondisp fx of med phalanx of r rng fngr, 7thD","Nondisp fx of middle phalanx of right ring finger, 7thD"
2019,S62654G,S62.654G,true,"Nondisplaced fracture of medial phalanx of right ring finger, subsequent encounter for fracture with delayed healing","Nondisplaced fracture of middle phalanx of right ring finger, subsequent encounter for fracture with delayed healing","Nondisp fx of med phalanx of r rng fngr, 7thG","Nondisp fx of middle phalanx of right ring finger, 7thG"
2019,S62654K,S62.654K,true,"Nondisplaced fracture of medial phalanx of right ring finger, subsequent encounter for fracture with nonunion","Nondisplaced fracture of middle phalanx of right ring finger, subsequent encounter for fracture with nonunion","Nondisp fx of med phalanx of r rng fngr, 7thK","Nondisp fx of middle phalanx of right ring finger, 7thK"
2019,S62654P,S62.654P,true,"Nondisplaced fracture of medial phalanx of right ring finger, subsequent encounter for fracture with malunion","Nondisplaced fracture of middle phalanx of right ring finger, subsequent encounter for fracture with malunion","Nondisp fx of med phalanx of r rng fngr, 7thP","Nondisp fx of middle phalanx of right ring finger, 7thP"
2019,S62654S,S62.654S,true,"Nondisplaced fracture of medial phalanx of right ring finger, sequela","Nondisplaced fracture of middle phalanx of right ring finger, sequela","Nondisp fx of medial phalanx of right ring finger, sequela","Nondisp fx of middle phalanx of right ring finger, sequela"
2019,S62655,S62.655,false,Nondisplaced fracture of medial phalanx of left ring finger,Nondisplaced fracture of middle phalanx of left ring finger,Nondisplaced fracture of medial phalanx of left ring finger,Nondisplaced fracture of middle phalanx of left ring finger
2019,S62655A,S62.655A,true,"Nondisplaced fracture of medial phalanx of left ring finger, initial encounter for closed fracture","Nondisplaced fracture of middle phalanx of left ring finger, initial encounter for closed fracture","Nondisp fx of medial phalanx of left ring finger, init","Nondisp fx of middle phalanx of left ring finger, init"
2019,S62655B,S62.655B,true,"Nondisplaced fracture of medial phalanx of left ring finger, initial encounter for open fracture","Nondisplaced fracture of middle phalanx of left ring finger, initial encounter for open fracture","Nondisp fx of medial phalanx of l rng fngr, init for opn fx","Nondisp fx of middle phalanx of left ring finger, 7thB"
2019,S62655D,S62.655D,true,"Nondisplaced fracture of medial phalanx of left ring finger, subsequent encounter for fracture with routine healing","Nondisplaced fracture of middle phalanx of left ring finger, subsequent encounter for fracture with routine healing","Nondisp fx of med phalanx of l rng fngr, 7thD","Nondisp fx of middle phalanx of left ring finger, 7thD"
2019,S62655G,S62.655G,true,"Nondisplaced fracture of medial phalanx of left ring finger, subsequent encounter for fracture with delayed healing","Nondisplaced fracture of middle phalanx of left ring finger, subsequent encounter for fracture with delayed healing","Nondisp fx of med phalanx of l rng fngr, 7thG","Nondisp fx of middle phalanx of left ring finger, 7thG"
2019,S62655K,S62.655K,true,"Nondisplaced fracture of medial phalanx of left ring finger, subsequent encounter for fracture with nonunion","Nondisplaced fracture of middle phalanx of left ring finger, subsequent encounter for fracture with nonunion","Nondisp fx of med phalanx of l rng fngr, 7thK","Nondisp fx of middle phalanx of left ring finger, 7thK"
2019,S62655P,S62.655P,true,"Nondisplaced fracture of medial phalanx of left ring finger, subsequent encounter for fracture with malunion","Nondisplaced fracture of middle phalanx of left ring finger, subsequent encounter for fracture with malunion","Nondisp fx of med phalanx of l rng fngr, 7thP","Nondisp fx of middle phalanx of left ring finger, 7thP"
2019,S62655S,S62.655S,true,"Nondisplaced fracture of medial phalanx of left ring finger, sequela","Nondisplaced fracture of middle phalanx of left ring finger, sequela","Nondisp fx of medial phalanx of left ring finger, sequela","Nondisp fx of middle phalanx of left ring finger, sequela"
2019,S62656,S62.656,false,Nondisplaced fracture of medial phalanx of right little finger,Nondisplaced fracture of middle phalanx of right little finger,Nondisp fx of medial phalanx of right little finger,Nondisp fx of middle phalanx of right little finger
2019,S62656A,S62.656A,true,"Nondisplaced fracture of medial phalanx of right little finger, initial encounter for closed fracture","Nondisplaced fracture of middle phalanx of right little finger, initial encounter for closed fracture","Nondisp fx of medial phalanx of right little finger, init","Nondisp fx of middle phalanx of right little finger, init"
2019,S62656B,S62.656B,true,"Nondisplaced fracture of medial phalanx of right little finger, initial encounter for open fracture","Nondisplaced fracture of middle phalanx of right little finger, initial encounter for open fracture","Nondisp fx of medial phalanx of r lit fngr, init for opn fx","Nondisp fx of middle phalanx of right little finger, 7thB"
2019,S62656D,S62.656D,true,"Nondisplaced fracture of medial phalanx of right little finger, subsequent encounter for fracture with routine healing","Nondisplaced fracture of middle phalanx of right little finger, subsequent encounter for fracture with routine healing","Nondisp fx of med phalanx of r lit fngr, 7thD","Nondisp fx of middle phalanx of right little finger, 7thD"
2019,S62656G,S62.656G,true,"Nondisplaced fracture of medial phalanx of right little finger, subsequent encounter for fracture with delayed healing","Nondisplaced fracture of middle phalanx of right little finger, subsequent encounter for fracture with delayed healing","Nondisp fx of med phalanx of r lit fngr, 7thG","Nondisp fx of middle phalanx of right little finger, 7thG"
2019,S62656K,S62.656K,true,"Nondisplaced fracture of medial phalanx of right little finger, subsequent encounter for fracture with nonunion","Nondisplaced fracture of middle phalanx of right little finger, subsequent encounter for fracture with nonunion","Nondisp fx of med phalanx of r lit fngr, 7thK","Nondisp fx of middle phalanx of right little finger, 7thK"
2019,S62656P,S62.656P,true,"Nondisplaced fracture of medial phalanx of right little finger, subsequent encounter for fracture with malunion","Nondisplaced fracture of middle phalanx of right little finger, subsequent encounter for fracture with malunion","Nondisp fx of med phalanx of r lit fngr, 7thP","Nondisp fx of middle phalanx of right little finger, 7thP"
2019,S62656S,S62.656S,true,"Nondisplaced fracture of medial phalanx of right little finger, sequela","Nondisplaced fracture of middle phalanx of right little finger, sequela","Nondisp fx of medial phalanx of right little finger, sequela","Nondisp fx of middle phalanx of right little finger, sequela"
2019,S62657,S62.657,false,Nondisplaced fracture of medial phalanx of left little finger,Nondisplaced fracture of middle phalanx of left little finger,Nondisp fx of medial phalanx of left little finger,Nondisp fx of middle phalanx of left little finger
2019,S62657A,S62.657A,true,"Nondisplaced fracture of medial phalanx of left little finger, initial encounter for closed fracture","Nondisplaced fracture of middle phalanx of left little finger, initial encounter for closed fracture","Nondisp fx of medial phalanx of left little finger, init","Nondisp fx of middle phalanx of left little finger, init"
2019,S62657B,S62.657B,true,"Nondisplaced fracture of medial phalanx of left little finger, initial encounter for open fracture","Nondisplaced fracture of middle phalanx of left little finger, initial encounter for open fracture","Nondisp fx of medial phalanx of l lit fngr, init for opn fx","Nondisp fx of middle phalanx of left little finger, 7thB"
2019,S62657D,S62.657D,true,"Nondisplaced fracture of medial phalanx of left little finger, subsequent encounter for fracture with routine healing","Nondisplaced fracture of middle phalanx of left little finger, subsequent encounter for fracture with routine healing","Nondisp fx of med phalanx of l lit fngr, 7thD","Nondisp fx of middle phalanx of left little finger, 7thD"
2019,S62657G,S62.657G,true,"Nondisplaced fracture of medial phalanx of left little finger, subsequent encounter for fracture with delayed healing","Nondisplaced fracture of middle phalanx of left little finger, subsequent encounter for fracture with delayed healing","Nondisp fx of med phalanx of l lit fngr, 7thG","Nondisp fx of middle phalanx of left little finger, 7thG"
2019,S62657K,S62.657K,true,"Nondisplaced fracture of medial phalanx of left little finger, subsequent encounter for fracture with nonunion","Nondisplaced fracture of middle phalanx of left little finger, subsequent encounter for fracture with nonunion","Nondisp fx of med phalanx of l lit fngr, 7thK","Nondisp fx of middle phalanx of left little finger, 7thK"
2019,S62657P,S62.657P,true,"Nondisplaced fracture of medial phalanx of left little finger, subsequent encounter for fracture with malunion","Nondisplaced fracture of middle phalanx of left little finger, subsequent encounter for fracture with malunion","Nondisp fx of med phalanx of l lit fngr, 7thP","Nondisp fx of middle phalanx of left little finger, 7thP"
2019,S62657S,S62.657S,true,"Nondisplaced fracture of medial phalanx of left little finger, sequela","Nondisplaced fracture of middle phalanx of left little finger, sequela","Nondisp fx of medial phalanx of left little finger, sequela","Nondisp fx of middle phalanx of left little finger, sequela"
2019,S62658,S62.658,false,Nondisplaced fracture of medial phalanx of other finger,Nondisplaced fracture of middle phalanx of other finger,Nondisplaced fracture of medial phalanx of other finger,Nondisplaced fracture of middle phalanx of other finger
2019,S62658A,S62.658A,true,"Nondisplaced fracture of medial phalanx of other finger, initial encounter for closed fracture","Nondisplaced fracture of middle phalanx of other finger, initial encounter for closed fracture","Nondisp fx of medial phalanx of oth finger, init for clos fx","Nondisp fx of middle phalanx of other finger, init"
2019,S62658B,S62.658B,true,"Nondisplaced fracture of medial phalanx of other finger, initial encounter for open fracture","Nondisplaced fracture of middle phalanx of other finger, initial encounter for open fracture","Nondisp fx of medial phalanx of oth finger, init for opn fx","Nondisp fx of middle phalanx of other finger, 7thB"
2019,S62658D,S62.658D,true,"Nondisplaced fracture of medial phalanx of other finger, subsequent encounter for fracture with routine healing","Nondisplaced fracture of middle phalanx of other finger, subsequent encounter for fracture with routine healing","Nondisp fx of med phalanx of fngr, subs for fx w routn heal","Nondisp fx of middle phalanx of other finger, 7thD"
2019,S62658G,S62.658G,true,"Nondisplaced fracture of medial phalanx of other finger, subsequent encounter for fracture with delayed healing","Nondisplaced fracture of middle phalanx of other finger, subsequent encounter for fracture with delayed healing","Nondisp fx of med phalanx of fngr, subs for fx w delay heal","Nondisp fx of middle phalanx of other finger, 7thG"
2019,S62658K,S62.658K,true,"Nondisplaced fracture of medial phalanx of other finger, subsequent encounter for fracture with nonunion","Nondisplaced fracture of middle phalanx of other finger, subsequent encounter for fracture with nonunion","Nondisp fx of medial phalanx of fngr, subs for fx w nonunion","Nondisp fx of middle phalanx of other finger, 7thK"
2019,S62658P,S62.658P,true,"Nondisplaced fracture of medial phalanx of other finger, subsequent encounter for fracture with malunion","Nondisplaced fracture of middle phalanx of other finger, subsequent encounter for fracture with malunion","Nondisp fx of medial phalanx of fngr, subs for fx w malunion","Nondisp fx of middle phalanx of other finger, 7thP"
2019,S62658S,S62.658S,true,"Nondisplaced fracture of medial phalanx of other finger, sequela","Nondisplaced fracture of middle phalanx of other finger, sequela","Nondisp fx of medial phalanx of other finger, sequela","Nondisp fx of middle phalanx of other finger, sequela"
2019,S62659,S62.659,false,Nondisplaced fracture of medial phalanx of unspecified finger,Nondisplaced fracture of middle phalanx of unspecified finger,Nondisp fx of medial phalanx of unspecified finger,Nondisp fx of middle phalanx of unspecified finger
2019,S62659A,S62.659A,true,"Nondisplaced fracture of medial phalanx of unspecified finger, initial encounter for closed fracture","Nondisplaced fracture of middle phalanx of unspecified finger, initial encounter for closed fracture","Nondisp fx of medial phalanx of unsp finger, init","Nondisp fx of middle phalanx of unspecified finger, init"
2019,S62659B,S62.659B,true,"Nondisplaced fracture of medial phalanx of unspecified finger, initial encounter for open fracture","Nondisplaced fracture of middle phalanx of unspecified finger, initial encounter for open fracture","Nondisp fx of medial phalanx of unsp finger, init for opn fx","Nondisp fx of middle phalanx of unspecified finger, 7thB"
2019,S62659D,S62.659D,true,"Nondisplaced fracture of medial phalanx of unspecified finger, subsequent encounter for fracture with routine healing","Nondisplaced fracture of middle phalanx of unspecified finger, subsequent encounter for fracture with routine healing","Nondisp fx of med phalanx of unsp fngr, 7thD","Nondisp fx of middle phalanx of unspecified finger, 7thD"
2019,S62659G,S62.659G,true,"Nondisplaced fracture of medial phalanx of unspecified finger, subsequent encounter for fracture with delayed healing","Nondisplaced fracture of middle phalanx of unspecified finger, subsequent encounter for fracture with delayed healing","Nondisp fx of med phalanx of unsp fngr, 7thG","Nondisp fx of middle phalanx of unspecified finger, 7thG"
2019,S62659K,S62.659K,true,"Nondisplaced fracture of medial phalanx of unspecified finger, subsequent encounter for fracture with nonunion","Nondisplaced fracture of middle phalanx of unspecified finger, subsequent encounter for fracture with nonunion","Nondisp fx of med phalanx of unsp fngr, 7thK","Nondisp fx of middle phalanx of unspecified finger, 7thK"
2019,S62659P,S62.659P,true,"Nondisplaced fracture of medial phalanx of unspecified finger, subsequent encounter for fracture with malunion","Nondisplaced fracture of middle phalanx of unspecified finger, subsequent encounter for fracture with malunion","Nondisp fx of med phalanx of unsp fngr, 7thP","Nondisp fx of middle phalanx of unspecified finger, 7thP"
2019,S62659S,S62.659S,true,"Nondisplaced fracture of medial phalanx of unspecified finger, sequela","Nondisplaced fracture of middle phalanx of unspecified finger, sequela","Nondisp fx of medial phalanx of unspecified finger, sequela","Nondisp fx of middle phalanx of unspecified finger, sequela"
2019,S99101,S99.101,false,Unspecified physeal fracture of right  metatarsal,Unspecified physeal fracture of right metatarsal,Unspecified physeal fracture of right  metatarsal,Unspecified physeal fracture of right metatarsal
2019,S99101A,S99.101A,true,"Unspecified physeal fracture of right  metatarsal, initial encounter for closed fracture","Unspecified physeal fracture of right metatarsal, initial encounter for closed fracture","Unspecified physeal fracture of right metatarsal, init","Unspecified physeal fracture of right metatarsal, init"
2019,S99101B,S99.101B,true,"Unspecified physeal fracture of right  metatarsal, initial encounter for open fracture","Unspecified physeal fracture of right metatarsal, initial encounter for open fracture","Unspecified physeal fracture of right metatarsal, 7thB","Unspecified physeal fracture of right metatarsal, 7thB"
2019,S99101D,S99.101D,true,"Unspecified physeal fracture of right  metatarsal, subsequent encounter for fracture with routine healing","Unspecified physeal fracture of right metatarsal, subsequent encounter for fracture with routine healing","Unspecified physeal fracture of right metatarsal, 7thD","Unspecified physeal fracture of right metatarsal, 7thD"
2019,S99101G,S99.101G,true,"Unspecified physeal fracture of right  metatarsal, subsequent encounter for fracture with delayed healing","Unspecified physeal fracture of right metatarsal, subsequent encounter for fracture with delayed healing","Unspecified physeal fracture of right metatarsal, 7thG","Unspecified physeal fracture of right metatarsal, 7thG"
2019,S99101K,S99.101K,true,"Unspecified physeal fracture of right  metatarsal, subsequent encounter for fracture with nonunion","Unspecified physeal fracture of right metatarsal, subsequent encounter for fracture with nonunion","Unspecified physeal fracture of right metatarsal, 7thK","Unspecified physeal fracture of right metatarsal, 7thK"
2019,S99101P,S99.101P,true,"Unspecified physeal fracture of right  metatarsal, subsequent encounter for fracture with malunion","Unspecified physeal fracture of right metatarsal, subsequent encounter for fracture with malunion","Unspecified physeal fracture of right metatarsal, 7thP","Unspecified physeal fracture of right metatarsal, 7thP"
2019,S99101S,S99.101S,true,"Unspecified physeal fracture of right  metatarsal, sequela","Unspecified physeal fracture of right metatarsal, sequela","Unspecified physeal fracture of right  metatarsal, sequela","Unspecified physeal fracture of right metatarsal, sequela"
2019,S99132,S99.132,false,Salter-Harris Type III physeal fracture of left  metatarsal,Salter-Harris Type III physeal fracture of left metatarsal,Salter-Harris Type III physeal fracture of left  metatarsal,Salter-Harris Type III physeal fracture of left metatarsal
2019,S99132A,S99.132A,true,"Salter-Harris Type III physeal fracture of left  metatarsal, initial encounter for closed fracture","Salter-Harris Type III physeal fracture of left metatarsal, initial encounter for closed fracture","Sltr-haris Type III physeal fx left metatarsal, init","Sltr-haris Type III physeal fx left metatarsal, init"
2019,S99132B,S99.132B,true,"Salter-Harris Type III physeal fracture of left  metatarsal, initial encounter for open fracture","Salter-Harris Type III physeal fracture of left metatarsal, initial encounter for open fracture","Sltr-haris Type III physeal fx left metatarsal, 7thB","Sltr-haris Type III physeal fx left metatarsal, 7thB"
2019,S99132D,S99.132D,true,"Salter-Harris Type III physeal fracture of left  metatarsal, subsequent encounter for fracture with routine healing","Salter-Harris Type III physeal fracture of left metatarsal, subsequent encounter for fracture with routine healing","Sltr-haris Type III physeal fx left metatarsal, 7thD","Sltr-haris Type III physeal fx left metatarsal, 7thD"
2019,S99132G,S99.132G,true,"Salter-Harris Type III physeal fracture of left  metatarsal, subsequent encounter for fracture with delayed healing","Salter-Harris Type III physeal fracture of left metatarsal, subsequent encounter for fracture with delayed healing","Sltr-haris Type III physeal fx left metatarsal, 7thG","Sltr-haris Type III physeal fx left metatarsal, 7thG"
2019,S99132K,S99.132K,true,"Salter-Harris Type III physeal fracture of left  metatarsal, subsequent encounter for fracture with nonunion","Salter-Harris Type III physeal fracture of left metatarsal, subsequent encounter for fracture with nonunion","Sltr-haris Type III physeal fx left metatarsal, 7thK","Sltr-haris Type III physeal fx left metatarsal, 7thK"
2019,S99132P,S99.132P,true,"Salter-Harris Type III physeal fracture of left  metatarsal, subsequent encounter for fracture with malunion","Salter-Harris Type III physeal fracture of left metatarsal, subsequent encounter for fracture with malunion","Sltr-haris Type III physeal fx left metatarsal, 7thP","Sltr-haris Type III physeal fx left metatarsal, 7thP"
2019,S99132S,S99.132S,true,"Salter-Harris Type III physeal fracture of left  metatarsal, sequela","Salter-Harris Type III physeal fracture of left metatarsal, sequela","Sltr-haris Type III physeal fx left metatarsal, sequela","Sltr-haris Type III physeal fx left metatarsal, sequela"
2019,T37,T37,false,"Poisoning by, adverse effect of and underdosing of other systemic anti- infectives and antiparasitics","Poisoning by, adverse effect of and underdosing of other systemic anti-infectives and antiparasitics",Systemic anti- infectives and antiparasitics,Other systemic anti-infectives and antiparasitics
2019,T464X,T46.4X,false,"Poisoning by, adverse effect of and underdosing of  angiotensin-converting-enzyme inhibitors","Poisoning by, adverse effect of and underdosing of angiotensin-converting-enzyme inhibitors",angiotensin-converting-enzyme inhibitors,Angiotensin-converting-enzyme inhibitors
2019,T50A2,T50.A2,false,"Poisoning by, adverse effect of and underdosing of  mixed bacterial vaccines without a pertussis component","Poisoning by, adverse effect of and underdosing of mixed bacterial vaccines without a pertussis component",mixed bacterial vaccines w/o a pertussis component,Mixed bacterial vaccines without a pertussis component
2019,T8111,T81.11,false,Postprocedural  cardiogenic shock,Postprocedural cardiogenic shock,Postprocedural  cardiogenic shock,Postprocedural cardiogenic shock
2019,T8111XA,T81.11XA,true,"Postprocedural  cardiogenic shock, initial encounter","Postprocedural cardiogenic shock, initial encounter","Postprocedural  cardiogenic shock, initial encounter","Postprocedural cardiogenic shock, initial encounter"
2019,T8111XD,T81.11XD,true,"Postprocedural  cardiogenic shock, subsequent encounter","Postprocedural cardiogenic shock, subsequent encounter","Postprocedural  cardiogenic shock, subsequent encounter","Postprocedural cardiogenic shock, subsequent encounter"
2019,T8111XS,T81.11XS,true,"Postprocedural  cardiogenic shock, sequela","Postprocedural cardiogenic shock, sequela","Postprocedural  cardiogenic shock, sequela","Postprocedural cardiogenic shock, sequela"
2019,V0082,V00.82,false,Accident with babystroller,Accident with baby stroller,Accident with babystroller,Accident with baby stroller
2019,V00821,V00.821,false,Fall from babystroller,Fall from baby stroller,Fall from babystroller,Fall from baby stroller
2019,V00821A,V00.821A,true,"Fall from babystroller, initial encounter","Fall from baby stroller, initial encounter","Fall from babystroller, initial encounter","Fall from baby stroller, initial encounter"
2019,V00821D,V00.821D,true,"Fall from babystroller, subsequent encounter","Fall from baby stroller, subsequent encounter","Fall from babystroller, subsequent encounter","Fall from baby stroller, subsequent encounter"
2019,V00821S,V00.821S,true,"Fall from babystroller, sequela","Fall from baby stroller, sequela","Fall from babystroller, sequela","Fall from baby stroller, sequela"
2019,V00822,V00.822,false,Babystroller colliding with stationary object,Baby stroller colliding with stationary object,Babystroller colliding with stationary object,Baby stroller colliding with stationary object
2019,V00822A,V00.822A,true,"Babystroller colliding with stationary object, initial encounter","Baby stroller colliding with stationary object, initial encounter","Babystroller colliding with stationary object, init encntr","Baby stroller colliding with stationary object, init"
2019,V00822D,V00.822D,true,"Babystroller colliding with stationary object, subsequent encounter","Baby stroller colliding with stationary object, subsequent encounter","Babystroller colliding with stationary object, subs encntr","Baby stroller colliding with stationary object, subs"
2019,V00822S,V00.822S,true,"Babystroller colliding with stationary object, sequela","Baby stroller colliding with stationary object, sequela","Babystroller colliding with stationary object, sequela","Baby stroller colliding with stationary object, sequela"
2019,V00828,V00.828,false,Other accident with babystroller,Other accident with baby stroller,Other accident with babystroller,Other accident with baby stroller
2019,V00828A,V00.828A,true,"Other accident with babystroller, initial encounter","Other accident with baby stroller, initial encounter","Other accident with babystroller, initial encounter","Other accident with baby stroller, initial encounter"
2019,V00828D,V00.828D,true,"Other accident with babystroller, subsequent encounter","Other accident with baby stroller, subsequent encounter","Other accident with babystroller, subsequent encounter","Other accident with baby stroller, subsequent encounter"
2019,V00828S,V00.828S,true,"Other accident with babystroller, sequela","Other accident with baby stroller, sequela","Other accident with babystroller, sequela","Other accident with baby stroller, sequela"
2019,Y92000,Y92.000,true,Kitchen of unspecified non-institutional (private) residence as  the place of occurrence of the external cause,Kitchen of unspecified non-institutional (private) residence as the place of occurrence of the external cause,Kitchen of unsp non-institut (private) residence as place,Kitchen of unsp non-institut (private) residence as place
2019,Y9323,Y93.23,true,"Activity, snow (alpine) (downhill) skiing, snow boarding, sledding, tobogganing and snow tubing","Activity, snow (alpine) (downhill) skiing, snowboarding, sledding, tobogganing and snow tubing","Actvty,snow (alp/dwnhl) ski, snow brd, sled, tobogn & tubing","Actvty,snow (alp/dwnhl) ski,snowboard,sled,tobogn & tubing"
2019,Z4003,Z40.03,true,Encounter for prophylactic removal of fallopian tube(s ),Encounter for prophylactic removal of fallopian tube(s),Encounter for prophylactic removal of fallopian tube(s ),Encounter for prophylactic removal of fallopian tube(s)
2019,Z6843,Z68.43,true,"Body mass index (BMI) 50-59.9 , adult","Body mass index (BMI) 50-59.9, adult","Body mass index (BMI) 50-59.9 , adult","Body mass index (BMI) 50-59.9, adult"
2019,Z77123,Z77.123,true,Contact with and (suspected) exposure to radon and other naturally occuring radiation,Contact with and (suspected) exposure to radon and other naturally occurring radiation,Cntct w & expsr to radon & oth naturally occuring radiation,Cntct w & expsr to radon and other naturally occur radiation
2019,Z772,Z77.2,false,Contact with and (suspected ) exposure to other hazardous substances,Contact with and (suspected) exposure to other hazardous substances,Contact w and (suspected ) exposure to oth hazardous substnc,Contact with and exposure to other hazardous substances
2019,Z7729,Z77.29,true,Contact with and (suspected ) exposure to other hazardous substances,Contact with and (suspected) exposure to other hazardous substances,Contact w and (suspected ) exposure to oth hazardous substnc,Contact with and exposure to other hazardous substances
2020,B9621,B96.21,true,Shiga toxin-producing Escherichia coli [E. coli] (STEC) O157 as the cause of diseases classified elsewhere,Shiga toxin-producing Escherichia coli [E. coli] [STEC] O157 as the cause of diseases classified elsewhere,Shiga toxin E coli (STEC) O157 causing dis classd elswhr,Shig tox E coli [STEC] O157 causing diseases classd elswhr
2020,B9622,B96.22,true,Other specified Shiga toxin-producing Escherichia coli [E. coli] (STEC) as the cause of diseases classified elsewhere,Other specified Shiga toxin-producing Escherichia coli [E. coli] [STEC] as the cause of diseases classified elsewhere,Oth shiga toxin E coli (STEC) causing diseases classd elswhr,Oth shiga toxin E coli [STEC] causing diseases classd elswhr
2020,B9623,B96.23,true,Unspecified Shiga toxin-producing Escherichia coli [E. coli] (STEC) as the cause of diseases classified elsewhere,Unspecified Shiga toxin-producing Escherichia coli [E. coli] [STEC] as the cause of diseases classified elsewhere,Unsp shiga toxin E coli (STEC) causing dis classd elswhr,Unsp shig tox E coli [STEC] causing diseases classd elswhr
2020,G43A0,G43.A0,true,"Cyclical vomiting, not intractable","Cyclical vomiting, in migraine, not intractable","Cyclical vomiting, not intractable","Cyclical vomiting, in migraine, not intractable"
2020,G43A1,G43.A1,true,"Cyclical vomiting, intractable","Cyclical vomiting, in migraine, intractable","Cyclical vomiting, intractable","Cyclical vomiting, in migraine, intractable"
2020,I70238,I70.238,true,Atherosclerosis of native arteries of right leg with ulceration of other part of lower right leg,Atherosclerosis of native arteries of right leg with ulceration of other part of lower leg,Athscl natv art of right leg w ulcer oth prt lower right leg,Athscl native art of right leg with ulcer oth prt low leg
2020,I70248,I70.248,true,Atherosclerosis of native arteries of left leg with ulceration of other part of lower left leg,Atherosclerosis of native arteries of left leg with ulceration of other part of lower leg,Athscl native art of left leg w ulcer oth prt lower left leg,Athscl native art of left leg with ulcer oth prt low leg
2020,J440,J44.0,true,Chronic obstructive pulmonary disease with acute lower respiratory infection,Chronic obstructive pulmonary disease with (acute) lower respiratory infection,Chronic obstructive pulmon disease w acute lower resp infct,Chr obstructive pulmon disease with (acute) lower resp infct
2020,M50120,M50.120,true,"Mid-cervical disc disorder, unspecified","Mid-cervical disc disorder, unspecified level","Mid-cervical disc disorder, unspecified","Mid-cervical disc disorder, unspecified level"
2020,M6688,M66.88,true,"Spontaneous rupture of other tendons, other","Spontaneous rupture of other tendons, other sites","Spontaneous rupture of other tendons, other","Spontaneous rupture of other tendons, other sites"
2020,M67839,M67.839,true,"Other specified disorders of synovium and tendon, unspecified forearm","Other specified disorders of synovium and tendon, unspecified wrist","Oth disrd of synovium and tendon, unspecified forearm","Oth disrd of synovium and tendon, unspecified wrist"
2020,M775,M77.5,false,Other enthesopathy of foot,Other enthesopathy of foot and ankle,Other enthesopathy of foot,Other enthesopathy of foot and ankle
2020,M7750,M77.50,true,Other enthesopathy of unspecified foot,Other enthesopathy of unspecified foot and ankle,Other enthesopathy of unspecified foot,Other enthesopathy of unspecified foot and ankle
2020,M7751,M77.51,true,Other enthesopathy of right foot,Other enthesopathy of right foot and ankle,Other enthesopathy of right foot,Other enthesopathy of right foot and ankle
2020,M7752,M77.52,true,Other enthesopathy of left foot,Other enthesopathy of left foot and ankle,Other enthesopathy of left foot,Other enthesopathy of left foot and ankle
2020,N35814,N35.814,true,"Other anterior urethral stricture, male, anterior","Other anterior urethral stricture, male","Other anterior urethral stricture, male, anterior","Other anterior urethral stricture, male"
2020,Q796,Q79.6,false,Ehlers-Danlos syndrome,Ehlers-Danlos syndromes,Ehlers-Danlos syndrome,Ehlers-Danlos syndromes
2020,R82993,R82.993,true,Hyperuricoscuria,Hyperuricosuria,Hyperuricoscuria,Hyperuricosuria
2020,T40906,T40.906,false,Underdosing of unspecified psychodysleptics,Underdosing of unspecified psychodysleptics [hallucinogens],Underdosing of unspecified psychodysleptics,Underdosing of unspecified psychodysleptics [hallucinogens]
2020,T40906A,T40.906A,true,"Underdosing of unspecified psychodysleptics, initial encounter","Underdosing of unspecified psychodysleptics [hallucinogens], initial encounter","Underdosing of unspecified psychodysleptics, init encntr","Underdosing of unspecified psychodysleptics, init"
2020,T40906D,T40.906D,true,"Underdosing of unspecified psychodysleptics, subsequent encounter","Underdosing of unspecified psychodysleptics [hallucinogens], subsequent encounter","Underdosing of unspecified psychodysleptics, subs encntr","Underdosing of unspecified psychodysleptics, subs"
2020,T40906S,T40.906S,true,"Underdosing of unspecified psychodysleptics, sequela","Underdosing of unspecified psychodysleptics [hallucinogens], sequela","Underdosing of unspecified psychodysleptics, sequela","Underdosing of unspecified psychodysleptics, sequela"
2020,T40996,T40.996,false,Underdosing of other psychodysleptics,Underdosing of other psychodysleptics [hallucinogens],Underdosing of other psychodysleptics,Underdosing of other psychodysleptics [hallucinogens]
2020,T40996A,T40.996A,true,"Underdosing of other psychodysleptics, initial encounter","Underdosing of other psychodysleptics [hallucinogens], initial encounter","Underdosing of other psychodysleptics, initial encounter","Underdosing of other psychodysleptics, initial encounter"
2020,T40996D,T40.996D,true,"Underdosing of other psychodysleptics, subsequent encounter","Underdosing of other psychodysleptics [hallucinogens], subsequent encounter","Underdosing of other psychodysleptics, subsequent encounter","Underdosing of other psychodysleptics, subsequent encounter"
2020,T40996S,T40.996S,true,"Underdosing of other psychodysleptics, sequela","Underdosing of other psychodysleptics [hallucinogens], sequela","Underdosing of other psychodysleptics, sequela","Underdosing of other psychodysleptics, sequela"
2020,T441X6,T44.1X6,false,Underdosing of other parasympathomimetics,Underdosing of other parasympathomimetics [cholinergics],Underdosing of other parasympathomimetics,Underdosing of other parasympathomimetics [cholinergics]
2020,T441X6A,T44.1X6A,true,"Underdosing of other parasympathomimetics, initial encounter","Underdosing of other parasympathomimetics [cholinergics], initial encounter","Underdosing of other parasympathomimetics, initial encounter","Underdosing of other parasympathomimetics, initial encounter"
2020,T441X6D,T44.1X6D,true,"Underdosing of other parasympathomimetics, subsequent encounter","Underdosing of other parasympathomimetics [cholinergics], subsequent encounter","Underdosing of other parasympathomimetics, subs encntr","Underdosing of other parasympath, subsequent encounter"
2020,T441X6S,T44.1X6S,true,"Underdosing of other parasympathomimetics, sequela","Underdosing of other parasympathomimetics [cholinergics], sequela","Underdosing of other parasympathomimetics, sequela","Underdosing of other parasympathomimetics, sequela"
2020,V4313,V43.13,false,Car passenger injured in collision with pick-up in nontraffic accident,Car passenger injured in collision with pick-up truck in nontraffic accident,Car passenger injured in collision w pick-up nontraf,Car passenger injured in clsn with pick-up truck nontraf
2020,V4313XA,V43.13XA,true,"Car passenger injured in collision with pick-up in nontraffic accident, initial encounter","Car passenger injured in collision with pick-up truck in nontraffic accident, initial encounter","Car passenger injured in collision w pick-up nontraf, init","Car pasngr injured in clsn with pick-up truck nontraf, init"
2020,V4313XD,V43.13XD,true,"Car passenger injured in collision with pick-up in nontraffic accident, subsequent encounter","Car passenger injured in collision with pick-up truck in nontraffic accident, subsequent encounter","Car passenger injured in collision w pick-up nontraf, subs","Car pasngr injured in clsn with pick-up truck nontraf, subs"
2020,V4313XS,V43.13XS,true,"Car passenger injured in collision with pick-up in nontraffic accident, sequela","Car passenger injured in collision with pick-up truck in nontraffic accident, sequela","Car passenger injured in clsn w pick-up nontraf, sequela","Car pasngr inj in clsn with pick-up truck nontraf, sequela"
2020,Z4542,Z45.42,true,Encounter for adjustment and management of neuropacemaker (brain) (peripheral nerve) (spinal cord),Encounter for adjustment and management of neurostimulator,Encounter for adjust and mgmt of neuropacemaker (brain),Encounter for adjustment and management of neurostimulator
2020,Z6843,Z68.43,true,"Body mass index (BMI) 50-59.9, adult","Body mass index (BMI) 50.0-59.9, adult","Body mass index (BMI) 50-59.9, adult","Body mass index (BMI) 50.0-59.9, adult"
2021,D5741,D57.41,false,Sickle-cell thalassemia with crisis,"Sickle-cell thalassemia, unspecified, with crisis",Sickle-cell thalassemia with crisis,"Sickle-cell thalassemia, unspecified, with crisis"
2021,D57411,D57.411,true,Sickle-cell thalassemia with acute chest syndrome,"Sickle-cell thalassemia, unspecified, with acute chest syndrome",Sickle-cell thalassemia with acute chest syndrome,"Sickle-cell thalassemia, unsp, with acute chest syndrome"
2021,D57412,D57.412,true,Sickle-cell thalassemia with splenic sequestration,"Sickle-cell thalassemia, unspecified, with splenic sequestration",Sickle-cell thalassemia with splenic sequestration,"Sickle-cell thalassemia, unsp, with splenic sequestration"
2021,D57419,D57.419,true,"Sickle-cell thalassemia with crisis, unspecified","Sickle-cell thalassemia, unspecified, with crisis","Sickle-cell thalassemia with crisis, unspecified","Sickle-cell thalassemia, unspecified, with crisis"
2021,H5581,H55.81,true,Saccadic eye movements,Deficient saccadic eye movements,Saccadic eye movements,Deficient saccadic eye movements
2021,M9250,M92.50,false,"Juvenile osteochondrosis of tibia and fibula, unspecified leg",Unspecified juvenile osteochondrosis of tibia and fibula,"Juvenile osteochondrosis of tibia and fibula, unsp leg",Unspecified juvenile osteochondrosis of tibia and fibula
2021,M9251,M92.51,false,"Juvenile osteochondrosis of tibia and fibula, right leg",Juvenile osteochondrosis of proximal tibia,"Juvenile osteochondrosis of tibia and fibula, right leg",Juvenile osteochondrosis of proximal tibia
2021,M9252,M92.52,false,"Juvenile osteochondrosis of tibia and fibula, left leg",Juvenile osteochondrosis of tibia tubercle,"Juvenile osteochondrosis of tibia and fibula, left leg",Juvenile osteochondrosis of tibia tubercle
2021,Q5121,Q51.21,true,Other complete doubling of uterus,Complete doubling of uterus,Other complete doubling of uterus,Complete doubling of uterus
2021,Q5122,Q51.22,true,Other partial doubling of uterus,Partial doubling of uterus,Other partial doubling of uterus,Partial doubling of uterus
2021,Q5128,Q51.28,true,"Other doubling of uterus, other specified",Other and unspecified doubling of uterus,"Other doubling of uterus, other specified",Other and unspecified doubling of uterus
2021,Y92002,Y92.002,true,Bathroom of unspecified non-institutional (private) residence single-family (private) house as the place of occurrence of the external cause,Bathroom of unspecified non-institutional (private) residence as the place of occurrence of the external cause,Bathrm of unsp non-institut resdnce sngl-fmly house as place,Bathroom of unsp non-institut (private) residence as place
2021,Z681,Z68.1,true,"Body mass index (BMI) 19.9 or less, adult","Body mass index [BMI] 19.9 or less, adult","Body mass index (BMI) 19.9 or less, adult","Body mass index [BMI] 19.9 or less, adult"
2021,Z682,Z68.2,false,"Body mass index (BMI) 20-29, adult","Body mass index [BMI] 20-29, adult","Body mass index (BMI) 20-29, adult","Body mass index [BMI] 20-29, adult"
2021,Z6820,Z68.20,true,"Body mass index (BMI) 20.0-20.9, adult","Body mass index [BMI] 20.0-20.9, adult","Body mass index (BMI) 20.0-20.9, adult","Body mass index [BMI] 20.0-20.9, adult"
2021,Z6821,Z68.21,true,"Body mass index (BMI) 21.0-21.9, adult","Body mass index [BMI] 21.0-21.9, adult","Body mass index (BMI) 21.0-21.9, adult","Body mass index [BMI] 21.0-21.9, adult"
2021,Z6822,Z68.22,true,"Body mass index (BMI) 22.0-22.9, adult","Body mass index [BMI] 22.0-22.9, adult","Body mass index (BMI) 22.0-22.9, adult","Body mass index [BMI] 22.0-22.9, adult"
2021,Z6823,Z68.23,true,"Body mass index (BMI) 23.0-23.9, adult","Body mass index [BMI] 23.0-23.9, adult","Body mass index (BMI) 23.0-23.9, adult","Body mass index [BMI] 23.0-23.9, adult"
2021,Z6824,Z68.24,true,"Body mass index (BMI) 24.0-24.9, adult","Body mass index [BMI] 24.0-24.9, adult","Body mass index (BMI) 24.0-24.9, adult","Body mass index [BMI] 24.0-24.9, adult"
2021,Z6825,Z68.25,true,"Body mass index (BMI) 25.0-25.9, adult","Body mass index [BMI] 25.0-25.9, adult","Body mass index (BMI) 25.0-25.9, adult","Body mass index [BMI] 25.0-25.9, adult"
2021,Z6826,Z68.26,true,"Body mass index (BMI) 26.0-26.9, adult","Body mass index [BMI] 26.0-26.9, adult","Body mass index (BMI) 26.0-26.9, adult","Body mass index [BMI] 26.0-26.9, adult"
2021,Z6827,Z68.27,true,"Body mass index (BMI) 27.0-27.9, adult","Body mass index [BMI] 27.0-27.9, adult","Body mass index (BMI) 27.0-27.9, adult","Body mass index [BMI] 27.0-27.9, adult"
2021,Z6828,Z68.28,true,"Body mass index (BMI) 28.0-28.9, adult","Body mass index [BMI] 28.0-28.9, adult","Body mass index (BMI) 28.0-28.9, adult","Body mass index [BMI] 28.0-28.9, adult"
2021,Z6829,Z68.29,true,"Body mass index (BMI) 29.0-29.9, adult","Body mass index [BMI] 29.0-29.9, adult","Body mass index (BMI) 29.0-29.9, adult","Body mass index [BMI] 29.0-29.9, adult"
2021,Z683,Z68.3,false,"Body mass index (BMI) 30-39, adult","Body mass index [BMI] 30-39, adult","Body mass index (BMI) 30-39, adult","Body mass index [BMI] 30-39, adult"
2021,Z6830,Z68.30,true,"Body mass index (BMI) 30.0-30.9, adult","Body mass index [BMI]30.0-30.9, adult","Body mass index (BMI) 30.0-30.9, adult","Body mass index [BMI]30.0-30.9, adult"
2021,Z6831,Z68.31,true,"Body mass index (BMI) 31.0-31.9, adult","Body mass index [BMI] 31.0-31.9, adult","Body mass index (BMI) 31.0-31.9, adult","Body mass index [BMI] 31.0-31.9, adult"
2021,Z6832,Z68.32,true,"Body mass index (BMI) 32.0-32.9, adult","Body mass index [BMI] 32.0-32.9, adult","Body mass index (BMI) 32.0-32.9, adult","Body mass index [BMI] 32.0-32.9, adult"
2021,Z6833,Z68.33,true,"Body mass index (BMI) 33.0-33.9, adult","Body mass index [BMI] 33.0-33.9, adult","Body mass index (BMI) 33.0-33.9, adult","Body mass index [BMI] 33.0-33.9, adult"
2021,Z6834,Z68.34,true,"Body mass index (BMI) 34.0-34.9, adult","Body mass index [BMI] 34.0-34.9, adult","Body mass index (BMI) 34.0-34.9, adult","Body mass index [BMI] 34.0-34.9, adult"
2021,Z6835,Z68.35,true,"Body mass index (BMI) 35.0-35.9, adult","Body mass index [BMI] 35.0-35.9, adult","Body mass index (BMI) 35.0-35.9, adult","Body mass index [BMI] 35.0-35.9, adult"
2021,Z6836,Z68.36,true,"Body mass index (BMI) 36.0-36.9, adult","Body mass index [BMI] 36.0-36.9, adult","Body mass index (BMI) 36.0-36.9, adult","Body mass index [BMI] 36.0-36.9, adult"
2021,Z6837,Z68.37,true,"Body mass index (BMI) 37.0-37.9, adult","Body mass index [BMI] 37.0-37.9, adult","Body mass index (BMI) 37.0-37.9, adult","Body mass index [BMI] 37.0-37.9, adult"
2021,Z6838,Z68.38,true,"Body mass index (BMI) 38.0-38.9, adult","Body mass index [BMI] 38.0-38.9, adult","Body mass index (BMI) 38.0-38.9, adult","Body mass index [BMI] 38.0-38.9, adult"
2021,Z6839,Z68.39,true,"Body mass index (BMI) 39.0-39.9, adult","Body mass index [BMI] 39.0-39.9, adult","Body mass index (BMI) 39.0-39.9, adult","Body mass index [BMI] 39.0-39.9, adult"
2021,Z684,Z68.4,false,"Body mass index (BMI) 40 or greater, adult","Body mass index [BMI] 40 or greater, adult","Body mass index (BMI) 40 or greater, adult","Body mass index [BMI] 40 or greater, adult"
2021,Z6841,Z68.41,true,"Body mass index (BMI) 40.0-44.9, adult","Body mass index [BMI]40.0-44.9, adult","Body mass index (BMI) 40.0-44.9, adult","Body mass index [BMI]40.0-44.9, adult"
2021,Z6842,Z68.42,true,"Body mass index (BMI) 45.0-49.9, adult","Body mass index [BMI] 45.0-49.9, adult","Body mass index (BMI) 45.0-49.9, adult","Body mass index [BMI] 45.0-49.9, adult"
2021,Z6843,Z68.43,true,"Body mass index (BMI) 50.0-59.9, adult","Body mass index [BMI] 50.0-59.9, adult","Body mass index (BMI) 50.0-59.9, adult","Body mass index [BMI] 50.0-59.9, adult"
2021,Z6844,Z68.44,true,"Body mass index (BMI) 60.0-69.9, adult","Body mass index [BMI] 60.0-69.9, adult","Body mass index (BMI) 60.0-69.9, adult","Body mass index [BMI] 60.0-69.9, adult"
2021,Z6845,Z68.45,true,"Body mass index (BMI) 70 or greater, adult","Body mass index [BMI] 70 or greater, adult","Body mass index (BMI) 70 or greater, adult","Body mass index [BMI] 70 or greater, adult"
2021,Z685,Z68.5,false,Body mass index (BMI) pediatric,Body mass index [BMI] pediatric,Body mass index (BMI) pediatric,Body mass index [BMI] pediatric
2021,Z6851,Z68.51,true,"Body mass index (BMI) pediatric, less than 5th percentile for age","Body mass index [BMI] pediatric, less than 5th percentile for age","BMI pediatric, less than 5th percentile for age","Body mass index pediatric, less than 5th percentile for age"
2021,Z6852,Z68.52,true,"Body mass index (BMI) pediatric, 5th percentile to less than 85th percentile for age","Body mass index [BMI] pediatric, 5th percentile to less than 85th percentile for age","BMI pediatric, 5th percentile to less than 85% for age","Body mass index pediatric, 5th percentile to < 85% for age"
2021,Z6853,Z68.53,true,"Body mass index (BMI) pediatric, 85th percentile to less than 95th percentile for age","Body mass index [BMI] pediatric, 85th percentile to less than 95th percentile for age","BMI pediatric, 85% to less than 95th percentile for age","Body mass index pediatric, 85% to less than 95% for age"
2021,Z6854,Z68.54,true,"Body mass index (BMI) pediatric, greater than or equal to 95th percentile for age","Body mass index [BMI] pediatric, greater than or equal to 95th percentile for age","BMI pediatric, greater than or equal to 95% for age","Body mass index pediatric, > or equal to 95% for age"
2021,Z881,Z88.1,true,Allergy status to other antibiotic agents status,Allergy status to other antibiotic agents,Allergy status to other antibiotic agents status,Allergy status to other antibiotic agents
2021,Z882,Z88.2,true,Allergy status to sulfonamides status,Allergy status to sulfonamides,Allergy status to sulfonamides status,Allergy status to sulfonamides
2021,Z883,Z88.3,true,Allergy status to other anti-infective agents status,Allergy status to other anti-infective agents,Allergy status to other anti-infective agents status,Allergy status to other anti-infective agents
2021,Z884,Z88.4,true,Allergy status to anesthetic agent status,Allergy status to anesthetic agent,Allergy status to anesthetic agent status,Allergy status to anesthetic agent
2021,Z885,Z88.5,true,Allergy status to narcotic agent status,Allergy status to narcotic agent,Allergy status to narcotic agent status,Allergy status to narcotic agent
2021,Z886,Z88.6,true,Allergy status to analgesic agent status,Allergy status to analgesic agent,Allergy status to analgesic agent status,Allergy status to analgesic agent
2021,Z887,Z88.7,true,Allergy status to serum and vaccine status,Allergy status to serum and vaccine,Allergy status to serum and vaccine status,Allergy status to serum and vaccine
2021,Z888,Z88.8,true,"Allergy status to other drugs, medicaments and biological substances status","Allergy status to other drugs, medicaments and biological substances",Allergy status to oth drug/meds/biol subst status,Allergy status to other drug/meds/biol subst
2021,Z889,Z88.9,true,"Allergy status to unspecified drugs, medicaments and biological substances status","Allergy status to unspecified drugs, medicaments and biological substances",Allergy status to unsp drug/meds/biol subst status,Allergy status to unspecified drug/meds/biol subst
2022,F32,F32,false,"Major depressive disorder, single episode",Depressive episode,"Major depressive disorder, single episode",Depressive episode
2022,G7120,G71.20,true,"Congenital myopathy, unspecifed","Congenital myopathy, unspecified","Congenital myopathy, unspecifed","Congenital myopathy, unspecified"
2022,M350,M35.0,false,Sicca syndrome [Sjogren],Sjogren syndrome,Sicca syndrome [Sjogren],Sjogren syndrome
2022,M3500,M35.00,true,"Sicca syndrome, unspecified","Sjogren syndrome, unspecified","Sicca syndrome, unspecified","Sjogren syndrome, unspecified"
2022,M3501,M35.01,true,Sicca syndrome with keratoconjunctivitis,Sjogren syndrome with keratoconjunctivitis,Sicca syndrome with keratoconjunctivitis,Sjogren syndrome with keratoconjunctivitis
2022,M3502,M35.02,true,Sicca syndrome with lung involvement,Sjogren syndrome with lung involvement,Sicca syndrome with lung involvement,Sjogren syndrome with lung involvement
2022,M3503,M35.03,true,Sicca syndrome with myopathy,Sjogren syndrome with myopathy,Sicca syndrome with myopathy,Sjogren syndrome with myopathy
2022,M3504,M35.04,true,Sicca syndrome with tubulo-interstitial nephropathy,Sjogren syndrome with tubulo-interstitial nephropathy,Sicca syndrome with tubulo-interstitial nephropathy,Sjogren syndrome with tubulo-interstitial nephropathy
2022,M3509,M35.09,true,Sicca syndrome with other organ involvement,Sjogren syndrome with other organ involvement,Sicca syndrome with other organ involvement,Sjogren syndrome with other organ involvement
2022,O1001,O10.01,false,"Pre-existing essential hypertension complicating pregnancy,",Pre-existing essential hypertension complicating pregnancy,"Pre-existing essential hypertension complicating pregnancy,",Pre-existing essential hypertension complicating pregnancy
2022,T6361,T63.61,false,Toxic effect of contact with Portugese Man-o-war,Toxic effect of contact with Portuguese Man-o-war,Toxic effect of contact with Portugese Man-o-war,Toxic effect of contact with Portuguese Man-o-war
2022,T63611,T63.611,false,"Toxic effect of contact with Portugese Man-o-war, accidental (unintentional)","Toxic effect of contact with Portuguese Man-o-war, accidental (unintentional)","Toxic effect of contact w Portugese Man-o-war, accidental","Toxic effect of contact with Portuguese Man-o-war, acc"
2022,T63611A,T63.611A,true,"Toxic effect of contact with Portugese Man-o-war, accidental (unintentional), initial encounter","Toxic effect of contact with Portuguese Man-o-war, accidental (unintentional), initial encounter","Toxic effect of contact w Portugese Man-o-war, acc, init","Toxic effect of cntct with Portuguese Man-o-war, acc, init"
2022,T63611D,T63.611D,true,"Toxic effect of contact with Portugese Man-o-war, accidental (unintentional), subsequent encounter","Toxic effect of contact with Portuguese Man-o-war, accidental (unintentional), subsequent encounter","Toxic effect of contact w Portugese Man-o-war, acc, subs","Toxic effect of cntct with Portuguese Man-o-war, acc, subs"
2022,T63611S,T63.611S,true,"Toxic effect of contact with Portugese Man-o-war, accidental (unintentional), sequela","Toxic effect of contact with Portuguese Man-o-war, accidental (unintentional), sequela","Toxic effect of contact w Portugese Man-o-war, acc, sequela","Toxic effect of cntct with Portuguese Man-o-war, acc, sqla"
2022,T63612,T63.612,false,"Toxic effect of contact with Portugese Man-o-war, intentional self-harm","Toxic effect of contact with Portuguese Man-o-war, intentional self-harm","Toxic effect of contact w Portugese Man-o-war, self-harm","Toxic effect of contact with Portuguese Man-o-war, self-harm"
2022,T63612A,T63.612A,true,"Toxic effect of contact with Portugese Man-o-war, intentional self-harm, initial encounter","Toxic effect of contact with Portuguese Man-o-war, intentional self-harm, initial encounter","Toxic effect of contact w Portugese Man-o-war, slf-hrm, init","Toxic eff of cntct with Portuguese Man-o-war, slf-hrm, init"
2022,T63612D,T63.612D,true,"Toxic effect of contact with Portugese Man-o-war, intentional self-harm, subsequent encounter","Toxic effect of contact with Portuguese Man-o-war, intentional self-harm, subsequent encounter","Toxic effect of contact w Portugese Man-o-war, slf-hrm, subs","Toxic eff of cntct with Portuguese Man-o-war, slf-hrm, subs"
2022,T63612S,T63.612S,true,"Toxic effect of contact with Portugese Man-o-war, intentional self-harm, sequela","Toxic effect of contact with Portuguese Man-o-war, intentional self-harm, sequela","Toxic effect of cntct w Portugese Man-o-war, slf-hrm, sqla","Toxic eff of cntct with Portuguese Man-o-war, slf-hrm, sqla"
2022,T63613,T63.613,false,"Toxic effect of contact with Portugese Man-o-war, assault","Toxic effect of contact with Portuguese Man-o-war, assault","Toxic effect of contact with Portugese Man-o-war, assault","Toxic effect of contact with Portuguese Man-o-war, assault"
2022,T63613A,T63.613A,true,"Toxic effect of contact with Portugese Man-o-war, assault, initial encounter","Toxic effect of contact with Portuguese Man-o-war, assault, initial encounter","Toxic effect of contact w Portugese Man-o-war, assault, init","Toxic effect of cntct with Portuguese Man-o-war, asslt, init"
2022,T63613D,T63.613D,true,"Toxic effect of contact with Portugese Man-o-war, assault, subsequent encounter","Toxic effect of contact with Portuguese Man-o-war, assault, subsequent encounter","Toxic effect of contact w Portugese Man-o-war, assault, subs","Toxic effect of cntct with Portuguese Man-o-war, asslt, subs"
2022,T63613S,T63.613S,true,"Toxic effect of contact with Portugese Man-o-war, assault, sequela","Toxic effect of contact with Portuguese Man-o-war, assault, sequela","Toxic effect of cntct w Portugese Man-o-war, asslt, sequela","Toxic effect of cntct with Portuguese Man-o-war, asslt, sqla"
2022,T63614,T63.614,false,"Toxic effect of contact with Portugese Man-o-war, undetermined","Toxic effect of contact with Portuguese Man-o-war, undetermined","Toxic effect of contact w Portugese Man-o-war, undetermined","Toxic effect of contact with Portuguese Man-o-war, undet"
2022,T63614A,T63.614A,true,"Toxic effect of contact with Portugese Man-o-war, undetermined, initial encounter","Toxic effect of contact with Portuguese Man-o-war, undetermined, initial encounter","Toxic effect of contact w Portugese Man-o-war, undet, init","Toxic effect of cntct with Portuguese Man-o-war, undet, init"
2022,T63614D,T63.614D,true,"Toxic effect of contact with Portugese Man-o-war, undetermined, subsequent encounter","Toxic effect of contact with Portuguese Man-o-war, undetermined, subsequent encounter","Toxic effect of contact w Portugese Man-o-war, undet, subs","Toxic effect of cntct with Portuguese Man-o-war, undet, subs"
2022,T63614S,T63.614S,true,"Toxic effect of contact with Portugese Man-o-war, undetermined, sequela","Toxic effect of contact with Portuguese Man-o-war, undetermined, sequela","Toxic effect of cntct w Portugese Man-o-war, undet, sequela","Toxic effect of cntct with Portuguese Man-o-war, undet, sqla"
2022,Z594,Z59.4,false,Lack of adequate food and safe drinking water,Lack of adequate food,Lack of adequate food and safe drinking water,Lack of adequate food
2022,Z6830,Z68.30,true,"Body mass index [BMI]30.0-30.9, adult","Body mass index [BMI] 30.0-30.9, adult","Body mass index [BMI]30.0-30.9, adult","Body mass index [BMI] 30.0-30.9, adult"
2022,Z6841,Z68.41,true,"Body mass index [BMI]40.0-44.9, adult","Body mass index [BMI] 40.0-44.9, adult","Body mass index [BMI]40.0-44.9, adult","Body mass index [BMI] 40.0-44.9, adult"
2022,Z9225,Z92.25,true,Personal history of immunosupression therapy,Personal history of immunosuppression therapy,Personal history of immunosupression therapy,Personal history of immunosuppression therapy
2023,C844,C84.4,false,"Peripheral T-cell lymphoma, not classified","Peripheral T-cell lymphoma, not elsewhere classified","Peripheral T-cell lymphoma, not classified","Peripheral T-cell lymphoma, not elsewhere classified"
2023,C8440,C84.40,true,"Peripheral T-cell lymphoma, not classified, unspecified site","Peripheral T-cell lymphoma, not elsewhere classified, unspecified site","Peripheral T-cell lymphoma, not classified, unspecified site","Peripheral T-cell lymphoma, NEC, unspecified site"
2023,C8441,C84.41,true,"Peripheral T-cell lymphoma, not classified, lymph nodes of head, face, and neck","Peripheral T-cell lymphoma, not elsewhere classified, lymph nodes of head, face, and neck","Prph T-cell lymph, not class, nodes of head, face, and neck","Prph T-cell lymphoma, NEC, nodes of head, face, and neck"
2023,C8442,C84.42,true,"Peripheral T-cell lymphoma, not classified, intrathoracic lymph nodes","Peripheral T-cell lymphoma, not elsewhere classified, intrathoracic lymph nodes","Peripheral T-cell lymphoma, not class, intrathorac nodes","Peripheral T-cell lymphoma, NEC, intrathoracic lymph nodes"
2023,C8443,C84.43,true,"Peripheral T-cell lymphoma, not classified, intra-abdominal lymph nodes","Peripheral T-cell lymphoma, not elsewhere classified, intra-abdominal lymph nodes","Peripheral T-cell lymphoma, not classified, intra-abd nodes","Peripheral T-cell lymphoma, NEC, intra-abdominal lymph nodes"
2023,C8444,C84.44,true,"Peripheral T-cell lymphoma, not classified, lymph nodes of axilla and upper limb","Peripheral T-cell lymphoma, not elsewhere classified, lymph nodes of axilla and upper limb","Prph T-cell lymph, not class, nodes of axilla and upper limb","Prph T-cell lymphoma, NEC, nodes of axilla and upper limb"
2023,C8445,C84.45,true,"Peripheral T-cell lymphoma, not classified, lymph nodes of inguinal region and lower limb","Peripheral T-cell lymphoma, not elsewhere classified, lymph nodes of inguinal region and lower limb","Prph T-cell lymph, not class, nodes of ing rgn and low limb","Prph T-cell lymph, NEC, nodes of ing region and lower limb"
2023,C8446,C84.46,true,"Peripheral T-cell lymphoma, not classified, intrapelvic lymph nodes","Peripheral T-cell lymphoma, not elsewhere classified, intrapelvic lymph nodes","Peripheral T-cell lymphoma, not classified, intrapelv nodes","Peripheral T-cell lymphoma, NEC, intrapelvic lymph nodes"
2023,C8447,C84.47,true,"Peripheral T-cell lymphoma, not classified, spleen","Peripheral T-cell lymphoma, not elsewhere classified, spleen","Peripheral T-cell lymphoma, not classified, spleen","Peripheral T-cell lymphoma, not elsewhere classified, spleen"
2023,C8448,C84.48,true,"Peripheral T-cell lymphoma, not classified, lymph nodes of multiple sites","Peripheral T-cell lymphoma, not elsewhere classified, lymph nodes of multiple sites","Peripheral T-cell lymphoma, not classified, nodes mult site","Peripheral T-cell lymphoma, NEC, lymph nodes mult site"
2023,C8449,C84.49,true,"Peripheral T-cell lymphoma, not classified, extranodal and solid organ sites","Peripheral T-cell lymphoma, not elsewhere classified, extranodal and solid organ sites","Prph T-cell lymph, not class, extrnod and solid organ sites","Prph T-cell lymphoma, NEC, extrnod and solid organ sites"
2023,C946,C94.6,true,"Myelodysplastic disease, not classified","Myelodysplastic disease, not elsewhere classified","Myelodysplastic disease, not classified","Myelodysplastic disease, not elsewhere classified"
2023,D680,D68.0,false,Von Willebrand's disease,Von Willebrand disease,Von Willebrand's disease,Von Willebrand disease
2023,F015,F01.5,false,Vascular dementia,"Vascular dementia, unspecified severity",Vascular dementia,"Vascular dementia, unspecified severity"
2023,F0150,F01.50,true,Vascular dementia without behavioral disturbance,"Vascular dementia, unspecified severity, without behavioral disturbance, psychotic disturbance, mood disturbance, and anxiety",Vascular dementia without behavioral disturbance,"Vascular dementia, unsp severity, without beh/psych/mood/anx"
2023,F0151,F01.51,false,Vascular dementia with behavioral disturbance,"Vascular dementia, unspecified severity, with behavioral disturbance",Vascular dementia with behavioral disturbance,"Vascular dementia, unsp severity, with behavioral disturb"
2023,F028,F02.8,false,Dementia in other diseases classified elsewhere,"Dementia in other diseases classified elsewhere, unspecified severity",Dementia in other diseases classified elsewhere,"Dementia in other diseases classd elswhr, unsp severity"
2023,F0280,F02.80,true,Dementia in other diseases classified elsewhere without behavioral disturbance,"Dementia in other diseases classified elsewhere, unspecified severity, without behavioral disturbance, psychotic disturbance, mood disturbance, and anxiety",Dementia in oth diseases classd elswhr w/o behavrl disturb,"Dem in oth dis classd elswhr,unsp sev,w/o beh/psych/mood/anx"
2023,F0281,F02.81,false,Dementia in other diseases classified elsewhere with behavioral disturbance,"Dementia in other diseases classified elsewhere, unspecified severity, with behavioral disturbance",Dementia in oth diseases classd elswhr w behavioral disturb,"Dem in other dis classd elswhr, unsp sev, with beh distrb"
2023,F039,F03.9,false,Unspecified dementia,"Unspecified dementia, unspecified severity",Unspecified dementia,"Unspecified dementia, unspecified severity"
2023,F0390,F03.90,true,Unspecified dementia without behavioral disturbance,"Unspecified dementia, unspecified severity, without behavioral disturbance, psychotic disturbance, mood disturbance, and anxiety",Unspecified dementia without behavioral disturbance,"Unsp dementia, unsp severity, without beh/psych/mood/anx"
2023,F0391,F03.91,false,Unspecified dementia with behavioral disturbance,"Unspecified dementia, unspecified severity, with behavioral disturbance",Unspecified dementia with behavioral disturbance,"Unsp dementia, unspecified severity, with behavioral disturb"
2023,G3109,G31.09,true,Other frontotemporal dementia,Other frontotemporal neurocognitive disorder,Other frontotemporal dementia,Other frontotemporal neurocognitive disorder
2023,G3183,G31.83,true,Dementia with Lewy bodies,Neurocognitive disorder with Lewy bodies,Dementia with Lewy bodies,Neurocognitive disorder with Lewy bodies
2023,G3184,G31.84,true,"Mild cognitive impairment, so stated",Mild cognitive impairment of uncertain or unknown etiology,"Mild cognitive impairment, so stated",Mild cognitive impairment of uncertain or unknown etiology
2023,G933,G93.3,false,Postviral fatigue syndrome,Postviral and related fatigue syndromes,Postviral fatigue syndrome,Postviral and related fatigue syndromes
2023,K3532,K35.32,true,"Acute appendicitis with perforation and localized peritonitis, without abscess","Acute appendicitis with perforation, localized peritonitis, and gangrene, without abscess","Acute appendicitis with perf and loc peritonitis, w/o abscs","Ac appendicitis w perf, loc peritonitis, & gangr, w/o abscs"
2023,K3533,K35.33,true,"Acute appendicitis with perforation and localized peritonitis, with abscess","Acute appendicitis with perforation, localized peritonitis, and gangrene, with abscess","Acute appendicitis with perf and loc peritonitis, with abscs","Ac appendicitis with perf, loc peritonitis, and gangr, wbscs"
2023,M9301,M93.01,false,Acute slipped upper femoral epiphysis (nontraumatic),"Acute slipped upper femoral epiphysis, stable (nontraumatic)",Acute slipped upper femoral epiphysis (nontraumatic),"Acute slipped upper femoral epiphysis, stable (nontraumatic)"
2023,M93011,M93.011,true,"Acute slipped upper femoral epiphysis (nontraumatic), right hip","Acute slipped upper femoral epiphysis, stable (nontraumatic), right hip","Acute slipped upper femoral epiphysis, right hip","Acute slipped upper femoral epiphysis, stable, right hip"
2023,M93012,M93.012,true,"Acute slipped upper femoral epiphysis (nontraumatic), left hip","Acute slipped upper femoral epiphysis, stable (nontraumatic), left hip","Acute slipped upper femoral epiphysis, left hip","Acute slipped upper femoral epiphysis, stable, left hip"
2023,M93013,M93.013,true,"Acute slipped upper femoral epiphysis (nontraumatic), unspecified hip","Acute slipped upper femoral epiphysis, stable (nontraumatic), unspecified hip","Acute slipped upper femoral epiphysis, unsp hip","Acute slipped upper femoral epiphysis, stable, unsp hip"
2023,M9302,M93.02,false,Chronic slipped upper femoral epiphysis (nontraumatic),"Chronic slipped upper femoral epiphysis, stable (nontraumatic)",Chronic slipped upper femoral epiphysis (nontraumatic),"Chronic slipped upper femoral epiphysis, stable"
2023,M93021,M93.021,true,"Chronic slipped upper femoral epiphysis (nontraumatic), right hip","Chronic slipped upper femoral epiphysis, stable (nontraumatic), right hip","Chronic slipped upper femoral epiphysis, right hip","Chronic slipped upper femoral epiphysis, stable, right hip"
2023,M93022,M93.022,true,"Chronic slipped upper femoral epiphysis (nontraumatic), left hip","Chronic slipped upper femoral epiphysis, stable (nontraumatic), left hip","Chronic slipped upper femoral epiphysis, left hip","Chronic slipped upper femoral epiphysis, stable, left hip"
2023,M93023,M93.023,true,"Chronic slipped upper femoral epiphysis (nontraumatic), unspecified hip","Chronic slipped upper femoral epiphysis, stable (nontraumatic), unspecified hip","Chronic slipped upper femoral epiphysis, unsp hip","Chronic slipped upper femoral epiphysis, stable, unsp hip"
2023,M9303,M93.03,false,Acute on chronic slipped upper femoral epiphysis (nontraumatic),"Acute on chronic slipped upper femoral epiphysis, stable (nontraumatic)",Acute on chronic slipped upper femoral epiphysis,"Acute on chronic slipped upper femoral epiphysis, stable"
2023,M93031,M93.031,true,"Acute on chronic slipped upper femoral epiphysis (nontraumatic), right hip","Acute on chronic slipped upper femoral epiphysis, stable (nontraumatic), right hip","Acute on chronic slipped upper femoral epiphysis, right hip","Acute on chr slipped upper femoral epiphy, stable, r hip"
2023,M93032,M93.032,true,"Acute on chronic slipped upper femoral epiphysis (nontraumatic), left hip","Acute on chronic slipped upper femoral epiphysis, stable (nontraumatic), left hip","Acute on chronic slipped upper femoral epiphysis, left hip","Acute on chr slipped upper femoral epiphy, stable, l hip"
2023,M93033,M93.033,true,"Acute on chronic slipped upper femoral epiphysis (nontraumatic), unspecified hip","Acute on chronic slipped upper femoral epiphysis, stable (nontraumatic), unspecified hip","Acute on chronic slipped upper femoral epiphysis, unsp hip","Acute on chr slipped upper femoral epiphy, stable, unsp hip"
2024,E8881,E88.81,false,Metabolic syndrome,Metabolic syndrome and other insulin resistance,Metabolic syndrome,Metabolic syndrome and other insulin resistance
2024,H54511,H54.511,false,"Low vision, right eye, category 1-2","Low vision, right eye, category 1","Low vision, right eye, category 1-2","Low vision, right eye, category 1"
2024,I25112,I25.112,true,Atherosclerosic heart disease of native coronary artery with refractory angina pectoris,Atherosclerotic heart disease of native coronary artery with refractory angina pectoris,Atherosclerosic hrt dis of natv cor art w refract ang pctrs,Athscl heart dis of native cor art with refract ang pctrs
2024,I7151,I71.51,true,"Supraceliac aneurysm of the abdominal aorta, ruptured","Supraceliac aneurysm of the thoracoabdominal aorta, ruptured","Supraceliac aneurysm of the abdominal aorta, ruptured","Supraceliac aneurysm of the thoracoabdominal aorta, ruptured"
2024,I7152,I71.52,true,"Paravisceral aneurysm of the abdominal aorta, ruptured","Paravisceral aneurysm of the thoracoabdominal aorta, ruptured","Paravisceral aneurysm of the abdominal aorta, ruptured","Paravisceral aneurysm of the thoracoabdominal aorta, ruptd"
2024,I7161,I71.61,true,"Supraceliac aneurysm of the abdominal aorta, without rupture","Supraceliac aneurysm of the thoracoabdominal aorta, without rupture","Supraceliac aneurysm of the abdominal aorta, without rupture","Supraceliac aneurysm of the thoracoabdominal aorta, w/o rupt"
2024,I7162,I71.62,true,"Paravisceral aneurysm of the abdominal aorta, without rupture","Paravisceral aneurysm of the thoracoabdominal aorta, without rupture","Paravisceral aneurysm of the abd aorta, without rupture","Paravisceral aneurysm of thoracoabdominal aorta, w/o rupt"
2024,M3215,M32.15,true,Tubulo-interstitial nephropathy in systemic lupus erythematosus,Tubulo-interstitial nephropathy in systemic lupus erythematosus,Tubulo-interstitial neuropath in sys lupus erythematosus,Tubulo-interstitial nephrop in sys lupus erythematosus
2024,M4112,M41.12,false,Adolescent scoliosis,Adolescent idiopathic scoliosis,Adolescent scoliosis,Adolescent idiopathic scoliosis
2024,N071,N07.1,true,"Hereditary nephropathy, not elsewhere classified with focal and segmental glomerular lesions","Hereditary nephropathy, not elsewhere classified with focal and segmental glomerular lesions","Heredit neuropath, NEC w focal and seg glomerular lesions","Heredit nephrop, NEC w focal and seg glomerular lesions"
2024,N073,N07.3,true,"Hereditary nephropathy, not elsewhere classified with diffuse mesangial proliferative glomerulonephritis","Hereditary nephropathy, not elsewhere classified with diffuse mesangial proliferative glomerulonephritis","Heredit neuropath, NEC w diffuse mesangial prolif glomrlneph","Heredit nephrop, NEC w diffuse mesangial prolif glomrlneph"
2024,N074,N07.4,true,"Hereditary nephropathy, not elsewhere classified with diffuse endocapillary proliferative glomerulonephritis","Hereditary nephropathy, not elsewhere classified with diffuse endocapillary proliferative glomerulonephritis","Heredit neuropath, NEC w diffus endocaplry prolif glomrlneph","Heredit nephrop, NEC w diffus endocaplry prolif glomrlneph"
2024,N13721,N13.721,true,"Vesicoureteral-reflux with reflux nephropathy without hydroureter, unilateral","Vesicoureteral-reflux with reflux nephropathy without hydroureter, unilateral","Vesicoureter-reflux w reflux neuropath w/o hydrourt, unil","Vesicoureter-reflux w reflux nephrop w/o hydrourt, unil"
2024,N13722,N13.722,true,"Vesicoureteral-reflux with reflux nephropathy without hydroureter, bilateral","Vesicoureteral-reflux with reflux nephropathy without hydroureter, bilateral","Vesicoureter-reflux w reflux neuropath w/o hydrourt, bi","Vesicoureter-reflux w reflux nephrop w/o hydrourt, bi"
2024,N13731,N13.731,true,"Vesicoureteral-reflux with reflux nephropathy with hydroureter, unilateral","Vesicoureteral-reflux with reflux nephropathy with hydroureter, unilateral","Vesicoureter-reflux w reflux neuropath w hydrourt, unil","Vesicoureter-reflux w reflux nephrop w hydrourt, unil"
2024,N13732,N13.732,true,"Vesicoureteral-reflux with reflux nephropathy with hydroureter, bilateral","Vesicoureteral-reflux with reflux nephropathy with hydroureter, bilateral","Vesicoureter-reflux w reflux neuropath w hydrourt, bilateral","Vesicoureter-reflux w reflux nephrop w hydrourt, bilateral"
2024,N142,N14.2,true,"Nephropathy induced by unspecified drug, medicament or biological substance","Nephropathy induced by unspecified drug, medicament or biological substance","Neuropath induced by unsp drug, medicament or biolg sub","Nephrop induced by unsp drug, medicament or biolg sub"
2024,N35812,N35.812,true,"Other urethral bulbous stricture, male","Other bulbous urethral stricture, male","Other urethral bulbous stricture, male","Other bulbous urethral stricture, male"
2024,P199,P19.9,true,"Metabolic acidemia, unspecified","Metabolic acidemia in newborn, unspecified","Metabolic acidemia, unspecified","Metabolic acidemia in newborn, unspecified"
2024,Q8581,Q85.81,true,PTEN tumor syndrome,PTEN hamartoma tumor syndrome,PTEN tumor syndrome,PTEN hamartoma tumor syndrome
2024,Q874,Q87.4,false,Marfan's syndrome,Marfan syndrome,Marfan's syndrome,Marfan syndrome
2024,Q8740,Q87.40,true,"Marfan's syndrome, unspecified","Marfan syndrome, unspecified","Marfan's syndrome, unspecified","Marfan syndrome, unspecified"
2024,Q8741,Q87.41,false,Marfan's syndrome with cardiovascular manifestations,Marfan syndrome with cardiovascular manifestations,Marfan's syndrome with cardiovascular manifestations,Marfan syndrome with cardiovascular manifestations
2024,Q87410,Q87.410,true,Marfan's syndrome with aortic dilation,Marfan syndrome with aortic dilation,Marfan's syndrome with aortic dilation,Marfan syndrome with aortic dilation
2024,Q87418,Q87.418,true,Marfan's syndrome with other cardiovascular manifestations,Marfan syndrome with other cardiovascular manifestations,Marfan's syndrome with other cardiovascular manifestations,Marfan syndrome with other cardiovascular manifestations
2024,Q8742,Q87.42,true,Marfan's syndrome with ocular manifestations,Marfan syndrome with ocular manifestations,Marfan's syndrome with ocular manifestations,Marfan syndrome with ocular manifestations
2024,Q8743,Q87.43,true,Marfan's syndrome with skeletal manifestation,Marfan syndrome with skeletal manifestation,Marfan's syndrome with skeletal manifestation,Marfan syndrome with skeletal manifestation
2024,Z5987,Z59.87,true,Material hardship,"Material hardship due to limited financial resources, not elsewhere classified",Material hardship,"Material hardship due to limited financial resources, NEC"
2025,A7741,A77.41,true,Ehrlichiosis chafeensis [E. chafeensis],Ehrlichiosis chaffeensis [E. chaffeensis],Ehrlichiosis chafeensis [E. chafeensis],Ehrlichiosis chaffeensis [E. chaffeensis]
2025,F9821,F98.21,true,Rumination disorder of infancy,Rumination disorder of infancy and childhood,Rumination disorder of infancy,Rumination disorder of infancy and childhood
2025,G9342,G93.42,true,Megaloencephalic leukoencephalopathy with subcortical cysts,Megalencephalic leukoencephalopathy with subcortical cysts,Megaloencephalic leukoencephalopathy with subcortical cysts,Megalencephalic leukoencephalopathy with subcortical cysts
2025,H442A3,H44.2A3,true,"Degenerative myopia with choroidal neovascularization, bilateral eye","Degenerative myopia with choroidal neovascularization, bilateral","Degeneratv myopia with choroidal neovascularization, bi eye","Degeneratv myopia with choroidal neovascularization, bi"
2025,H442B3,H44.2B3,true,"Degenerative myopia with macular hole, bilateral eye","Degenerative myopia with macular hole, bilateral","Degenerative myopia with macular hole, bilateral eye","Degenerative myopia with macular hole, bilateral"
2025,H442C3,H44.2C3,true,"Degenerative myopia with retinal detachment, bilateral eye","Degenerative myopia with retinal detachment, bilateral","Degenerative myopia with retinal detachment, bilateral eye","Degenerative myopia with retinal detachment, bilateral"
2025,H442D3,H44.2D3,true,"Degenerative myopia with foveoschisis, bilateral eye","Degenerative myopia with foveoschisis, bilateral","Degenerative myopia with foveoschisis, bilateral eye","Degenerative myopia with foveoschisis, bilateral"
2025,H442E3,H44.2E3,true,"Degenerative myopia with other maculopathy, bilateral eye","Degenerative myopia with other maculopathy, bilateral","Degenerative myopia with other maculopathy, bilateral eye","Degenerative myopia with other maculopathy, bilateral"
2025,I2693,I26.93,true,Single subsegmental pulmonary embolism without acute cor pulmonale,Single subsegmental thrombotic pulmonary embolism without acute cor pulmonale,Single subsegmental pulmon emblsm w/o acute cor pulmonale,Sing subsegmental throm pulm emblsm w/o acute cor pulmonale
2025,I2694,I26.94,true,Multiple subsegmental pulmonary emboli without acute cor pulmonale,Multiple subsegmental thrombotic pulmonary emboli without acute cor pulmonale,Mult subsegmental pulmon emboli without acute cor pulmonale,Mult subsegmental throm pulm emboli w/o acute cor pulmonale
2025,K589,K58.9,true,Irritable bowel syndrome without diarrhea,"Irritable bowel syndrome, unspecified",Irritable bowel syndrome without diarrhea,"Irritable bowel syndrome, unspecified"
2025,Q1381,Q13.81,true,Rieger's anomaly,Rieger anomaly,Rieger's anomaly,Rieger anomaly
2025,Z17,Z17,false,Estrogen receptor status,"Estrogen, and other hormones and factors receptor status",Estrogen receptor status,"Estrogen, and other hormones and factors receptor status"
2025,Z6854,Z68.54,true,"Body mass index [BMI] pediatric, greater than or equal to 95th percentile for age","Body mass index [BMI] pediatric, 95th percentile for age to less than 120% of the 95th percentile for age","Body mass index pediatric, > or equal to 95% for age","Body mass index ped, 95% for age to < 120% of 95% for age"
2025,Z86010,Z86.010,false,Personal history of colonic polyps,Personal history of colon polyps,Personal history of colonic polyps,Personal history of colon polyps
2026,L02212,L02.212,true,"Cutaneous abscess of back [any part, except buttock]","Cutaneous abscess of back [any part, except buttock and flank]","Cutaneous abscess of back [any part, except buttock]",Cutaneous abscess of back
2026,L02222,L02.222,true,"Furuncle of back [any part, except buttock]","Furuncle of back [any part, except buttock and flank]","Furuncle of back [any part, except buttock]","Furuncle of back [any part, except buttock and flank]"
2026,M21159,M21.159,true,"Varus deformity, not elsewhere classified, unspecified","Varus deformity, not elsewhere classified, unspecified hip","Varus deformity, not elsewhere classified, unspecified","Varus deformity, not elsewhere classified, unspecified hip"
2026,M24076,M24.076,true,Loose body in unspecified toe joints,Loose body in unspecified toe joint(s),Loose body in unspecified toe joints,Loose body in unspecified toe joint(s)
2026,M61129,M61.129,true,"Myositis ossificans progressiva, unspecified arm","Myositis ossificans progressiva, unspecified upper arm","Myositis ossificans progressiva, unspecified arm","Myositis ossificans progressiva, unspecified upper arm"
2026,P096,P09.6,true,Abnormal findings on neonatal screening for neonatal hearing loss,Abnormal findings on neonatal hearing screening,Abn findings on neonatal screen for neonatal hearing loss,Abnormal findings on neonatal hearing screening
2026,Q7500,Q75.00,false,Craniosynostosis unspecified,"Craniosynostosis, unspecified",Craniosynostosis unspecified,"Craniosynostosis, unspecified"
2026,Q75001,Q75.001,true,"Craniosynostosis unspecified, unilateral","Craniosynostosis, unspecified type, unilateral","Craniosynostosis unspecified, unilateral","Craniosynostosis, unspecified type, unilateral"
2026,Q75002,Q75.002,true,"Craniosynostosis unspecified, bilateral","Craniosynostosis, unspecified type, bilateral","Craniosynostosis unspecified, bilateral","Craniosynostosis, unspecified type, bilateral"
2026,Q75009,Q75.009,true,Craniosynostosis unspecified,"Craniosynostosis, unspecified",Craniosynostosis unspecified,"Craniosynostosis, unspecified"
2026,Q75021,Q75.021,true,Coronal craniosynostosis unilateral,"Coronal craniosynostosis, unilateral",Coronal craniosynostosis unilateral,"Coronal craniosynostosis, unilateral"
2026,Q75022,Q75.022,true,Coronal craniosynostosis bilateral,"Coronal craniosynostosis, bilateral",Coronal craniosynostosis bilateral,"Coronal craniosynostosis, bilateral"
2026,Q75029,Q75.029,true,Coronal craniosynostosis unspecified,"Coronal craniosynostosis, unspecified",Coronal craniosynostosis unspecified,"Coronal craniosynostosis, unspecified"
2026,S629,S62.9,false,Unspecified fracture of wrist and hand,Unspecified fracture of hand,Unspecified fracture of wrist and hand,Unspecified fracture of hand
2026,S6290,S62.90,false,Unspecified fracture of unspecified wrist and hand,Unspecified fracture of unspecified hand,Unspecified fracture of unspecified wrist and hand,Unspecified fracture of unspecified hand
2026,S6290XA,S62.90XA,true,"Unspecified fracture of unspecified wrist and hand, initial encounter for closed fracture","Unspecified fracture of unspecified hand, initial encounter for closed fracture","Unsp fracture of unsp wrist and hand, init for clos fx","Unspecified fracture of unspecified hand, init"
2026,S6290XB,S62.90XB,true,"Unspecified fracture of unspecified wrist and hand, initial encounter for open fracture","Unspecified fracture of unspecified hand, initial encounter for open fracture","Unsp fracture of unsp wrist and hand, init for opn fx","Unspecified fracture of unspecified hand, 7thB"
2026,S6290XD,S62.90XD,true,"Unspecified fracture of unspecified wrist and hand, subsequent encounter for fracture with routine healing","Unspecified fracture of unspecified hand, subsequent encounter for fracture with routine healing","Unsp fracture of unsp wrs/hnd, subs for fx w routn heal","Unspecified fracture of unspecified hand, 7thD"
2026,S6290XG,S62.90XG,true,"Unspecified fracture of unspecified wrist and hand, subsequent encounter for fracture with delayed healing","Unspecified fracture of unspecified hand, subsequent encounter for fracture with delayed healing","Unsp fracture of unsp wrs/hnd, subs for fx w delay heal","Unspecified fracture of unspecified hand, 7thG"
2026,S6290XK,S62.90XK,true,"Unspecified fracture of unspecified wrist and hand, subsequent encounter for fracture with nonunion","Unspecified fracture of unspecified hand, subsequent encounter for fracture with nonunion","Unsp fracture of unsp wrist and hand, subs for fx w nonunion","Unspecified fracture of unspecified hand, 7thK"
2026,S6290XP,S62.90XP,true,"Unspecified fracture of unspecified wrist and hand, subsequent encounter for fracture with malunion","Unspecified fracture of unspecified hand, subsequent encounter for fracture with malunion","Unsp fracture of unsp wrist and hand, subs for fx w malunion","Unspecified fracture of unspecified hand, 7thP"
2026,S6290XS,S62.90XS,true,"Unspecified fracture of unspecified wrist and hand, sequela","Unspecified fracture of unspecified hand, sequela","Unspecified fracture of unspecified wrist and hand, sequela","Unspecified fracture of unspecified hand, sequela"
2026,S6291,S62.91,false,Unspecified fracture of right wrist and hand,Unspecified fracture of right hand,Unspecified fracture of right wrist and hand,Unspecified fracture of right hand
2026,S6291XA,S62.91XA,true,"Unspecified fracture of right wrist and hand, initial encounter for closed fracture","Unspecified fracture of right hand, initial encounter for closed fracture","Unsp fracture of right wrist and hand, init for clos fx","Unspecified fracture of right hand, init"
2026,S6291XB,S62.91XB,true,"Unspecified fracture of right wrist and hand, initial encounter for open fracture","Unspecified fracture of right hand, initial encounter for open fracture","Unsp fracture of right wrist and hand, init for opn fx","Unspecified fracture of right hand, 7thB"
2026,S6291XD,S62.91XD,true,"Unspecified fracture of right wrist and hand, subsequent encounter for fracture with routine healing","Unspecified fracture of right hand, subsequent encounter for fracture with routine healing","Unsp fracture of right wrs/hnd, subs for fx w routn heal","Unspecified fracture of right hand, 7thD"
2026,S6291XG,S62.91XG,true,"Unspecified fracture of right wrist and hand, subsequent encounter for fracture with delayed healing","Unspecified fracture of right hand, subsequent encounter for fracture with delayed healing","Unsp fracture of right wrs/hnd, subs for fx w delay heal","Unspecified fracture of right hand, 7thG"
2026,S6291XK,S62.91XK,true,"Unspecified fracture of right wrist and hand, subsequent encounter for fracture with nonunion","Unspecified fracture of right hand, subsequent encounter for fracture with nonunion","Unsp fracture of right wrs/hnd, subs for fx w nonunion","Unspecified fracture of right hand, 7thK"
2026,S6291XP,S62.91XP,true,"Unspecified fracture of right wrist and hand, subsequent encounter for fracture with malunion","Unspecified fracture of right hand, subsequent encounter for fracture with malunion","Unsp fracture of right wrs/hnd, subs for fx w malunion","Unspecified fracture of right hand, 7thP"
2026,S6291XS,S62.91XS,true,"Unspecified fracture of right wrist and hand, sequela","Unspecified fracture of right hand, sequela","Unspecified fracture of right wrist and hand, sequela","Unspecified fracture of right hand, sequela"
2026,S6292,S62.92,false,Unspecified fracture of left wrist and hand,Unspecified fracture of left hand,Unspecified fracture of left wrist and hand,Unspecified fracture of left hand
2026,S6292XA,S62.92XA,true,"Unspecified fracture of left wrist and hand, initial encounter for closed fracture","Unspecified fracture of left hand, initial encounter for closed fracture","Unsp fracture of left wrist and hand, init for clos fx","Unspecified fracture of left hand, init"
2026,S6292XB,S62.92XB,true,"Unspecified fracture of left wrist and hand, initial encounter for open fracture","Unspecified fracture of left hand, initial encounter for open fracture","Unsp fracture of left wrist and hand, init for opn fx","Unspecified fracture of left hand, 7thB"
2026,S6292XD,S62.92XD,true,"Unspecified fracture of left wrist and hand, subsequent encounter for fracture with routine healing","Unspecified fracture of left hand, subsequent encounter for fracture with routine healing","Unsp fracture of left wrs/hnd, subs for fx w routn heal","Unspecified fracture of left hand, 7thD"
2026,S6292XG,S62.92XG,true,"Unspecified fracture of left wrist and hand, subsequent encounter for fracture with delayed healing","Unspecified fracture of left hand, subsequent encounter for fracture with delayed healing","Unsp fracture of left wrs/hnd, subs for fx w delay heal","Unspecified fracture of left hand, 7thG"
2026,S6292XK,S62.92XK,true,"Unspecified fracture of left wrist and hand, subsequent encounter for fracture with nonunion","Unspecified fracture of left hand, subsequent encounter for fracture with nonunion","Unsp fracture of left wrist and hand, subs for fx w nonunion","Unspecified fracture of left hand, 7thK"
2026,S6292XP,S62.92XP,true,"Unspecified fracture of left wrist and hand, subsequent encounter for fracture with malunion","Unspecified fracture of left hand, subsequent encounter for fracture with malunion","Unsp fracture of left wrist and hand, subs for fx w malunion","Unspecified fracture of left hand, 7thP"
2026,S6292XS,S62.92XS,true,"Unspecified fracture of left wrist and hand, sequela","Unspecified fracture of left hand, sequela","Unspecified fracture of left wrist and hand, sequela","Unspecified fracture of left hand, sequela"
2026,S7421,S74.21,false,"Injury of cutaneous sensory nerve at hip and high level, right leg","Injury of cutaneous sensory nerve at hip and thigh level, right leg","Inj cutan sensory nerve at hip and high level, right leg","Injury of cutan sensory nerve at hip and thi lev, right leg"
2026,S7421XA,S74.21XA,true,"Injury of cutaneous sensory nerve at hip and high level, right leg, initial encounter","Injury of cutaneous sensory nerve at hip and thigh level, right leg, initial encounter","Inj cutan sens nerve at hip and high level, right leg, init","Inj cutan sensory nerve at hip and thi lev, right leg, init"
2026,S7421XD,S74.21XD,true,"Injury of cutaneous sensory nerve at hip and high level, right leg, subsequent encounter","Injury of cutaneous sensory nerve at hip and thigh level, right leg, subsequent encounter","Inj cutan sens nerve at hip and high level, right leg, subs","Inj cutan sensory nerve at hip and thi lev, right leg, subs"
2026,S7421XS,S74.21XS,true,"Injury of cutaneous sensory nerve at hip and high level, right leg, sequela","Injury of cutaneous sensory nerve at hip and thigh level, right leg, sequela","Inj cutan sens nerve at hip and high level, right leg, sqla","Inj cutan sens nerve at hip and thi lev, right leg, sequela"
2026,W44G,W44.G,false,Other non-organic objects entering into or through a natural  orifice,Other non-organic objects entering into or through a natural orifice,Other non-organic objects entering via natural orifice,Other non-organic objects entering via natural orifice
2026,Y07435,Y07.435,true,"Stepbrother, perpetrator or maltreatment and neglect","Stepbrother, perpetrator of maltreatment and neglect","Stepbrother, perpetrator or maltreatment and neglect","Stepbrother, perpetrator of maltreatment and neglect"
2026,Z83718,Z83.718,true,Other family history of colon polyps,Family history of other colon polyps,Other family history of colon polyps,Family history of other colon polyps
2027,L02232,L02.232,true,"Carbuncle of back [any part, except buttock]","Carbuncle of back [any part, except buttock and flank]","Carbuncle of back [any part, except buttock]","Carbuncle of back [any part, except buttock and flank]"
2027,L03312,L03.312,true,Cellulitis of back [any part except buttock],Cellulitis of back [any part except buttock and flank],Cellulitis of back [any part except buttock],Cellulitis of back [any part except buttock and flank]
2027,L03322,L03.322,true,Acute lymphangitis of back [any part except buttock],Acute lymphangitis of back [any part except buttock and flank],Acute lymphangitis of back [any part except buttock],Acute lymphangitis of back
2027,Z2914,Z29.14,true,Encounter for prophylactic rabies immune globin,Encounter for prophylactic rabies immune globulin,Encounter for prophylactic rabies immune globin,Encounter for prophylactic rabies immune globulin
