chapter,code,codeTitle,noteType,noteText,referencedCodes,referencedCategories
1,A04,Other bacterial intestinal infections,excludes1,"bacterial foodborne intoxications, NEC (A05.-)",A05.-,A05
1,A04,Other bacterial intestinal infections,excludes1,tuberculous enteritis (A18.32),A18.32,A18
1,A04.6,Enteritis due to Yersinia enterocolitica,excludes1,extraintestinal yersiniosis (A28.2),A28.2,A28
1,A05,"Other bacterial foodborne intoxications, not elsewhere classified",excludes1,Clostridium difficile foodborne intoxication and infection (A04.7-),A04.7-,A04
1,A05,"Other bacterial foodborne intoxications, not elsewhere classified",excludes1,Escherichia coli infection (A04.0-A04.4),A04.0-A04.4,A04
1,A05,"Other bacterial foodborne intoxications, not elsewhere classified",excludes1,listeriosis (A32.-),A32.-,A32
1,A05,"Other bacterial foodborne intoxications, not elsewhere classified",excludes1,salmonella foodborne intoxication and infection (A02.-),A02.-,A02
1,A05,"Other bacterial foodborne intoxications, not elsewhere classified",excludes1,toxic effect of noxious foodstuffs (T61-T62),T61-T62,T61
1,A05.1,Botulism food poisoning,excludes1,infant botulism (A48.51),A48.51,A48
1,A05.1,Botulism food poisoning,excludes1,wound botulism (A48.52),A48.52,A48
1,A06,Amebiasis,excludes1,other protozoal intestinal diseases (A07.-),A07.-,A07
1,A08,Viral and other specified intestinal infections,excludes1,"influenza with involvement of gastrointestinal tract (J09.X3, J10.2, J11.2)",J09.X3; J10.2; J11.2,J09; J10; J11
1,A09,"Infectious gastroenteritis and colitis, unspecified",excludes1,colitis NOS (K52.9),K52.9,K52
1,A09,"Infectious gastroenteritis and colitis, unspecified",excludes1,diarrhea NOS (R19.7),R19.7,R19
1,A09,"Infectious gastroenteritis and colitis, unspecified",excludes1,enteritis NOS (K52.9),K52.9,K52
1,A09,"Infectious gastroenteritis and colitis, unspecified",excludes1,gastroenteritis NOS (K52.9),K52.9,K52
1,A09,"Infectious gastroenteritis and colitis, unspecified",excludes1,"noninfective gastroenteritis and colitis, unspecified (K52.9)",K52.9,K52
1,Block A15-A19,Tuberculosis (A15-A19),excludes1,congenital tuberculosis (P37.0),P37.0,P37
1,Block A15-A19,Tuberculosis (A15-A19),excludes1,nonspecific reaction to test for tuberculosis without active tuberculosis (R76.1-),R76.1-,R76
1,Block A15-A19,Tuberculosis (A15-A19),excludes1,"pneumoconiosis associated with tuberculosis, any type in A15 (J65)",J65,J65
1,Block A15-A19,Tuberculosis (A15-A19),excludes1,positive PPD (R76.11),R76.11,R76
1,Block A15-A19,Tuberculosis (A15-A19),excludes1,positive tuberculin skin test without active tuberculosis (R76.11),R76.11,R76
1,Block A15-A19,Tuberculosis (A15-A19),excludes1,sequelae of tuberculosis (B90.-),B90.-,B90
1,Block A15-A19,Tuberculosis (A15-A19),excludes1,silicotuberculosis (J65),J65,J65
1,A15.4,Tuberculosis of intrathoracic lymph nodes,excludes1,tuberculosis specified as primary (A15.7),A15.7,A15
1,A15.6,Tuberculous pleurisy,excludes1,primary respiratory tuberculosis (A15.7),A15.7,A15
1,A17.0,Tuberculous meningitis,excludes1,tuberculous meningoencephalitis (A17.82),A17.82,A17
1,A18.83,"Tuberculosis of digestive tract organs, not elsewhere classified",excludes1,tuberculosis of intestine (A18.32),A18.32,A18
1,A28.2,Extraintestinal yersiniosis,excludes1,enteritis due to Yersinia enterocolitica (A04.6),A04.6,A04
1,A28.2,Extraintestinal yersiniosis,excludes1,plague (A20.-),A20.-,A20
1,A30,Leprosy [Hansen's disease],excludes1,sequelae of leprosy (B92),B92,B92
1,A32,Listeriosis,excludes1,neonatal (disseminated) listeriosis (P37.2),P37.2,P37
1,A35,Other tetanus,excludes1,obstetrical tetanus (A34),A34,A34
1,A35,Other tetanus,excludes1,tetanus neonatorum (A33),A33,A33
1,A40,Streptococcal sepsis,excludes1,neonatal (P36.0-P36.1),P36.0-P36.1,P36
1,A40,Streptococcal sepsis,excludes1,puerperal sepsis (O85),O85,O85
1,A40,Streptococcal sepsis,excludes1,"sepsis due to Streptococcus, group D (A41.81)",A41.81,A41
1,A41,Other sepsis,excludes1,bacteremia NOS (R78.81),R78.81,R78
1,A41,Other sepsis,excludes1,neonatal (P36.-),P36.-,P36
1,A41,Other sepsis,excludes1,puerperal sepsis (O85),O85,O85
1,A41,Other sepsis,excludes1,streptococcal sepsis (A40.-),A40.-,A40
1,A41.4,Sepsis due to anaerobes,excludes1,gas gangrene (A48.0),A48.0,A48
1,A42,Actinomycosis,excludes1,actinomycetoma (B47.1),B47.1,B47
1,A46,Erysipelas,excludes1,postpartum or puerperal erysipelas (O86.89),O86.89,O86
1,A48,"Other bacterial diseases, not elsewhere classified",excludes1,actinomycetoma (B47.1),B47.1,B47
1,A48.3,Toxic shock syndrome,excludes1,endotoxic shock NOS (R57.8),R57.8,R57
1,A48.3,Toxic shock syndrome,excludes1,sepsis NOS (A41.9),A41.9,A41
1,A48.5,Other specified botulism,excludes1,food poisoning due to toxins of Clostridium botulinum (A05.1),A05.1,A05
1,A49,Bacterial infection of unspecified site,excludes1,bacterial agents as the cause of diseases classified elsewhere (B95-B96),B95-B96,B95
1,A49,Bacterial infection of unspecified site,excludes1,meningococcal infection NOS (A39.9),A39.9,A39
1,A49,Bacterial infection of unspecified site,excludes1,rickettsial infection NOS (A79.9),A79.9,A79
1,A49,Bacterial infection of unspecified site,excludes1,spirochetal infection NOS (A69.9),A69.9,A69
1,A49.9,"Bacterial infection, unspecified",excludes1,bacteremia NOS (R78.81),R78.81,R78
1,Block A50-A64,Infections with a predominantly sexual mode of transmission (A50-A64),excludes1,nonspecific and nongonococcal urethritis (N34.1),N34.1,N34
1,Block A50-A64,Infections with a predominantly sexual mode of transmission (A50-A64),excludes1,Reiter's disease (M02.3-),M02.3-,M02
1,A50.3,Late congenital syphilitic oculopathy,excludes1,Hutchinson's triad (A50.53),A50.53,A50
1,A50.4,Late congenital neurosyphilis [juvenile neurosyphilis],excludes1,Hutchinson's triad (A50.53),A50.53,A50
1,A51.39,Other secondary syphilis of skin,excludes1,late syphilitic leukoderma (A52.79),A52.79,A52
1,A52.79,Other symptomatic late syphilis,excludes1,syphilitic leukoderma (secondary) (A51.39),A51.39,A51
1,A53.9,"Syphilis, unspecified",excludes1,syphilis NOS under two years of age (A50.2),A50.2,A50
1,A54.0,Gonococcal infection of lower genitourinary tract without periurethral or accessory gland abscess,excludes1,gonococcal infection with genitourinary gland abscess (A54.1),A54.1,A54
1,A54.0,Gonococcal infection of lower genitourinary tract without periurethral or accessory gland abscess,excludes1,gonococcal infection with periurethral abscess (A54.1),A54.1,A54
1,A54.24,Gonococcal female pelvic inflammatory disease,excludes1,gonococcal peritonitis (A54.85),A54.85,A54
1,A54.85,Gonococcal peritonitis,excludes1,gonococcal pelviperitonitis (A54.24),A54.24,A54
1,A56,Other sexually transmitted chlamydial diseases,excludes1,neonatal chlamydial conjunctivitis (P39.1),P39.1,P39
1,A56,Other sexually transmitted chlamydial diseases,excludes1,neonatal chlamydial pneumonia (P23.1),P23.1,P23
1,Block A70-A74,Other diseases caused by chlamydiae (A70-A74),excludes1,sexually transmitted chlamydial diseases (A55-A56),A55-A56,A55
1,A71,Trachoma,excludes1,sequelae of trachoma (B94.0),B94.0,B94
1,A74,Other diseases caused by chlamydiae,excludes1,neonatal chlamydial conjunctivitis (P39.1),P39.1,P39
1,A74,Other diseases caused by chlamydiae,excludes1,neonatal chlamydial pneumonia (P23.1),P23.1,P23
1,A74,Other diseases caused by chlamydiae,excludes1,Reiter's disease (M02.3-),M02.3-,M02
1,A74,Other diseases caused by chlamydiae,excludes1,sexually transmitted chlamydial diseases (A55-A56),A55-A56,A55
1,A75,Typhus fever,excludes1,rickettsiosis due to Ehrlichia sennetsu (A79.81),A79.81,A79
1,A77.4,Ehrlichiosis,excludes1,anaplasmosis [A. phagocytophilum] (A79.82),A79.82,A79
1,A77.4,Ehrlichiosis,excludes1,rickettsiosis due to Ehrlichia sennetsu (A79.81),A79.81,A79
1,Block A80-A89,Viral and prion infections of the central nervous system (A80-A89),excludes1,postpolio syndrome (G14),G14,G14
1,Block A80-A89,Viral and prion infections of the central nervous system (A80-A89),excludes1,sequelae of poliomyelitis (B91),B91,B91
1,Block A80-A89,Viral and prion infections of the central nervous system (A80-A89),excludes1,sequelae of viral encephalitis (B94.1),B94.1,B94
1,A80,Acute poliomyelitis,excludes1,acute flaccid myelitis (G04.82),G04.82,G04
1,A85,"Other viral encephalitis, not elsewhere classified",excludes1,encephalitis due to cytomegalovirus (B25.8),B25.8,B25
1,A85,"Other viral encephalitis, not elsewhere classified",excludes1,encephalitis due to herpesvirus NEC (B10.0-),B10.0-,B10
1,A85,"Other viral encephalitis, not elsewhere classified",excludes1,encephalitis due to herpesvirus [herpes simplex] (B00.4),B00.4,B00
1,A85,"Other viral encephalitis, not elsewhere classified",excludes1,encephalitis due to measles virus (B05.0),B05.0,B05
1,A85,"Other viral encephalitis, not elsewhere classified",excludes1,encephalitis due to mumps virus (B26.2),B26.2,B26
1,A85,"Other viral encephalitis, not elsewhere classified",excludes1,encephalitis due to poliomyelitis virus (A80.-),A80.-,A80
1,A85,"Other viral encephalitis, not elsewhere classified",excludes1,encephalitis due to zoster (B02.0),B02.0,B02
1,A85,"Other viral encephalitis, not elsewhere classified",excludes1,lymphocytic choriomeningitis (A87.2),A87.2,A87
1,A85,"Other viral encephalitis, not elsewhere classified",excludes1,myalgic encephalomyelitis (G93.32),G93.32,G93
1,A85.2,"Arthropod-borne viral encephalitis, unspecified",excludes1,West nile virus with encephalitis (A92.31),A92.31,A92
1,A87,Viral meningitis,excludes1,meningitis due to herpesvirus [herpes simplex] (B00.3),B00.3,B00
1,A87,Viral meningitis,excludes1,meningitis due to herpesvirus [herpes simplex] (B00.3),B00.3,B00
1,A87,Viral meningitis,excludes1,meningitis due to measles virus (B05.1),B05.1,B05
1,A87,Viral meningitis,excludes1,meningitis due to mumps virus (B26.1),B26.1,B26
1,A87,Viral meningitis,excludes1,meningitis due to poliomyelitis virus (A80.-),A80.-,A80
1,A87,Viral meningitis,excludes1,meningitis due to zoster (B02.1),B02.1,B02
1,A88,"Other viral infections of central nervous system, not elsewhere classified",excludes1,viral encephalitis NOS (A86),A86,A86
1,A88,"Other viral infections of central nervous system, not elsewhere classified",excludes1,viral meningitis NOS (A87.9),A87.9,A87
1,A90,Dengue fever [classical dengue],excludes1,dengue hemorrhagic fever (A91),A91,A91
1,A92,Other mosquito-borne viral fevers,excludes1,Ross River disease (B33.1),B33.1,B33
1,A92.5,Zika virus disease,excludes1,congenital Zika virus disease (P35.4),P35.4,P35
1,A98,"Other viral hemorrhagic fevers, not elsewhere classified",excludes1,chikungunya hemorrhagic fever (A92.0),A92.0,A92
1,A98,"Other viral hemorrhagic fevers, not elsewhere classified",excludes1,dengue hemorrhagic fever (A91),A91,A91
1,A98.5,Hemorrhagic fever with renal syndrome,excludes1,hantavirus (cardio)-pulmonary syndrome (B33.4),B33.4,B33
1,B00,Herpesviral [herpes simplex] infections,excludes1,congenital herpesviral infections (P35.2),P35.2,P35
1,B00.4,Herpesviral encephalitis,excludes1,"herpesviral encephalitis due to herpesvirus 6 and 7 (B10.01, B10.09)",B10.01; B10.09,B10
1,B00.4,Herpesviral encephalitis,excludes1,non-simplex herpesviral encephalitis (B10.0-),B10.0-,B10
1,B05,Measles,excludes1,subacute sclerosing panencephalitis (A81.1),A81.1,A81
1,B06,Rubella [German measles],excludes1,congenital rubella (P35.0),P35.0,P35
1,B08,"Other viral infections characterized by skin and mucous membrane lesions, not elsewhere classified",excludes1,vesicular stomatitis virus disease (A93.8),A93.8,A93
1,B08.011,Vaccinia not from vaccine,excludes1,vaccinia (from vaccination) (generalized) (T88.1),T88.1,T88
1,Block B15-B19,Viral hepatitis (B15-B19),excludes1,sequelae of viral hepatitis (B94.2),B94.2,B94
1,B20,Human immunodeficiency virus [HIV] disease,excludes1,asymptomatic human immunodeficiency virus [HIV] infection status (Z21),Z21,Z21
1,B20,Human immunodeficiency virus [HIV] disease,excludes1,exposure to HIV virus (Z20.6),Z20.6,Z20
1,B20,Human immunodeficiency virus [HIV] disease,excludes1,inconclusive serologic evidence of HIV (R75),R75,R75
1,B25,Cytomegaloviral disease,excludes1,congenital cytomegalovirus infection (P35.1),P35.1,P35
1,B25,Cytomegaloviral disease,excludes1,cytomegaloviral mononucleosis (B27.1-),B27.1-,B27
1,B30,Viral conjunctivitis,excludes1,herpesviral [herpes simplex] ocular disease (B00.5),B00.5,B00
1,B30,Viral conjunctivitis,excludes1,ocular zoster (B02.3),B02.3,B02
1,B33.4,Hantavirus (cardio)-pulmonary syndrome [HPS] [HCPS],excludes1,hantavirus disease with renal manifestations (A98.5),A98.5,A98
1,B33.4,Hantavirus (cardio)-pulmonary syndrome [HPS] [HCPS],excludes1,hemorrhagic fever with renal manifestations (A98.5),A98.5,A98
1,B33.8,Other specified viral diseases,excludes1,anogenital human papillomavirus infection (A63.0),A63.0,A63
1,B33.8,Other specified viral diseases,excludes1,viral warts due to human papillomavirus infection (B07),B07,B07
1,B34,Viral infection of unspecified site,excludes1,anogenital human papillomavirus infection (A63.0),A63.0,A63
1,B34,Viral infection of unspecified site,excludes1,cytomegaloviral disease NOS (B25.9),B25.9,B25
1,B34,Viral infection of unspecified site,excludes1,herpesvirus [herpes simplex] infection NOS (B00.9),B00.9,B00
1,B34,Viral infection of unspecified site,excludes1,retrovirus infection NOS (B33.3),B33.3,B33
1,B34,Viral infection of unspecified site,excludes1,viral agents as the cause of diseases classified elsewhere (B97.-),B97.-,B97
1,B34,Viral infection of unspecified site,excludes1,viral warts due to human papillomavirus infection (B07),B07,B07
1,B34.2,"Coronavirus infection, unspecified",excludes1,COVID-19 (U07.1),U07.1,U07
1,B34.2,"Coronavirus infection, unspecified",excludes1,pneumonia due to SARS-associated coronavirus (J12.81),J12.81,J12
1,B37,Candidiasis,excludes1,neonatal candidiasis (P37.5),P37.5,P37
1,B40,Blastomycosis,excludes1,Brazilian blastomycosis (B41.-),B41.-,B41
1,B40,Blastomycosis,excludes1,keloidal blastomycosis (B48.0),B48.0,B48
1,B48.2,Allescheriasis,excludes1,eumycetoma (B47.0),B47.0,B47
1,Block B50-B64,Protozoal diseases (B50-B64),excludes1,amebiasis (A06.-),A06.-,A06
1,Block B50-B64,Protozoal diseases (B50-B64),excludes1,other protozoal intestinal diseases (A07.-),A07.-,A07
1,B51,Plasmodium vivax malaria,excludes1,plasmodium vivax with Plasmodium falciparum (B50.-),B50.-,B50
1,B52,Plasmodium malariae malaria,excludes1,Plasmodium falciparum (B50.-),B50.-,B50
1,B52,Plasmodium malariae malaria,excludes1,Plasmodium vivax (B51.-),B51.-,B51
1,B53.0,Plasmodium ovale malaria,excludes1,Plasmodium ovale with Plasmodium falciparum (B50.-),B50.-,B50
1,B53.0,Plasmodium ovale malaria,excludes1,Plasmodium ovale with Plasmodium malariae (B52.-),B52.-,B52
1,B53.0,Plasmodium ovale malaria,excludes1,Plasmodium ovale with Plasmodium vivax (B51.-),B51.-,B51
1,B53.1,Malaria due to simian plasmodia,excludes1,Malaria due to simian plasmodia with Plasmodium falciparum (B50.-),B50.-,B50
1,B53.1,Malaria due to simian plasmodia,excludes1,Malaria due to simian plasmodia with Plasmodium malariae (B52.-),B52.-,B52
1,B53.1,Malaria due to simian plasmodia,excludes1,Malaria due to simian plasmodia with Plasmodium ovale (B53.0),B53.0,B53
1,B53.1,Malaria due to simian plasmodia,excludes1,Malaria due to simian plasmodia with Plasmodium vivax (B51.-),B51.-,B51
1,B58,Toxoplasmosis,excludes1,congenital toxoplasmosis (P37.1),P37.1,P37
1,B60,"Other protozoal diseases, not elsewhere classified",excludes1,cryptosporidiosis (A07.2),A07.2,A07
1,B60,"Other protozoal diseases, not elsewhere classified",excludes1,intestinal microsporidiosis (A07.8),A07.8,A07
1,B60,"Other protozoal diseases, not elsewhere classified",excludes1,isosporiasis (A07.3),A07.3,A07
1,B68,Taeniasis,excludes1,cysticercosis (B69.-),B69.-,B69
1,B78,Strongyloidiasis,excludes1,trichostrongyliasis (B81.2),B81.2,B81
1,B81,"Other intestinal helminthiases, not elsewhere classified",excludes1,angiostrongyliasis due to:,,
1,B81,"Other intestinal helminthiases, not elsewhere classified",excludes1,Angiostrongylus cantonensis (B83.2),B83.2,B83
1,B81,"Other intestinal helminthiases, not elsewhere classified",excludes1,Parastrongylus cantonensis (B83.2),B83.2,B83
1,B83,Other helminthiases,excludes1,capillariasis NOS (B81.1),B81.1,B81
1,B83.9,"Helminthiasis, unspecified",excludes1,intestinal helminthiasis NOS (B82.0),B82.0,B82
1,B91,Sequelae of poliomyelitis,excludes1,postpolio syndrome (G14),G14,G14
1,B97.21,SARS-associated coronavirus as the cause of diseases classified elsewhere,excludes1,pneumonia due to SARS-associated coronavirus (J12.81),J12.81,J12
1,B97.3,Retrovirus as the cause of diseases classified elsewhere,excludes1,Human immunodeficiency virus [HIV] disease (B20),B20,B20
1,B97.4,Respiratory syncytial virus as the cause of diseases classified elsewhere,excludes1,acute bronchiolitis due to respiratory syncytial virus (RSV) (J21.0),J21.0,J21
1,B97.4,Respiratory syncytial virus as the cause of diseases classified elsewhere,excludes1,acute bronchitis due to respiratory syncytial virus (RSV) (J20.5),J20.5,J20
1,B97.4,Respiratory syncytial virus as the cause of diseases classified elsewhere,excludes1,respiratory syncytial virus (RSV) pneumonia (J12.1),J12.1,J12
2,C00,Malignant neoplasm of lip,excludes1,malignant melanoma of lip (C43.0),C43.0,C43
2,C00,Malignant neoplasm of lip,excludes1,Merkel cell carcinoma of lip (C4A.0),C4A.0,C4A
2,C00,Malignant neoplasm of lip,excludes1,other and unspecified malignant neoplasm of skin of lip (C44.0-),C44.0-,C44
2,C05,Malignant neoplasm of palate,excludes1,Kaposi's sarcoma of palate (C46.2),C46.2,C46
2,C08,Malignant neoplasm of other and unspecified major salivary glands,excludes1,malignant neoplasms of specified minor salivary glands which are classified according to their anatomical location,,
2,C14,"Malignant neoplasm of other and ill-defined sites in the lip, oral cavity and pharynx",excludes1,malignant neoplasm of oral cavity NOS (C06.9),C06.9,C06
2,C14.8,"Malignant neoplasm of overlapping sites of lip, oral cavity and pharynx",excludes1,'book leaf' neoplasm [ventral surface of tongue and floor of mouth] (C06.89),C06.89,C06
2,Block C15-C26,Malignant neoplasms of digestive organs (C15-C26),excludes1,Kaposi's sarcoma of gastrointestinal sites (C46.4),C46.4,C46
2,C15.5,Malignant neoplasm of lower third of esophagus,excludes1,malignant neoplasm of cardio-esophageal junction (C16.0),C16.0,C16
2,C17,Malignant neoplasm of small intestine,excludes1,malignant carcinoid tumors of the small intestine (C7A.01),C7A.01,C7A
2,C17.2,Malignant neoplasm of ileum,excludes1,malignant neoplasm of ileocecal valve (C18.0),C18.0,C18
2,C17.3,"Meckel's diverticulum, malignant",excludes1,"Meckel's diverticulum, congenital (Q43.0)",Q43.0,Q43
2,C18,Malignant neoplasm of colon,excludes1,malignant carcinoid tumors of the colon (C7A.02-),C7A.02-,C7A
2,C18.7,Malignant neoplasm of sigmoid colon,excludes1,malignant neoplasm of rectosigmoid junction (C19),C19,C19
2,C19,Malignant neoplasm of rectosigmoid junction,excludes1,malignant carcinoid tumors of the colon (C7A.02-),C7A.02-,C7A
2,C20,Malignant neoplasm of rectum,excludes1,malignant carcinoid tumor of the rectum (C7A.026),C7A.026,C7A
2,C22,Malignant neoplasm of liver and intrahepatic bile ducts,excludes1,malignant neoplasm of biliary tract NOS (C24.9),C24.9,C24
2,C22,Malignant neoplasm of liver and intrahepatic bile ducts,excludes1,secondary malignant neoplasm of liver and intrahepatic bile duct (C78.7),C78.7,C78
2,C22.1,Intrahepatic bile duct carcinoma,excludes1,malignant neoplasm of hepatic duct (C24.0),C24.0,C24
2,C24,Malignant neoplasm of other and unspecified parts of biliary tract,excludes1,malignant neoplasm of intrahepatic bile duct (C22.1),C22.1,C22
2,C26,Malignant neoplasm of other and ill-defined digestive organs,excludes1,malignant neoplasm of peritoneum and retroperitoneum (C48.-),C48.-,C48
2,C26.1,Malignant neoplasm of spleen,excludes1,Hodgkin lymphoma (C81.-),C81.-,C81
2,C26.1,Malignant neoplasm of spleen,excludes1,non-Hodgkin lymphoma (C82-C85),C82-C85,C82
2,C26.9,Malignant neoplasm of ill-defined sites within the digestive system,excludes1,malignant neoplasm of abdominal NOS (C76.2),C76.2,C76
2,C26.9,Malignant neoplasm of ill-defined sites within the digestive system,excludes1,malignant neoplasm of intra-abdominal NOS (C76.2),C76.2,C76
2,Block C30-C39,Malignant neoplasms of respiratory and intrathoracic organs (C30-C39),excludes1,mesothelioma (C45.-),C45.-,C45
2,C30.0,Malignant neoplasm of nasal cavity,excludes1,malignant neoplasm of nasal bone (C41.0),C41.0,C41
2,C30.0,Malignant neoplasm of nasal cavity,excludes1,malignant neoplasm of nose NOS (C76.0),C76.0,C76
2,C30.0,Malignant neoplasm of nasal cavity,excludes1,malignant neoplasm of olfactory bulb (C72.2-),C72.2-,C72
2,C30.0,Malignant neoplasm of nasal cavity,excludes1,malignant neoplasm of posterior margin of nasal septum and choana (C11.3),C11.3,C11
2,C30.0,Malignant neoplasm of nasal cavity,excludes1,malignant melanoma of skin of nose (C43.31),C43.31,C43
2,C30.0,Malignant neoplasm of nasal cavity,excludes1,malignant neoplasm of turbinates (C41.0),C41.0,C41
2,C30.0,Malignant neoplasm of nasal cavity,excludes1,"other and unspecified malignant neoplasm of skin of nose (C44.301, C44.311, C44.321, C44.391)",C44.301; C44.311; C44.321; C44.391,C44
2,C30.1,Malignant neoplasm of middle ear,excludes1,"malignant neoplasm of auricular canal (external) (C43.2-,C44.2-)",C43.2-; C44.2-,C43; C44
2,C30.1,Malignant neoplasm of middle ear,excludes1,malignant neoplasm of bone of ear (meatus) (C41.0),C41.0,C41
2,C30.1,Malignant neoplasm of middle ear,excludes1,malignant neoplasm of cartilage of ear (C49.0),C49.0,C49
2,C30.1,Malignant neoplasm of middle ear,excludes1,malignant melanoma of skin of (external) ear (C43.2-),C43.2-,C43
2,C30.1,Malignant neoplasm of middle ear,excludes1,other and unspecified malignant neoplasm of skin of (external) ear (C44.2-),C44.2-,C44
2,C34,Malignant neoplasm of bronchus and lung,excludes1,Kaposi's sarcoma of lung (C46.5-),C46.5-,C46
2,C34,Malignant neoplasm of bronchus and lung,excludes1,malignant carcinoid tumor of the bronchus and lung (C7A.090),C7A.090,C7A
2,C37,Malignant neoplasm of thymus,excludes1,malignant carcinoid tumor of the thymus (C7A.091),C7A.091,C7A
2,C38,"Malignant neoplasm of heart, mediastinum and pleura",excludes1,mesothelioma (C45.-),C45.-,C45
2,C38.0,Malignant neoplasm of heart,excludes1,malignant neoplasm of great vessels (C49.3),C49.3,C49
2,C39,Malignant neoplasm of other and ill-defined sites in the respiratory system and intrathoracic organs,excludes1,intrathoracic malignant neoplasm NOS (C76.1),C76.1,C76
2,C39,Malignant neoplasm of other and ill-defined sites in the respiratory system and intrathoracic organs,excludes1,thoracic malignant neoplasm NOS (C76.1),C76.1,C76
2,Block C40-C41,Malignant neoplasms of bone and articular cartilage (C40-C41),excludes1,malignant neoplasm of bone marrow NOS (C96.9),C96.9,C96
2,Block C40-C41,Malignant neoplasms of bone and articular cartilage (C40-C41),excludes1,malignant neoplasm of synovia (C49.-),C49.-,C49
2,C41,Malignant neoplasm of bone and articular cartilage of other and unspecified sites,excludes1,malignant neoplasm of bones of limbs (C40.-),C40.-,C40
2,C41,Malignant neoplasm of bone and articular cartilage of other and unspecified sites,excludes1,malignant neoplasm of cartilage of ear (C49.0),C49.0,C49
2,C41,Malignant neoplasm of bone and articular cartilage of other and unspecified sites,excludes1,malignant neoplasm of cartilage of eyelid (C49.0),C49.0,C49
2,C41,Malignant neoplasm of bone and articular cartilage of other and unspecified sites,excludes1,malignant neoplasm of cartilage of larynx (C32.3),C32.3,C32
2,C41,Malignant neoplasm of bone and articular cartilage of other and unspecified sites,excludes1,malignant neoplasm of cartilage of limbs (C40.-),C40.-,C40
2,C41,Malignant neoplasm of bone and articular cartilage of other and unspecified sites,excludes1,malignant neoplasm of cartilage of nose (C30.0),C30.0,C30
2,C41.2,Malignant neoplasm of vertebral column,excludes1,malignant neoplasm of sacrum and coccyx (C41.4),C41.4,C41
2,C43,Malignant melanoma of skin,excludes1,melanoma in situ (D03.-),D03.-,D03
2,C43.0,Malignant melanoma of lip,excludes1,malignant neoplasm of vermilion border of lip (C00.0-C00.2),C00.0-C00.2,C00
2,C4A.0,Merkel cell carcinoma of lip,excludes1,malignant neoplasm of vermilion border of lip (C00.0-C00.2),C00.0-C00.2,C00
2,C44,Other and unspecified malignant neoplasm of skin,excludes1,Kaposi's sarcoma of skin (C46.0),C46.0,C46
2,C44,Other and unspecified malignant neoplasm of skin,excludes1,malignant melanoma of skin (C43.-),C43.-,C43
2,C44,Other and unspecified malignant neoplasm of skin,excludes1,"malignant neoplasm of skin of genital organs (C51-C52, C60.-, C63.2)",C51-C52; C60.-; C63.2,C51; C60; C63
2,C44,Other and unspecified malignant neoplasm of skin,excludes1,Merkel cell carcinoma (C4A.-),C4A.-,C4A
2,C44.0,Other and unspecified malignant neoplasm of skin of lip,excludes1,malignant neoplasm of lip (C00.-),C00.-,C00
2,C44.1,"Other and unspecified malignant neoplasm of skin of eyelid, including canthus",excludes1,connective tissue of eyelid (C49.0),C49.0,C49
2,C44.2,Other and unspecified malignant neoplasm of skin of ear and external auricular canal,excludes1,connective tissue of ear (C49.0),C49.0,C49
2,C44.5,Other and unspecified malignant neoplasm of skin of trunk,excludes1,anus NOS (C21.0),C21.0,C21
2,C44.5,Other and unspecified malignant neoplasm of skin of trunk,excludes1,scrotum (C63.2),C63.2,C63
2,C45.0,Mesothelioma of pleura,excludes1,other malignant neoplasm of pleura (C38.4),C38.4,C38
2,C45.1,Mesothelioma of peritoneum,excludes1,other malignant neoplasm of soft tissue of peritoneum (C48.-),C48.-,C48
2,C45.2,Mesothelioma of pericardium,excludes1,other malignant neoplasm of pericardium (C38.0),C38.0,C38
2,C47,Malignant neoplasm of peripheral nerves and autonomic nervous system,excludes1,Kaposi's sarcoma of soft tissue (C46.1),C46.1,C46
2,C47.0,"Malignant neoplasm of peripheral nerves of head, face and neck",excludes1,malignant neoplasm of peripheral nerves of orbit (C69.6-),C69.6-,C69
2,C48,Malignant neoplasm of retroperitoneum and peritoneum,excludes1,Kaposi's sarcoma of connective tissue (C46.1),C46.1,C46
2,C48,Malignant neoplasm of retroperitoneum and peritoneum,excludes1,mesothelioma (C45.-),C45.-,C45
2,C49,Malignant neoplasm of other connective and soft tissue,excludes1,malignant neoplasm of cartilage (of):,,
2,C49,Malignant neoplasm of other connective and soft tissue,excludes1,articular (C40-C41),C40-C41,C40
2,C49,Malignant neoplasm of other connective and soft tissue,excludes1,larynx (C32.3),C32.3,C32
2,C49,Malignant neoplasm of other connective and soft tissue,excludes1,nose (C30.0),C30.0,C30
2,C49,Malignant neoplasm of other connective and soft tissue,excludes1,malignant neoplasm of connective tissue of breast (C50.-),C50.-,C50
2,C49.0,"Malignant neoplasm of connective and soft tissue of head, face and neck",excludes1,connective tissue of orbit (C69.6-),C69.6-,C69
2,C49.3,Malignant neoplasm of connective and soft tissue of thorax,excludes1,malignant neoplasm of breast (C50.-),C50.-,C50
2,C49.3,Malignant neoplasm of connective and soft tissue of thorax,excludes1,malignant neoplasm of heart (C38.0),C38.0,C38
2,C49.3,Malignant neoplasm of connective and soft tissue of thorax,excludes1,malignant neoplasm of mediastinum (C38.1-C38.3),C38.1-C38.3,C38
2,C49.3,Malignant neoplasm of connective and soft tissue of thorax,excludes1,malignant neoplasm of thymus (C37),C37,C37
2,C50,Malignant neoplasm of breast,excludes1,"skin of breast (C44.501, C44.511, C44.521, C44.591)",C44.501; C44.511; C44.521; C44.591,C44
2,C51,Malignant neoplasm of vulva,excludes1,carcinoma in situ of vulva (D07.1),D07.1,D07
2,C52,Malignant neoplasm of vagina,excludes1,carcinoma in situ of vagina (D07.2),D07.2,D07
2,C53,Malignant neoplasm of cervix uteri,excludes1,carcinoma in situ of cervix uteri (D06.-),D06.-,D06
2,C58,Malignant neoplasm of placenta,excludes1,chorioadenoma (destruens) (D39.2),D39.2,D39
2,C58,Malignant neoplasm of placenta,excludes1,hydatidiform mole NOS (O01.9),O01.9,O01
2,C58,Malignant neoplasm of placenta,excludes1,invasive hydatidiform mole (D39.2),D39.2,D39
2,C58,Malignant neoplasm of placenta,excludes1,male choriocarcinoma NOS (C62.9-),C62.9-,C62
2,C58,Malignant neoplasm of placenta,excludes1,malignant hydatidiform mole (D39.2),D39.2,D39
2,C61,Malignant neoplasm of prostate,excludes1,malignant neoplasm of seminal vesicle (C63.7),C63.7,C63
2,C64,"Malignant neoplasm of kidney, except renal pelvis",excludes1,malignant carcinoid tumor of the kidney (C7A.093),C7A.093,C7A
2,C64,"Malignant neoplasm of kidney, except renal pelvis",excludes1,malignant neoplasm of renal calyces (C65.-),C65.-,C65
2,C64,"Malignant neoplasm of kidney, except renal pelvis",excludes1,malignant neoplasm of renal pelvis (C65.-),C65.-,C65
2,C66,Malignant neoplasm of ureter,excludes1,malignant neoplasm of ureteric orifice of bladder (C67.6),C67.6,C67
2,C68,Malignant neoplasm of other and unspecified urinary organs,excludes1,malignant neoplasm of female genitourinary tract NOS (C57.9),C57.9,C57
2,C68,Malignant neoplasm of other and unspecified urinary organs,excludes1,malignant neoplasm of male genitourinary tract NOS (C63.9),C63.9,C63
2,C68.0,Malignant neoplasm of urethra,excludes1,malignant neoplasm of urethral orifice of bladder (C67.5),C67.5,C67
2,C69,Malignant neoplasm of eye and adnexa,excludes1,malignant neoplasm of connective tissue of eyelid (C49.0),C49.0,C49
2,C69,Malignant neoplasm of eye and adnexa,excludes1,"malignant neoplasm of eyelid (skin) (C43.1-, C44.1-)",C43.1-; C44.1-,C43; C44
2,C69,Malignant neoplasm of eye and adnexa,excludes1,malignant neoplasm of optic nerve (C72.3-),C72.3-,C72
2,C69.2,Malignant neoplasm of retina,excludes1,dark area on retina (D49.81),D49.81,D49
2,C69.2,Malignant neoplasm of retina,excludes1,neoplasm of unspecified behavior of retina and choroid (D49.81),D49.81,D49
2,C69.2,Malignant neoplasm of retina,excludes1,retinal freckle (D49.81),D49.81,D49
2,C69.6,Malignant neoplasm of orbit,excludes1,malignant neoplasm of orbital bone (C41.0),C41.0,C41
2,C71,Malignant neoplasm of brain,excludes1,malignant neoplasm of cranial nerves (C72.2-C72.5),C72.2-C72.5,C72
2,C71,Malignant neoplasm of brain,excludes1,retrobulbar malignant neoplasm (C69.6-),C69.6-,C69
2,C71.5,Malignant neoplasm of cerebral ventricle,excludes1,malignant neoplasm of fourth cerebral ventricle (C71.7),C71.7,C71
2,C72,"Malignant neoplasm of spinal cord, cranial nerves and other parts of central nervous system",excludes1,malignant neoplasm of meninges (C70.-),C70.-,C70
2,C72,"Malignant neoplasm of spinal cord, cranial nerves and other parts of central nervous system",excludes1,malignant neoplasm of peripheral nerves and autonomic nervous system (C47.-),C47.-,C47
2,C75,Malignant neoplasm of other endocrine glands and related structures,excludes1,malignant carcinoid tumors (C7A.0-),C7A.0-,C7A
2,C75,Malignant neoplasm of other endocrine glands and related structures,excludes1,malignant neoplasm of adrenal gland (C74.-),C74.-,C74
2,C75,Malignant neoplasm of other endocrine glands and related structures,excludes1,malignant neoplasm of endocrine pancreas (C25.4),C25.4,C25
2,C75,Malignant neoplasm of other endocrine glands and related structures,excludes1,malignant neoplasm of islets of Langerhans (C25.4),C25.4,C25
2,C75,Malignant neoplasm of other endocrine glands and related structures,excludes1,malignant neoplasm of ovary (C56.-),C56.-,C56
2,C75,Malignant neoplasm of other endocrine glands and related structures,excludes1,malignant neoplasm of testis (C62.-),C62.-,C62
2,C75,Malignant neoplasm of other endocrine glands and related structures,excludes1,malignant neoplasm of thymus (C37),C37,C37
2,C75,Malignant neoplasm of other endocrine glands and related structures,excludes1,malignant neoplasm of thyroid gland (C73),C73,C73
2,C75,Malignant neoplasm of other endocrine glands and related structures,excludes1,malignant neuroendocrine tumors (C7A.-),C7A.-,C7A
2,C76,Malignant neoplasm of other and ill-defined sites,excludes1,malignant neoplasm of female genitourinary tract NOS (C57.9),C57.9,C57
2,C76,Malignant neoplasm of other and ill-defined sites,excludes1,malignant neoplasm of male genitourinary tract NOS (C63.9),C63.9,C63
2,C76,Malignant neoplasm of other and ill-defined sites,excludes1,"malignant neoplasm of lymphoid, hematopoietic and related tissue (C81-C96)",C81-C96,C81
2,C76,Malignant neoplasm of other and ill-defined sites,excludes1,malignant neoplasm of skin (C44.-),C44.-,C44
2,C76,Malignant neoplasm of other and ill-defined sites,excludes1,malignant neoplasm of unspecified site NOS (C80.1),C80.1,C80
2,C77,Secondary and unspecified malignant neoplasm of lymph nodes,excludes1,"malignant neoplasm of lymph nodes, specified as primary (C81-C86, C88, C96.-)",C81-C86; C88; C96.-,C81; C88; C96
2,C77,Secondary and unspecified malignant neoplasm of lymph nodes,excludes1,mesentery metastasis of carcinoid tumor (C7B.04),C7B.04,C7B
2,C77,Secondary and unspecified malignant neoplasm of lymph nodes,excludes1,secondary carcinoid tumors of distant lymph nodes (C7B.01),C7B.01,C7B
2,C78,Secondary malignant neoplasm of respiratory and digestive organs,excludes1,secondary carcinoid tumors of liver (C7B.02),C7B.02,C7B
2,C78,Secondary malignant neoplasm of respiratory and digestive organs,excludes1,secondary carcinoid tumors of peritoneum (C7B.04),C7B.04,C7B
2,C79,Secondary malignant neoplasm of other and unspecified sites,excludes1,secondary carcinoid tumors (C7B.-),C7B.-,C7B
2,C79,Secondary malignant neoplasm of other and unspecified sites,excludes1,secondary neuroendocrine tumors (C7B.-),C7B.-,C7B
2,C79.2,Secondary malignant neoplasm of skin,excludes1,secondary Merkel cell carcinoma (C7B.1),C7B.1,C7B
2,C79.5,Secondary malignant neoplasm of bone and bone marrow,excludes1,secondary carcinoid tumors of bone (C7B.03),C7B.03,C7B
2,C79.9,Secondary malignant neoplasm of unspecified site,excludes1,carcinomatosis NOS (C80.0),C80.0,C80
2,C79.9,Secondary malignant neoplasm of unspecified site,excludes1,generalized cancer NOS (C80.0),C80.0,C80
2,C79.9,Secondary malignant neoplasm of unspecified site,excludes1,malignant (primary) neoplasm of unspecified site (C80.1),C80.1,C80
2,C80,Malignant neoplasm without specification of site,excludes1,malignant carcinoid tumor of unspecified site (C7A.00),C7A.00,C7A
2,C80,Malignant neoplasm without specification of site,excludes1,malignant neoplasm of specified multiple sites- code to each site,,
2,C80.1,"Malignant (primary) neoplasm, unspecified",excludes1,secondary malignant neoplasm of unspecified site (C79.9),C79.9,C79
2,C81,Hodgkin lymphoma,excludes1,personal history of Hodgkin lymphoma (Z85.71),Z85.71,Z85
2,C81.4,Lymphocyte-rich Hodgkin lymphoma,excludes1,nodular lymphocyte predominant Hodgkin lymphoma (C81.0-),C81.0-,C81
2,C82,Follicular lymphoma,excludes1,mature T/NK-cell lymphomas (C84.-),C84.-,C84
2,C82,Follicular lymphoma,excludes1,personal history of non-Hodgkin lymphoma (Z85.72),Z85.72,Z85
2,C83,Non-follicular lymphoma,excludes1,personal history of non-Hodgkin lymphoma (Z85.72),Z85.72,Z85
2,C83.0,Small cell B-cell lymphoma,excludes1,chronic lymphocytic leukemia (C91.1),C91.1,C91
2,C83.0,Small cell B-cell lymphoma,excludes1,mature T/NK-cell lymphomas (C84.-),C84.-,C84
2,C83.0,Small cell B-cell lymphoma,excludes1,Waldenström macroglobulinemia (C88.00),C88.00,C88
2,C83.3,Diffuse large B-cell lymphoma,excludes1,mediastinal (thymic) large B-cell lymphoma (C85.2-),C85.2-,C85
2,C83.3,Diffuse large B-cell lymphoma,excludes1,mature T/NK-cell lymphomas (C84.-),C84.-,C84
2,C83.390,Primary central nervous system lymphoma,excludes1,"Primary central nervous system lymphoma, Burkitt (C83.79)",C83.79,C83
2,C83.390,Primary central nervous system lymphoma,excludes1,"Primary central nervous system lymphoma, lymphoblastic (C83.59)",C83.59,C83
2,C83.390,Primary central nervous system lymphoma,excludes1,"Primary central nervous system lymphoma, other (C83.89)",C83.89,C83
2,C83.390,Primary central nervous system lymphoma,excludes1,"Primary central nervous system lymphoma, peripheral T-cell (C84.49)",C84.49,C84
2,C83.7,Burkitt lymphoma,excludes1,mature B-cell leukemia Burkitt type (C91.A-),C91.A-,C91
2,C83.8,Other non-follicular lymphoma,excludes1,mediastinal (thymic) large B-cell lymphoma (C85.2-),C85.2-,C85
2,C83.8,Other non-follicular lymphoma,excludes1,T-cell rich B-cell lymphoma (C83.3-),C83.3-,C83
2,C84,Mature T/NK-cell lymphomas,excludes1,personal history of non-Hodgkin lymphoma (Z85.72),Z85.72,Z85
2,C84.0,Mycosis fungoides,excludes1,"peripheral T-cell lymphoma, not elsewhere classified (C84.4-)",C84.4-,C84
2,C84.7,"Anaplastic large cell lymphoma, ALK-negative",excludes1,primary cutaneous CD30-positive T-cell proliferations (C86.6-),C86.6-,C86
2,C84.Z,Other mature T/NK-cell lymphomas,excludes1,angioimmunoblastic T-cell lymphoma (C86.50),C86.50,C86
2,C84.Z,Other mature T/NK-cell lymphomas,excludes1,blastic NK-cell lymphoma (C86.40),C86.40,C86
2,C84.Z,Other mature T/NK-cell lymphomas,excludes1,enteropathy-type T-cell lymphoma (C86.20),C86.20,C86
2,C84.Z,Other mature T/NK-cell lymphomas,excludes1,"extranodal NK-cell lymphoma, nasal type (C86.00)",C86.00,C86
2,C84.Z,Other mature T/NK-cell lymphomas,excludes1,hepatosplenic T-cell lymphoma (C86.10),C86.10,C86
2,C84.Z,Other mature T/NK-cell lymphomas,excludes1,primary cutaneous CD30-positive T-cell proliferations (C86.60),C86.60,C86
2,C84.Z,Other mature T/NK-cell lymphomas,excludes1,subcutaneous panniculitis-like T-cell lymphoma (C86.30),C86.30,C86
2,C84.Z,Other mature T/NK-cell lymphomas,excludes1,T-cell leukemia (C91.1-),C91.1-,C91
2,C84.9,"Mature T/NK-cell lymphomas, unspecified",excludes1,"mature T-cell lymphoma, not elsewhere classified (C84.4-)",C84.4-,C84
2,C85,Other specified and unspecified types of non-Hodgkin lymphoma,excludes1,other specified types of T/NK-cell lymphoma (C86.-),C86.-,C86
2,C85,Other specified and unspecified types of non-Hodgkin lymphoma,excludes1,personal history of non-Hodgkin lymphoma (Z85.72),Z85.72,Z85
2,C86,Other specified types of T/NK-cell lymphoma,excludes1,"anaplastic large cell lymphoma, ALK negative (C84.7-)",C84.7-,C84
2,C86,Other specified types of T/NK-cell lymphoma,excludes1,"anaplastic large cell lymphoma, ALK positive (C84.6-)",C84.6-,C84
2,C86,Other specified types of T/NK-cell lymphoma,excludes1,mature T/NK-cell lymphomas (C84.-),C84.-,C84
2,C86,Other specified types of T/NK-cell lymphoma,excludes1,other specified types of non-Hodgkin lymphoma (C85.8-),C85.8-,C85
2,C88,Malignant immunoproliferative diseases and certain other B-cell lymphomas,excludes1,"B-cell lymphoma, unspecified (C85.1-)",C85.1-,C85
2,C88,Malignant immunoproliferative diseases and certain other B-cell lymphomas,excludes1,"personal history of other malignant neoplasms of lymphoid, hematopoietic and related tissues (Z85.79)",Z85.79,Z85
2,C88.0,Waldenström macroglobulinemia,excludes1,small cell B-cell lymphoma (C83.0),C83.0,C83
2,C88.4,Extranodal marginal zone B-cell lymphoma of mucosa-associated lymphoid tissue [MALT-lymphoma],excludes1,high malignant (diffuse large B-cell) lymphoma (C83.3-),C83.3-,C83
2,C90,Multiple myeloma and malignant plasma cell neoplasms,excludes1,"personal history of other malignant neoplasms of lymphoid, hematopoietic and related tissues (Z85.79)",Z85.79,Z85
2,C90.0,Multiple myeloma,excludes1,solitary myeloma (C90.3-),C90.3-,C90
2,C90.0,Multiple myeloma,excludes1,solitary plasmactyoma (C90.3-),C90.3-,C90
2,C91,Lymphoid leukemia,excludes1,personal history of leukemia (Z85.6),Z85.6,Z85
2,C91.1,Chronic lymphocytic leukemia of B-cell type,excludes1,lymphoplasmacytic lymphoma (C83.0-),C83.0-,C83
2,C91.A,Mature B-cell leukemia Burkitt-type,excludes1,Burkitt lymphoma (C83.7-),C83.7-,C83
2,C92,Myeloid leukemia,excludes1,personal history of leukemia (Z85.6),Z85.6,Z85
2,C92.0,Acute myeloblastic leukemia,excludes1,acute exacerbation of chronic myeloid leukemia (C92.10),C92.10,C92
2,C92.0,Acute myeloblastic leukemia,excludes1,refractory anemia with excess of blasts not in transformation (D46.2-),D46.2-,D46
2,C92.1,"Chronic myeloid leukemia, BCR/ABL-positive",excludes1,atypical chronic myeloid leukemia BCR/ABL-negative (C92.2-),C92.2-,C92
2,C92.1,"Chronic myeloid leukemia, BCR/ABL-positive",excludes1,chronic myelomonocytic leukemia (C93.1-),C93.1-,C93
2,C92.1,"Chronic myeloid leukemia, BCR/ABL-positive",excludes1,chronic myeloproliferative disease (D47.1),D47.1,D47
2,C93,Monocytic leukemia,excludes1,personal history of leukemia (Z85.6),Z85.6,Z85
2,C94,Other leukemias of specified cell type,excludes1,leukemic reticuloendotheliosis (C91.4-),C91.4-,C91
2,C94,Other leukemias of specified cell type,excludes1,myelodysplastic syndromes (D46.-),D46.-,D46
2,C94,Other leukemias of specified cell type,excludes1,personal history of leukemia (Z85.6),Z85.6,Z85
2,C94,Other leukemias of specified cell type,excludes1,plasma cell leukemia (C90.1-),C90.1-,C90
2,C94.4,Acute panmyelosis with myelofibrosis,excludes1,myelofibrosis NOS (D75.81),D75.81,D75
2,C94.4,Acute panmyelosis with myelofibrosis,excludes1,secondary myelofibrosis NOS (D75.81),D75.81,D75
2,C95,Leukemia of unspecified cell type,excludes1,personal history of leukemia (Z85.6),Z85.6,Z85
2,C95.0,Acute leukemia of unspecified cell type,excludes1,acute exacerbation of unspecified chronic leukemia (C95.10),C95.10,C95
2,C96,"Other and unspecified malignant neoplasms of lymphoid, hematopoietic and related tissue",excludes1,"personal history of other malignant neoplasms of lymphoid, hematopoietic and related tissues (Z85.79)",Z85.79,Z85
2,C96.0,Multifocal and multisystemic (disseminated) Langerhans-cell histiocytosis,excludes1,adult pulmonary Langerhans cell histiocytosis (J84.82),J84.82,J84
2,C96.0,Multifocal and multisystemic (disseminated) Langerhans-cell histiocytosis,excludes1,multifocal and unisystemic Langerhans-cell histiocytosis (C96.5),C96.5,C96
2,C96.0,Multifocal and multisystemic (disseminated) Langerhans-cell histiocytosis,excludes1,unifocal Langerhans-cell histiocytosis (C96.6),C96.6,C96
2,C96.2,Malignant mast cell neoplasm,excludes1,indolent mastocytosis (D47.02),D47.02,D47
2,C96.2,Malignant mast cell neoplasm,excludes1,mast cell leukemia (C94.30),C94.30,C94
2,C96.2,Malignant mast cell neoplasm,excludes1,mastocytosis (congenital) (cutaneous) (Q82.2),Q82.2,Q82
2,C96.5,Multifocal and unisystemic Langerhans-cell histiocytosis,excludes1,multifocal and multisystemic (disseminated) Langerhans-cell histiocytosis (C96.0),C96.0,C96
2,C96.5,Multifocal and unisystemic Langerhans-cell histiocytosis,excludes1,unifocal Langerhans-cell histiocytosis (C96.6),C96.6,C96
2,C96.6,Unifocal Langerhans-cell histiocytosis,excludes1,multifocal and multisysemic (disseminated) Langerhans-cell histiocytosis (C96.0),C96.0,C96
2,C96.6,Unifocal Langerhans-cell histiocytosis,excludes1,multifocal and unisystemic Langerhans-cell histiocytosis (C96.5),C96.5,C96
2,D00,"Carcinoma in situ of oral cavity, esophagus and stomach",excludes1,melanoma in situ (D03.-),D03.-,D03
2,D00.0,"Carcinoma in situ of lip, oral cavity and pharynx",excludes1,"carcinoma in situ of aryepiglottic fold or interarytenoid fold, laryngeal aspect (D02.0)",D02.0,D02
2,D00.0,"Carcinoma in situ of lip, oral cavity and pharynx",excludes1,carcinoma in situ of epiglottis NOS (D02.0),D02.0,D02
2,D00.0,"Carcinoma in situ of lip, oral cavity and pharynx",excludes1,carcinoma in situ of epiglottis suprahyoid portion (D02.0),D02.0,D02
2,D00.0,"Carcinoma in situ of lip, oral cavity and pharynx",excludes1,"carcinoma in situ of skin of lip (D03.0, D04.0)",D03.0; D04.0,D03; D04
2,D01,Carcinoma in situ of other and unspecified digestive organs,excludes1,melanoma in situ (D03.-),D03.-,D03
2,D01.0,Carcinoma in situ of colon,excludes1,carcinoma in situ of rectosigmoid junction (D01.1),D01.1,D01
2,D01.3,Carcinoma in situ of anus and anal canal,excludes1,anal intraepithelial neoplasia I and II [AIN I and AIN II] (K62.82),K62.82,K62
2,D01.3,Carcinoma in situ of anus and anal canal,excludes1,carcinoma in situ of anal margin (D04.5),D04.5,D04
2,D01.3,Carcinoma in situ of anus and anal canal,excludes1,carcinoma in situ of anal skin (D04.5),D04.5,D04
2,D01.3,Carcinoma in situ of anus and anal canal,excludes1,carcinoma in situ of perianal skin (D04.5),D04.5,D04
2,D01.4,Carcinoma in situ of other and unspecified parts of intestine,excludes1,carcinoma in situ of ampulla of Vater (D01.5),D01.5,D01
2,D02,Carcinoma in situ of middle ear and respiratory system,excludes1,melanoma in situ (D03.-),D03.-,D03
2,D02.0,Carcinoma in situ of larynx,excludes1,carcinoma in situ of aryepiglottic fold or interarytenoid fold NOS (D00.08),D00.08,D00
2,D02.0,Carcinoma in situ of larynx,excludes1,carcinoma in situ of hypopharyngeal aspect (D00.08),D00.08,D00
2,D02.0,Carcinoma in situ of larynx,excludes1,carcinoma in situ of marginal zone (D00.08),D00.08,D00
2,D02.3,Carcinoma in situ of other parts of respiratory system,excludes1,carcinoma in situ of ear (external) (skin) (D04.2-),D04.2-,D04
2,D02.3,Carcinoma in situ of other parts of respiratory system,excludes1,carcinoma in situ of nose NOS (D09.8),D09.8,D09
2,D02.3,Carcinoma in situ of other parts of respiratory system,excludes1,carcinoma in situ of skin of nose (D04.3),D04.3,D04
2,D03.8,Melanoma in situ of other sites,excludes1,carcinoma in situ of scrotum (D07.61),D07.61,D07
2,D04,Carcinoma in situ of skin,excludes1,erythroplasia of Queyrat (penis) NOS (D07.4),D07.4,D07
2,D04,Carcinoma in situ of skin,excludes1,melanoma in situ (D03.-),D03.-,D03
2,D04.5,Carcinoma in situ of skin of trunk,excludes1,carcinoma in situ of anus NOS (D01.3),D01.3,D01
2,D04.5,Carcinoma in situ of skin of trunk,excludes1,carcinoma in situ of scrotum (D07.61),D07.61,D07
2,D04.5,Carcinoma in situ of skin of trunk,excludes1,carcinoma in situ of skin of genital organs (D07.-),D07.-,D07
2,D05,Carcinoma in situ of breast,excludes1,carcinoma in situ of skin of breast (D04.5),D04.5,D04
2,D05,Carcinoma in situ of breast,excludes1,malignant neoplasm of breast (C50.-),C50.-,C50
2,D05,Carcinoma in situ of breast,excludes1,melanoma in situ of breast (skin) (D03.5),D03.5,D03
2,D05,Carcinoma in situ of breast,excludes1,Paget's disease of breast or nipple (C50.-),C50.-,C50
2,D06,Carcinoma in situ of cervix uteri,excludes1,cervical intraepithelial neoplasia II [CIN II] (N87.1),N87.1,N87
2,D06,Carcinoma in situ of cervix uteri,excludes1,cytologic evidence of malignancy of cervix without histologic confirmation (R87.614),R87.614,R87
2,D06,Carcinoma in situ of cervix uteri,excludes1,high grade squamous intraepithelial lesion (HGSIL) of cervix (R87.613),R87.613,R87
2,D06,Carcinoma in situ of cervix uteri,excludes1,melanoma in situ of cervix (D03.5),D03.5,D03
2,D06,Carcinoma in situ of cervix uteri,excludes1,moderate cervical dysplasia (N87.1),N87.1,N87
2,D07,Carcinoma in situ of other and unspecified genital organs,excludes1,melanoma in situ of trunk (D03.5),D03.5,D03
2,D07.1,Carcinoma in situ of vulva,excludes1,moderate dysplasia of vulva (N90.1),N90.1,N90
2,D07.1,Carcinoma in situ of vulva,excludes1,vulvar intraepithelial neoplasia II [VIN II] (N90.1),N90.1,N90
2,D07.2,Carcinoma in situ of vagina,excludes1,moderate dysplasia of vagina (N89.1),N89.1,N89
2,D07.2,Carcinoma in situ of vagina,excludes1,vaginal intraepithelial neoplasia II [VIN II] (N89.1),N89.1,N89
2,D07.5,Carcinoma in situ of prostate,excludes1,dysplasia (mild) (moderate) of prostate (N42.3-),N42.3-,N42
2,D07.5,Carcinoma in situ of prostate,excludes1,prostatic intraepithelial neoplasia II [PIN II] (N42.3-),N42.3-,N42
2,D09,Carcinoma in situ of other and unspecified sites,excludes1,melanoma in situ (D03.-),D03.-,D03
2,D09.2,Carcinoma in situ of eye,excludes1,carcinoma in situ of skin of eyelid (D04.1-),D04.1-,D04
2,D09.3,Carcinoma in situ of thyroid and other endocrine glands,excludes1,carcinoma in situ of endocrine pancreas (D01.7),D01.7,D01
2,D09.3,Carcinoma in situ of thyroid and other endocrine glands,excludes1,carcinoma in situ of ovary (D07.39),D07.39,D07
2,D09.3,Carcinoma in situ of thyroid and other endocrine glands,excludes1,carcinoma in situ of testis (D07.69),D07.69,D07
2,D10.0,Benign neoplasm of lip,excludes1,"benign neoplasm of skin of lip (D22.0, D23.0)",D22.0; D23.0,D22; D23
2,D10.39,Benign neoplasm of other parts of mouth,excludes1,benign odontogenic neoplasms (D16.4-D16.5),D16.4-D16.5,D16
2,D10.39,Benign neoplasm of other parts of mouth,excludes1,benign neoplasm of mucosa of lip (D10.0),D10.0,D10
2,D10.39,Benign neoplasm of other parts of mouth,excludes1,benign neoplasm of nasopharyngeal surface of soft palate (D10.6),D10.6,D10
2,D10.4,Benign neoplasm of tonsil,excludes1,benign neoplasm of lingual tonsil (D10.1),D10.1,D10
2,D10.4,Benign neoplasm of tonsil,excludes1,benign neoplasm of pharyngeal tonsil (D10.6),D10.6,D10
2,D10.4,Benign neoplasm of tonsil,excludes1,benign neoplasm of tonsillar fossa (D10.5),D10.5,D10
2,D10.4,Benign neoplasm of tonsil,excludes1,benign neoplasm of tonsillar pillars (D10.5),D10.5,D10
2,D10.5,Benign neoplasm of other parts of oropharynx,excludes1,benign neoplasm of epiglottis NOS (D14.1),D14.1,D14
2,D10.5,Benign neoplasm of other parts of oropharynx,excludes1,"benign neoplasm of epiglottis, suprahyoid portion (D14.1)",D14.1,D14
2,D11,Benign neoplasm of major salivary glands,excludes1,benign neoplasms of specified minor salivary glands which are classified according to their anatomical location,,
2,D11,Benign neoplasm of major salivary glands,excludes1,benign neoplasms of minor salivary glands NOS (D10.39),D10.39,D10
2,D12.1,Benign neoplasm of appendix,excludes1,benign carcinoid tumor of the appendix (D3A.020),D3A.020,D3A
2,D12.8,Benign neoplasm of rectum,excludes1,benign carcinoid tumor of the rectum (D3A.026),D3A.026,D3A
2,D12.9,Benign neoplasm of anus and anal canal,excludes1,"benign neoplasm of anal margin (D22.5, D23.5)",D22.5; D23.5,D22; D23
2,D12.9,Benign neoplasm of anus and anal canal,excludes1,"benign neoplasm of anal skin (D22.5, D23.5)",D22.5; D23.5,D22; D23
2,D12.9,Benign neoplasm of anus and anal canal,excludes1,"benign neoplasm of perianal skin (D22.5, D23.5)",D22.5; D23.5,D22; D23
2,D13,Benign neoplasm of other and ill-defined parts of digestive system,excludes1,benign stromal tumors of digestive system (D21.4),D21.4,D21
2,D13.1,Benign neoplasm of stomach,excludes1,benign carcinoid tumor of the stomach (D3A.092),D3A.092,D3A
2,D13.2,Benign neoplasm of duodenum,excludes1,benign carcinoid tumor of the duodenum (D3A.010),D3A.010,D3A
2,D13.3,Benign neoplasm of other and unspecified parts of small intestine,excludes1,benign carcinoid tumors of the small intestine (D3A.01-),D3A.01-,D3A
2,D13.3,Benign neoplasm of other and unspecified parts of small intestine,excludes1,benign neoplasm of ileocecal valve (D12.0),D12.0,D12
2,D13.6,Benign neoplasm of pancreas,excludes1,benign neoplasm of endocrine pancreas (D13.7),D13.7,D13
2,D14.0,"Benign neoplasm of middle ear, nasal cavity and accessory sinuses",excludes1,"benign neoplasm of auricular canal (external) (D22.2-, D23.2-)",D22.2-; D23.2-,D22; D23
2,D14.0,"Benign neoplasm of middle ear, nasal cavity and accessory sinuses",excludes1,benign neoplasm of bone of ear (D16.4),D16.4,D16
2,D14.0,"Benign neoplasm of middle ear, nasal cavity and accessory sinuses",excludes1,benign neoplasm of bone of nose (D16.4),D16.4,D16
2,D14.0,"Benign neoplasm of middle ear, nasal cavity and accessory sinuses",excludes1,benign neoplasm of cartilage of ear (D21.0),D21.0,D21
2,D14.0,"Benign neoplasm of middle ear, nasal cavity and accessory sinuses",excludes1,"benign neoplasm of ear (external)(skin) (D22.2-, D23.2-)",D22.2-; D23.2-,D22; D23
2,D14.0,"Benign neoplasm of middle ear, nasal cavity and accessory sinuses",excludes1,benign neoplasm of nose NOS (D36.7),D36.7,D36
2,D14.0,"Benign neoplasm of middle ear, nasal cavity and accessory sinuses",excludes1,"benign neoplasm of skin of nose (D22.39, D23.39)",D22.39; D23.39,D22; D23
2,D14.0,"Benign neoplasm of middle ear, nasal cavity and accessory sinuses",excludes1,benign neoplasm of olfactory bulb (D33.3),D33.3,D33
2,D14.0,"Benign neoplasm of middle ear, nasal cavity and accessory sinuses",excludes1,benign neoplasm of posterior margin of septum and choanae (D10.6),D10.6,D10
2,D14.0,"Benign neoplasm of middle ear, nasal cavity and accessory sinuses",excludes1,polyp of accessory sinus (J33.8),J33.8,J33
2,D14.0,"Benign neoplasm of middle ear, nasal cavity and accessory sinuses",excludes1,polyp of ear (middle) (H74.4),H74.4,H74
2,D14.0,"Benign neoplasm of middle ear, nasal cavity and accessory sinuses",excludes1,polyp of nasal (cavity) (J33.-),J33.-,J33
2,D14.1,Benign neoplasm of larynx,excludes1,"benign neoplasm of epiglottis, anterior aspect (D10.5)",D10.5,D10
2,D14.1,Benign neoplasm of larynx,excludes1,polyp (nonadenomatous) of vocal cord or larynx (J38.1),J38.1,J38
2,D14.3,Benign neoplasm of bronchus and lung,excludes1,benign carcinoid tumor of the bronchus and lung (D3A.090),D3A.090,D3A
2,D15,Benign neoplasm of other and unspecified intrathoracic organs,excludes1,benign neoplasm of mesothelial tissue (D19.-),D19.-,D19
2,D15.0,Benign neoplasm of thymus,excludes1,benign carcinoid tumor of the thymus (D3A.091),D3A.091,D3A
2,D15.1,Benign neoplasm of heart,excludes1,benign neoplasm of great vessels (D21.3),D21.3,D21
2,D16,Benign neoplasm of bone and articular cartilage,excludes1,benign neoplasm of connective tissue of ear (D21.0),D21.0,D21
2,D16,Benign neoplasm of bone and articular cartilage,excludes1,benign neoplasm of connective tissue of eyelid (D21.0),D21.0,D21
2,D16,Benign neoplasm of bone and articular cartilage,excludes1,benign neoplasm of connective tissue of larynx (D14.1),D14.1,D14
2,D16,Benign neoplasm of bone and articular cartilage,excludes1,benign neoplasm of connective tissue of nose (D14.0),D14.0,D14
2,D16,Benign neoplasm of bone and articular cartilage,excludes1,benign neoplasm of synovia (D21.-),D21.-,D21
2,D16.6,Benign neoplasm of vertebral column,excludes1,benign neoplasm of sacrum and coccyx (D16.8),D16.8,D16
2,D17.5,Benign lipomatous neoplasm of intra-abdominal organs,excludes1,benign lipomatous neoplasm of peritoneum and retroperitoneum (D17.79),D17.79,D17
2,D20,Benign neoplasm of soft tissue of retroperitoneum and peritoneum,excludes1,benign lipomatous neoplasm of peritoneum and retroperitoneum (D17.79),D17.79,D17
2,D20,Benign neoplasm of soft tissue of retroperitoneum and peritoneum,excludes1,benign neoplasm of mesothelial tissue (D19.-),D19.-,D19
2,D21,Other benign neoplasms of connective and other soft tissue,excludes1,benign neoplasm of articular cartilage (D16.-),D16.-,D16
2,D21,Other benign neoplasms of connective and other soft tissue,excludes1,benign neoplasm of cartilage of larynx (D14.1),D14.1,D14
2,D21,Other benign neoplasms of connective and other soft tissue,excludes1,benign neoplasm of cartilage of nose (D14.0),D14.0,D14
2,D21,Other benign neoplasms of connective and other soft tissue,excludes1,benign neoplasm of connective tissue of breast (D24.-),D24.-,D24
2,D21,Other benign neoplasms of connective and other soft tissue,excludes1,benign neoplasm of peripheral nerves and autonomic nervous system (D36.1-),D36.1-,D36
2,D21,Other benign neoplasms of connective and other soft tissue,excludes1,benign neoplasm of peritoneum (D20.1),D20.1,D20
2,D21,Other benign neoplasms of connective and other soft tissue,excludes1,benign neoplasm of retroperitoneum (D20.0),D20.0,D20
2,D21,Other benign neoplasms of connective and other soft tissue,excludes1,"benign neoplasm of uterine ligament, any (D28.2)",D28.2,D28
2,D21,Other benign neoplasms of connective and other soft tissue,excludes1,benign neoplasm of vascular tissue (D18.-),D18.-,D18
2,D21,Other benign neoplasms of connective and other soft tissue,excludes1,hemangioma (D18.0-),D18.0-,D18
2,D21,Other benign neoplasms of connective and other soft tissue,excludes1,lipomatous neoplasm (D17.-),D17.-,D17
2,D21,Other benign neoplasms of connective and other soft tissue,excludes1,lymphangioma (D18.1),D18.1,D18
2,D21,Other benign neoplasms of connective and other soft tissue,excludes1,uterine leiomyoma (D25.-),D25.-,D25
2,D21.0,"Benign neoplasm of connective and other soft tissue of head, face and neck",excludes1,benign neoplasm of connective tissue of orbit (D31.6-),D31.6-,D31
2,D21.3,Benign neoplasm of connective and other soft tissue of thorax,excludes1,benign neoplasm of heart (D15.1),D15.1,D15
2,D21.3,Benign neoplasm of connective and other soft tissue of thorax,excludes1,benign neoplasm of mediastinum (D15.2),D15.2,D15
2,D21.3,Benign neoplasm of connective and other soft tissue of thorax,excludes1,benign neoplasm of thymus (D15.0),D15.0,D15
2,D21.5,Benign neoplasm of connective and other soft tissue of pelvis,excludes1,benign neoplasm of any uterine ligament (D28.2),D28.2,D28
2,D21.5,Benign neoplasm of connective and other soft tissue of pelvis,excludes1,uterine leiomyoma (D25.-),D25.-,D25
2,D23,Other benign neoplasms of skin,excludes1,benign lipomatous neoplasms of skin (D17.0-D17.3),D17.0-D17.3,D17
2,D23.0,Other benign neoplasm of skin of lip,excludes1,benign neoplasm of vermilion border of lip (D10.0),D10.0,D10
2,D23.5,Other benign neoplasm of skin of trunk,excludes1,benign neoplasm of anus NOS (D12.9),D12.9,D12
2,D28,Benign neoplasm of other and unspecified female genital organs,excludes1,epoophoron cyst (Q50.5),Q50.5,Q50
2,D28,Benign neoplasm of other and unspecified female genital organs,excludes1,fimbrial cyst (Q50.4),Q50.4,Q50
2,D28,Benign neoplasm of other and unspecified female genital organs,excludes1,Gartner's duct cyst (Q52.4),Q52.4,Q52
2,D28,Benign neoplasm of other and unspecified female genital organs,excludes1,parovarian cyst (Q50.5),Q50.5,Q50
2,D29.1,Benign neoplasm of prostate,excludes1,enlarged prostate (N40.-),N40.-,N40
2,D30.0,Benign neoplasm of kidney,excludes1,benign carcinoid tumor of the kidney (D3A.093),D3A.093,D3A
2,D30.0,Benign neoplasm of kidney,excludes1,benign neoplasm of renal calyces (D30.1-),D30.1-,D30
2,D30.0,Benign neoplasm of kidney,excludes1,benign neoplasm of renal pelvis (D30.1-),D30.1-,D30
2,D30.2,Benign neoplasm of ureter,excludes1,benign neoplasm of ureteric orifice of bladder (D30.3),D30.3,D30
2,D30.4,Benign neoplasm of urethra,excludes1,benign neoplasm of urethral orifice of bladder (D30.3),D30.3,D30
2,D31,Benign neoplasm of eye and adnexa,excludes1,benign neoplasm of connective tissue of eyelid (D21.0),D21.0,D21
2,D31,Benign neoplasm of eye and adnexa,excludes1,benign neoplasm of optic nerve (D33.3),D33.3,D33
2,D31,Benign neoplasm of eye and adnexa,excludes1,"benign neoplasm of skin of eyelid (D22.1-, D23.1-)",D22.1-; D23.1-,D22; D23
2,D31.2,Benign neoplasm of retina,excludes1,dark area on retina (D49.81),D49.81,D49
2,D31.2,Benign neoplasm of retina,excludes1,hemangioma of retina (D49.81),D49.81,D49
2,D31.2,Benign neoplasm of retina,excludes1,neoplasm of unspecified behavior of retina and choroid (D49.81),D49.81,D49
2,D31.2,Benign neoplasm of retina,excludes1,retinal freckle (D49.81),D49.81,D49
2,D31.6,Benign neoplasm of unspecified site of orbit,excludes1,benign neoplasm of orbital bone (D16.4),D16.4,D16
2,D33,Benign neoplasm of brain and other parts of central nervous system,excludes1,angioma (D18.0-),D18.0-,D18
2,D33,Benign neoplasm of brain and other parts of central nervous system,excludes1,benign neoplasm of meninges (D32.-),D32.-,D32
2,D33,Benign neoplasm of brain and other parts of central nervous system,excludes1,benign neoplasm of peripheral nerves and autonomic nervous system (D36.1-),D36.1-,D36
2,D33,Benign neoplasm of brain and other parts of central nervous system,excludes1,hemangioma (D18.0-),D18.0-,D18
2,D33,Benign neoplasm of brain and other parts of central nervous system,excludes1,neurofibromatosis (Q85.0-),Q85.0-,Q85
2,D33,Benign neoplasm of brain and other parts of central nervous system,excludes1,retro-ocular benign neoplasm (D31.6-),D31.6-,D31
2,D33.0,"Benign neoplasm of brain, supratentorial",excludes1,benign neoplasm of fourth ventricle (D33.1),D33.1,D33
2,D35,Benign neoplasm of other and unspecified endocrine glands,excludes1,benign neoplasm of endocrine pancreas (D13.7),D13.7,D13
2,D35,Benign neoplasm of other and unspecified endocrine glands,excludes1,benign neoplasm of ovary (D27.-),D27.-,D27
2,D35,Benign neoplasm of other and unspecified endocrine glands,excludes1,benign neoplasm of testis (D29.2.-),,
2,D35,Benign neoplasm of other and unspecified endocrine glands,excludes1,benign neoplasm of thymus (D15.0),D15.0,D15
2,D36.0,Benign neoplasm of lymph nodes,excludes1,lymphangioma (D18.1),D18.1,D18
2,D36.1,Benign neoplasm of peripheral nerves and autonomic nervous system,excludes1,benign neoplasm of peripheral nerves of orbit (D31.6-),D31.6-,D31
2,D36.1,Benign neoplasm of peripheral nerves and autonomic nervous system,excludes1,neurofibromatosis (Q85.0-),Q85.0-,Q85
2,Block D37-D48,"Neoplasms of uncertain behavior, polycythemia vera and myelodysplastic syndromes (D37-D48)",excludes1,neoplasms of unspecified behavior (D49.-),D49.-,D49
2,D37,Neoplasm of uncertain behavior of oral cavity and digestive organs,excludes1,stromal tumors of uncertain behavior of digestive system (D48.1-),D48.1-,D48
2,D37.0,"Neoplasm of uncertain behavior of lip, oral cavity and pharynx",excludes1,"neoplasm of uncertain behavior of aryepiglottic fold or interarytenoid fold, laryngeal aspect (D38.0)",D38.0,D38
2,D37.0,"Neoplasm of uncertain behavior of lip, oral cavity and pharynx",excludes1,neoplasm of uncertain behavior of epiglottis NOS (D38.0),D38.0,D38
2,D37.0,"Neoplasm of uncertain behavior of lip, oral cavity and pharynx",excludes1,neoplasm of uncertain behavior of skin of lip (D48.5),D48.5,D48
2,D37.0,"Neoplasm of uncertain behavior of lip, oral cavity and pharynx",excludes1,neoplasm of uncertain behavior of suprahyoid portion of epiglottis (D38.0),D38.0,D38
2,D37.8,Neoplasm of uncertain behavior of other specified digestive organs,excludes1,neoplasm of uncertain behavior of anal margin (D48.5),D48.5,D48
2,D37.8,Neoplasm of uncertain behavior of other specified digestive organs,excludes1,neoplasm of uncertain behavior of anal skin (D48.5),D48.5,D48
2,D37.8,Neoplasm of uncertain behavior of other specified digestive organs,excludes1,neoplasm of uncertain behavior of perianal skin (D48.5),D48.5,D48
2,D38,Neoplasm of uncertain behavior of middle ear and respiratory and intrathoracic organs,excludes1,neoplasm of uncertain behavior of heart (D48.7),D48.7,D48
2,D38.0,Neoplasm of uncertain behavior of larynx,excludes1,neoplasm of uncertain behavior of aryepiglottic fold or interarytenoid fold NOS (D37.05),D37.05,D37
2,D38.0,Neoplasm of uncertain behavior of larynx,excludes1,neoplasm of uncertain behavior of hypopharyngeal aspect of aryepiglottic fold (D37.05),D37.05,D37
2,D38.0,Neoplasm of uncertain behavior of larynx,excludes1,neoplasm of uncertain behavior of marginal zone of aryepiglottic fold (D37.05),D37.05,D37
2,D38.5,Neoplasm of uncertain behavior of other respiratory organs,excludes1,neoplasm of uncertain behavior of ear (external) (skin) (D48.5),D48.5,D48
2,D38.5,Neoplasm of uncertain behavior of other respiratory organs,excludes1,neoplasm of uncertain behavior of nose NOS (D48.7),D48.7,D48
2,D38.5,Neoplasm of uncertain behavior of other respiratory organs,excludes1,neoplasm of uncertain behavior of skin of nose (D48.5),D48.5,D48
2,D39.2,Neoplasm of uncertain behavior of placenta,excludes1,hydatidiform mole NOS (O01.9),O01.9,O01
2,D41.0,Neoplasm of uncertain behavior of kidney,excludes1,neoplasm of uncertain behavior of renal pelvis (D41.1-),D41.1-,D41
2,D43,Neoplasm of uncertain behavior of brain and central nervous system,excludes1,neoplasm of uncertain behavior of peripheral nerves and autonomic nervous system (D48.2),D48.2,D48
2,D43.0,"Neoplasm of uncertain behavior of brain, supratentorial",excludes1,neoplasm of uncertain behavior of fourth ventricle (D43.1),D43.1,D43
2,D44,Neoplasm of uncertain behavior of endocrine glands,excludes1,multiple endocrine adenomatosis (E31.2-),E31.2-,E31
2,D44,Neoplasm of uncertain behavior of endocrine glands,excludes1,multiple endocrine neoplasia (E31.2-),E31.2-,E31
2,D44,Neoplasm of uncertain behavior of endocrine glands,excludes1,neoplasm of uncertain behavior of endocrine pancreas (D37.8),D37.8,D37
2,D44,Neoplasm of uncertain behavior of endocrine glands,excludes1,neoplasm of uncertain behavior of ovary (D39.1-),D39.1-,D39
2,D44,Neoplasm of uncertain behavior of endocrine glands,excludes1,neoplasm of uncertain behavior of testis (D40.1-),D40.1-,D40
2,D44,Neoplasm of uncertain behavior of endocrine glands,excludes1,neoplasm of uncertain behavior of thymus (D38.4),D38.4,D38
2,D45,Polycythemia vera,excludes1,familial polycythemia (D75.0),D75.0,D75
2,D45,Polycythemia vera,excludes1,secondary polycythemia (D75.1),D75.1,D75
2,D46.Z,Other myelodysplastic syndromes,excludes1,chronic myelomonocytic leukemia (C93.1-),C93.1-,C93
2,D47.0,Mast cell neoplasms of uncertain behavior,excludes1,congenital cutaneous mastocytosis (Q82.2),Q82.2,Q82
2,D47.0,Mast cell neoplasms of uncertain behavior,excludes1,histiocytic neoplasms of uncertain behavior (D47.Z9),D47.Z9,D47
2,D47.0,Mast cell neoplasms of uncertain behavior,excludes1,malignant mast cell neoplasm (C96.2-),C96.2-,C96
2,D47.01,Cutaneous mastocytosis,excludes1,congenital (diffuse) (maculopapular) cutaneous mastocytosis (Q82.2),Q82.2,Q82
2,D47.01,Cutaneous mastocytosis,excludes1,congenital urticaria pigmentosa (Q82.2),Q82.2,Q82
2,D47.01,Cutaneous mastocytosis,excludes1,extracutaneous mastocytoma (D47.09),D47.09,D47
2,D47.02,Systemic mastocytosis,excludes1,aggressive systemic mastocytosis (C96.21),C96.21,C96
2,D47.02,Systemic mastocytosis,excludes1,mast cell leukemia (C94.3-),C94.3-,C94
2,D47.1,Chronic myeloproliferative disease,excludes1,atypical chronic myeloid leukemia BCR/ABL-negative (C92.2-),C92.2-,C92
2,D47.1,Chronic myeloproliferative disease,excludes1,chronic myeloid leukemia BCR/ABL-positive (C92.1-),C92.1-,C92
2,D47.1,Chronic myeloproliferative disease,excludes1,myelofibrosis NOS (D75.81),D75.81,D75
2,D47.1,Chronic myeloproliferative disease,excludes1,myelophthisic anemia (D61.82),D61.82,D61
2,D47.1,Chronic myeloproliferative disease,excludes1,myelophthisis (D61.82),D61.82,D61
2,D47.1,Chronic myeloproliferative disease,excludes1,secondary myelofibrosis NOS (D75.81),D75.81,D75
2,D47.4,Osteomyelofibrosis,excludes1,acute myelofibrosis (C94.4-),C94.4-,C94
2,D48,Neoplasm of uncertain behavior of other and unspecified sites,excludes1,neurofibromatosis (nonmalignant) (Q85.0-),Q85.0-,Q85
2,D48.0,Neoplasm of uncertain behavior of bone and articular cartilage,excludes1,neoplasm of uncertain behavior of cartilage of ear (D48.1-),D48.1-,D48
2,D48.0,Neoplasm of uncertain behavior of bone and articular cartilage,excludes1,neoplasm of uncertain behavior of cartilage of larynx (D38.0),D38.0,D38
2,D48.0,Neoplasm of uncertain behavior of bone and articular cartilage,excludes1,neoplasm of uncertain behavior of cartilage of nose (D38.5),D38.5,D38
2,D48.0,Neoplasm of uncertain behavior of bone and articular cartilage,excludes1,neoplasm of uncertain behavior of connective tissue of eyelid (D48.1-),D48.1-,D48
2,D48.0,Neoplasm of uncertain behavior of bone and articular cartilage,excludes1,neoplasm of uncertain behavior of synovia (D48.1-),D48.1-,D48
2,D48.1,Neoplasm of uncertain behavior of connective and other soft tissue,excludes1,neoplasm of uncertain behavior of articular cartilage (D48.0),D48.0,D48
2,D48.1,Neoplasm of uncertain behavior of connective and other soft tissue,excludes1,neoplasm of uncertain behavior of cartilage of larynx (D38.0),D38.0,D38
2,D48.1,Neoplasm of uncertain behavior of connective and other soft tissue,excludes1,neoplasm of uncertain behavior of cartilage of nose (D38.5),D38.5,D38
2,D48.1,Neoplasm of uncertain behavior of connective and other soft tissue,excludes1,neoplasm of uncertain behavior of connective tissue of breast (D48.6-),D48.6-,D48
2,D48.2,Neoplasm of uncertain behavior of peripheral nerves and autonomic nervous system,excludes1,neoplasm of uncertain behavior of peripheral nerves of orbit (D48.7),D48.7,D48
2,D48.5,Neoplasm of uncertain behavior of skin,excludes1,neoplasm of uncertain behavior of anus NOS (D37.8),D37.8,D37
2,D48.5,Neoplasm of uncertain behavior of skin,excludes1,"neoplasm of uncertain behavior of skin of genital organs (D39.8, D40.8)",D39.8; D40.8,D39; D40
2,D48.5,Neoplasm of uncertain behavior of skin,excludes1,neoplasm of uncertain behavior of vermilion border of lip (D37.0),D37.0,D37
2,D48.6,Neoplasm of uncertain behavior of breast,excludes1,neoplasm of uncertain behavior of skin of breast (D48.5),D48.5,D48
2,D48.7,Neoplasm of uncertain behavior of other specified sites,excludes1,neoplasm of uncertain behavior of connective tissue (D48.1-),D48.1-,D48
2,D48.7,Neoplasm of uncertain behavior of other specified sites,excludes1,neoplasm of uncertain behavior of skin of eyelid (D48.5),D48.5,D48
2,D49.0,Neoplasm of unspecified behavior of digestive system,excludes1,neoplasm of unspecified behavior of margin of anus (D49.2),D49.2,D49
2,D49.0,Neoplasm of unspecified behavior of digestive system,excludes1,neoplasm of unspecified behavior of perianal skin (D49.2),D49.2,D49
2,D49.0,Neoplasm of unspecified behavior of digestive system,excludes1,neoplasm of unspecified behavior of skin of anus (D49.2),D49.2,D49
2,D49.2,"Neoplasm of unspecified behavior of bone, soft tissue, and skin",excludes1,neoplasm of unspecified behavior of anal canal (D49.0),D49.0,D49
2,D49.2,"Neoplasm of unspecified behavior of bone, soft tissue, and skin",excludes1,neoplasm of unspecified behavior of anus NOS (D49.0),D49.0,D49
2,D49.2,"Neoplasm of unspecified behavior of bone, soft tissue, and skin",excludes1,neoplasm of unspecified behavior of bone marrow (D49.89),D49.89,D49
2,D49.2,"Neoplasm of unspecified behavior of bone, soft tissue, and skin",excludes1,neoplasm of unspecified behavior of cartilage of larynx (D49.1),D49.1,D49
2,D49.2,"Neoplasm of unspecified behavior of bone, soft tissue, and skin",excludes1,neoplasm of unspecified behavior of cartilage of nose (D49.1),D49.1,D49
2,D49.2,"Neoplasm of unspecified behavior of bone, soft tissue, and skin",excludes1,neoplasm of unspecified behavior of connective tissue of breast (D49.3),D49.3,D49
2,D49.2,"Neoplasm of unspecified behavior of bone, soft tissue, and skin",excludes1,neoplasm of unspecified behavior of skin of genital organs (D49.59),D49.59,D49
2,D49.2,"Neoplasm of unspecified behavior of bone, soft tissue, and skin",excludes1,neoplasm of unspecified behavior of vermilion border of lip (D49.0),D49.0,D49
2,D49.3,Neoplasm of unspecified behavior of breast,excludes1,neoplasm of unspecified behavior of skin of breast (D49.2),D49.2,D49
2,D49.6,Neoplasm of unspecified behavior of brain,excludes1,neoplasm of unspecified behavior of cerebral meninges (D49.7),D49.7,D49
2,D49.6,Neoplasm of unspecified behavior of brain,excludes1,neoplasm of unspecified behavior of cranial nerves (D49.7),D49.7,D49
2,D49.7,Neoplasm of unspecified behavior of endocrine glands and other parts of nervous system,excludes1,"neoplasm of unspecified behavior of peripheral, sympathetic, and parasympathetic nerves and ganglia (D49.2)",D49.2,D49
2,D49.8,Neoplasm of unspecified behavior of other specified sites,excludes1,neoplasm of unspecified behavior of eyelid (skin) (D49.2),D49.2,D49
2,D49.8,Neoplasm of unspecified behavior of other specified sites,excludes1,neoplasm of unspecified behavior of eyelid cartilage (D49.2),D49.2,D49
2,D49.8,Neoplasm of unspecified behavior of other specified sites,excludes1,neoplasm of unspecified behavior of great vessels (D49.2),D49.2,D49
2,D49.8,Neoplasm of unspecified behavior of other specified sites,excludes1,neoplasm of unspecified behavior of optic nerve (D49.7),D49.7,D49
3,D50.0,Iron deficiency anemia secondary to blood loss (chronic),excludes1,acute posthemorrhagic anemia (D62),D62,D62
3,D50.0,Iron deficiency anemia secondary to blood loss (chronic),excludes1,congenital anemia from fetal blood loss (P61.3),P61.3,P61
3,D52,Folate deficiency anemia,excludes1,folate deficiency without anemia (E53.8),E53.8,E53
3,D53.0,Protein deficiency anemia,excludes1,Lesch-Nyhan syndrome (E79.1),E79.1,E79
3,D53.1,"Other megaloblastic anemias, not elsewhere classified",excludes1,Di Guglielmo's disease (C94.0),C94.0,C94
3,D53.2,Scorbutic anemia,excludes1,scurvy (E54),E54,E54
3,D53.9,"Nutritional anemia, unspecified",excludes1,anemia NOS (D64.9),D64.9,D64
3,D55,Anemia due to enzyme disorders,excludes1,drug-induced enzyme deficiency anemia (D59.2),D59.2,D59
3,D55.0,Anemia due to glucose-6-phosphate dehydrogenase [G6PD] deficiency,excludes1,glucose-6-phosphate dehydrogenase (G6PD) deficiency without anemia (D75.A),D75.A,D75
3,D55.2,Anemia due to disorders of glycolytic enzymes,excludes1,disorders of glycolysis not associated with anemia (E74.81-),E74.81-,E74
3,D56,Thalassemia,excludes1,sickle-cell thalassemia (D57.4-),D57.4-,D57
3,D56.0,Alpha thalassemia,excludes1,alpha thalassemia trait or minor (D56.3),D56.3,D56
3,D56.0,Alpha thalassemia,excludes1,asymptomatic alpha thalassemia (D56.3),D56.3,D56
3,D56.0,Alpha thalassemia,excludes1,hydrops fetalis due to isoimmunization (P56.0),P56.0,P56
3,D56.0,Alpha thalassemia,excludes1,hydrops fetalis not due to immune hemolysis (P83.2),P83.2,P83
3,D56.1,Beta thalassemia,excludes1,beta thalassemia minor (D56.3),D56.3,D56
3,D56.1,Beta thalassemia,excludes1,beta thalassemia trait (D56.3),D56.3,D56
3,D56.1,Beta thalassemia,excludes1,delta-beta thalassemia (D56.2),D56.2,D56
3,D56.1,Beta thalassemia,excludes1,hemoglobin E-beta thalassemia (D56.5),D56.5,D56
3,D56.1,Beta thalassemia,excludes1,sickle-cell beta thalassemia (D57.4-),D57.4-,D57
3,D56.2,Delta-beta thalassemia,excludes1,delta-beta thalassemia minor (D56.3),D56.3,D56
3,D56.2,Delta-beta thalassemia,excludes1,delta-beta thalassemia trait (D56.3),D56.3,D56
3,D56.3,Thalassemia minor,excludes1,alpha thalassemia (D56.0),D56.0,D56
3,D56.3,Thalassemia minor,excludes1,beta thalassemia (D56.1),D56.1,D56
3,D56.3,Thalassemia minor,excludes1,delta-beta thalassemia (D56.2),D56.2,D56
3,D56.3,Thalassemia minor,excludes1,hemoglobin E-beta thalassemia (D56.5),D56.5,D56
3,D56.3,Thalassemia minor,excludes1,sickle-cell trait (D57.3),D57.3,D57
3,D56.5,Hemoglobin E-beta thalassemia,excludes1,beta thalassemia (D56.1),D56.1,D56
3,D56.5,Hemoglobin E-beta thalassemia,excludes1,beta thalassemia minor (D56.3),D56.3,D56
3,D56.5,Hemoglobin E-beta thalassemia,excludes1,beta thalassemia trait (D56.3),D56.3,D56
3,D56.5,Hemoglobin E-beta thalassemia,excludes1,delta-beta thalassemia (D56.2),D56.2,D56
3,D56.5,Hemoglobin E-beta thalassemia,excludes1,delta-beta thalassemia trait (D56.3),D56.3,D56
3,D56.5,Hemoglobin E-beta thalassemia,excludes1,hemoglobin E disease (D58.2),D58.2,D58
3,D56.5,Hemoglobin E-beta thalassemia,excludes1,other hemoglobinopathies (D58.2),D58.2,D58
3,D56.5,Hemoglobin E-beta thalassemia,excludes1,sickle-cell beta thalassemia (D57.4-),D57.4-,D57
3,D56.8,Other thalassemias,excludes1,hemoglobin C disease (D58.2),D58.2,D58
3,D56.8,Other thalassemias,excludes1,hemoglobin E disease (D58.2),D58.2,D58
3,D56.8,Other thalassemias,excludes1,other hemoglobinopathies (D58.2),D58.2,D58
3,D56.8,Other thalassemias,excludes1,sickle-cell anemia (D57.-),D57.-,D57
3,D56.8,Other thalassemias,excludes1,sickle-cell thalassemia (D57.4-),D57.4-,D57
3,D57,Sickle-cell disorders,excludes1,other hemoglobinopathies (D58.-),D58.-,D58
3,D58,Other hereditary hemolytic anemias,excludes1,hemolytic anemia of the newborn (P55.-),P55.-,P55
3,D58.2,Other hemoglobinopathies,excludes1,familial polycythemia (D75.0),D75.0,D75
3,D58.2,Other hemoglobinopathies,excludes1,Hb-M disease (D74.0),D74.0,D74
3,D58.2,Other hemoglobinopathies,excludes1,hemoglobin E-beta thalassemia (D56.5),D56.5,D56
3,D58.2,Other hemoglobinopathies,excludes1,hereditary persistence of fetal hemoglobin [HPFH] (D56.4),D56.4,D56
3,D58.2,Other hemoglobinopathies,excludes1,high-altitude polycythemia (D75.1),D75.1,D75
3,D58.2,Other hemoglobinopathies,excludes1,methemoglobinemia (D74.-),D74.-,D74
3,D58.2,Other hemoglobinopathies,excludes1,other hemoglobinopathies with thalassemia (D56.8),D56.8,D56
3,D59.5,Paroxysmal nocturnal hemoglobinuria [Marchiafava-Micheli],excludes1,hemoglobinuria NOS (R82.3),R82.3,R82
3,D59.6,Hemoglobinuria due to hemolysis from other external causes,excludes1,hemoglobinuria NOS (R82.3),R82.3,R82
3,D60,Acquired pure red cell aplasia [erythroblastopenia],excludes1,congenital red cell aplasia (D61.01),D61.01,D61
3,D61.01,Constitutional (pure) red blood cell aplasia,excludes1,acquired red cell aplasia (D60.9),D60.9,D60
3,D61.03,Fanconi anemia,excludes1,Fanconi syndrome (E72.0-),E72.0-,E72
3,D61.81,Pancytopenia,excludes1,pancytopenia (due to) (with) aplastic anemia (D61.9),D61.9,D61
3,D61.81,Pancytopenia,excludes1,pancytopenia (due to) (with) bone marrow infiltration (D61.82),D61.82,D61
3,D61.81,Pancytopenia,excludes1,pancytopenia (due to) (with) congenital (pure) red cell aplasia (D61.01),D61.01,D61
3,D61.81,Pancytopenia,excludes1,pancytopenia (due to) (with) hairy cell leukemia (C91.4-),C91.4-,C91
3,D61.81,Pancytopenia,excludes1,pancytopenia (due to) (with) human immunodeficiency virus disease (B20.-),B20.-,B20
3,D61.81,Pancytopenia,excludes1,pancytopenia (due to) (with) leukoerythroblastic anemia (D61.82),D61.82,D61
3,D61.81,Pancytopenia,excludes1,pancytopenia (due to) (with) myeloproliferative disease (D47.1),D47.1,D47
3,D61.82,Myelophthisis,excludes1,idiopathic myelofibrosis (D47.1),D47.1,D47
3,D61.82,Myelophthisis,excludes1,myelofibrosis NOS (D75.81),D75.81,D75
3,D61.82,Myelophthisis,excludes1,myelofibrosis with myeloid metaplasia (D47.4),D47.4,D47
3,D61.82,Myelophthisis,excludes1,primary myelofibrosis (D47.1),D47.1,D47
3,D61.82,Myelophthisis,excludes1,secondary myelofibrosis (D75.81),D75.81,D75
3,D62,Acute posthemorrhagic anemia,excludes1,anemia due to chronic blood loss (D50.0),D50.0,D50
3,D62,Acute posthemorrhagic anemia,excludes1,blood loss anemia NOS (D50.0),D50.0,D50
3,D62,Acute posthemorrhagic anemia,excludes1,congenital anemia from fetal blood loss (P61.3),P61.3,P61
3,D63.0,Anemia in neoplastic disease,excludes1,aplastic anemia due to antineoplastic chemotherapy (D61.1),D61.1,D61
3,D64,Other anemias,excludes1,refractory anemia (D46.-),D46.-,D46
3,D64,Other anemias,excludes1,refractory anemia with excess blasts in transformation [RAEB T] (C92.0-),C92.0-,C92
3,D64.4,Congenital dyserythropoietic anemia,excludes1,Blackfan-Diamond syndrome (D61.01),D61.01,D61
3,D64.4,Congenital dyserythropoietic anemia,excludes1,Di Guglielmo's disease (C94.0),C94.0,C94
3,D65,Disseminated intravascular coagulation [defibrination syndrome],excludes1,disseminated intravascular coagulation (complicating):,,
3,D65,Disseminated intravascular coagulation [defibrination syndrome],excludes1,in newborn (P60),P60,P60
3,D65,Disseminated intravascular coagulation [defibrination syndrome],excludes1,"pregnancy, childbirth and the puerperium (O45.0, O46.0, O67.0, O72.3)",O45.0; O46.0; O67.0; O72.3,O45; O46; O67; O72
3,D66,Hereditary factor VIII deficiency,excludes1,factor VIII deficiency with vascular defect (D68.0-),D68.0-,D68
3,D68,Other coagulation defects,excludes1,abnormal coagulation profile NOS (R79.1),R79.1,R79
3,D68.0,Von Willebrand disease,excludes1,capillary fragility (hereditary) (D69.8),D69.8,D69
3,D68.0,Von Willebrand disease,excludes1,factor VIII deficiency NOS (D66),D66,D66
3,D68.0,Von Willebrand disease,excludes1,factor VIII deficiency with functional defect (D66),D66,D66
3,D68.312,Antiphospholipid antibody with hemorrhagic disorder,excludes1,"antiphospholipid antibody, finding without diagnosis (R76.0)",R76.0,R76
3,D68.312,Antiphospholipid antibody with hemorrhagic disorder,excludes1,lupus anticoagulant (LAC) finding without diagnosis (R76.0),R76.0,R76
3,D68.312,Antiphospholipid antibody with hemorrhagic disorder,excludes1,systemic lupus erythematosus [SLE] inhibitor finding without diagnosis (R76.0),R76.0,R76
3,D68.4,Acquired coagulation factor deficiency,excludes1,vitamin K deficiency of newborn (P53),P53,P53
3,D68.5,Primary thrombophilia,excludes1,antiphospholipid syndrome (D68.61),D68.61,D68
3,D68.5,Primary thrombophilia,excludes1,lupus anticoagulant (D68.62),D68.62,D68
3,D68.5,Primary thrombophilia,excludes1,secondary activated protein C resistance (D68.69),D68.69,D68
3,D68.5,Primary thrombophilia,excludes1,secondary antiphospholipid antibody syndrome (D68.69),D68.69,D68
3,D68.5,Primary thrombophilia,excludes1,secondary lupus anticoagulant with hypercoagulable state (D68.69),D68.69,D68
3,D68.5,Primary thrombophilia,excludes1,secondary systemic lupus erythematosus [SLE] inhibitor with hypercoagulable state (D68.69),D68.69,D68
3,D68.5,Primary thrombophilia,excludes1,systemic lupus erythematosus [SLE] inhibitor finding without diagnosis (R76.0),R76.0,R76
3,D68.5,Primary thrombophilia,excludes1,systemic lupus erythematosus [SLE] inhibitor with hemorrhagic disorder (D68.312),D68.312,D68
3,D68.5,Primary thrombophilia,excludes1,thrombotic thrombocytopenic purpura (M31.19),M31.19,M31
3,D68.6,Other thrombophilia,excludes1,diffuse or disseminated intravascular coagulation [DIC] (D65),D65,D65
3,D68.6,Other thrombophilia,excludes1,heparin induced thrombocytopenia (HIT) (D75.82-),D75.82-,D75
3,D68.6,Other thrombophilia,excludes1,hyperhomocysteinemia (E72.11),E72.11,E72
3,D68.61,Antiphospholipid syndrome,excludes1,"anti-phospholipid antibody, finding without diagnosis (R76.0)",R76.0,R76
3,D68.62,Lupus anticoagulant syndrome,excludes1,lupus anticoagulant (LAC) finding without diagnosis (R76.0),R76.0,R76
3,D68.8,Other specified coagulation defects,excludes1,hemorrhagic disease of newborn (P53),P53,P53
3,D69,Purpura and other hemorrhagic conditions,excludes1,benign hypergammaglobulinemic purpura (D89.0),D89.0,D89
3,D69,Purpura and other hemorrhagic conditions,excludes1,cryoglobulinemic purpura (D89.1),D89.1,D89
3,D69,Purpura and other hemorrhagic conditions,excludes1,essential (hemorrhagic) thrombocythemia (D47.3),D47.3,D47
3,D69,Purpura and other hemorrhagic conditions,excludes1,hemorrhagic thrombocythemia (D47.3),D47.3,D47
3,D69,Purpura and other hemorrhagic conditions,excludes1,purpura fulminans (D65),D65,D65
3,D69,Purpura and other hemorrhagic conditions,excludes1,thrombotic thrombocytopenic purpura (M31.19),M31.19,M31
3,D69,Purpura and other hemorrhagic conditions,excludes1,Waldenström hypergammaglobulinemic purpura (D89.0),D89.0,D89
3,D69.0,Allergic purpura,excludes1,thrombocytopenic hemorrhagic purpura (D69.3),D69.3,D69
3,D69.1,Qualitative platelet defects,excludes1,hemolytic-uremic syndrome (D59.3-),D59.3-,D59
3,D69.4,Other primary thrombocytopenia,excludes1,transient neonatal thrombocytopenia (P61.0),P61.0,P61
3,D69.4,Other primary thrombocytopenia,excludes1,Wiskott-Aldrich syndrome (D82.0),D82.0,D82
3,D69.5,Secondary thrombocytopenia,excludes1,heparin induced thrombocytopenia (HIT) (D75.82-),D75.82-,D75
3,D69.5,Secondary thrombocytopenia,excludes1,transient thrombocytopenia of newborn (P61.0),P61.0,P61
3,D70,Neutropenia,excludes1,neutropenic splenomegaly (D73.81),D73.81,D73
3,D70,Neutropenia,excludes1,transient neonatal neutropenia (P61.5),P61.5,P61
3,D72,Other disorders of white blood cells,excludes1,basophilia (D72.824),D72.824,D72
3,D72,Other disorders of white blood cells,excludes1,immunity disorders (D80-D89),D80-D89,D80
3,D72,Other disorders of white blood cells,excludes1,preleukemia (syndrome) (D46.9),D46.9,D46
3,D72.0,Genetic anomalies of leukocytes,excludes1,Chédiak (-Steinbrinck)-Higashi syndrome (E70.330),E70.330,E70
3,D72.8,Other specified disorders of white blood cells,excludes1,leukemia (C91-C95),C91-C95,C91
3,D72.82,Elevated white blood cell count,excludes1,eosinophilia (D72.1),D72.1,D72
3,D72.821,Monocytosis (symptomatic),excludes1,infectious mononucleosis (B27.-),B27.-,B27
3,D72.825,Bandemia,excludes1,confirmed infection - code to infection,,
3,D72.825,Bandemia,excludes1,"leukemia (C91.-, C92.-, C93.-, C94.-, C95.-)",C91.-; C92.-; C93.-; C94.-; C95.-,C91; C92; C93; C94; C95
3,D73.0,Hyposplenism,excludes1,asplenia (congenital) (Q89.01),Q89.01,Q89
3,D73.0,Hyposplenism,excludes1,postsurgical absence of spleen (Z90.81),Z90.81,Z90
3,D73.1,Hypersplenism,excludes1,neutropenic splenomegaly (D73.81),D73.81,D73
3,D73.1,Hypersplenism,excludes1,primary splenic neutropenia (D73.81),D73.81,D73
3,D73.1,Hypersplenism,excludes1,"splenitis, splenomegaly in late syphilis (A52.79)",A52.79,A52
3,D73.1,Hypersplenism,excludes1,"splenitis, splenomegaly in tuberculosis (A18.85)",A18.85,A18
3,D73.1,Hypersplenism,excludes1,splenomegaly NOS (R16.1),R16.1,R16
3,D73.1,Hypersplenism,excludes1,splenomegaly congenital (Q89.0),Q89.0,Q89
3,D73.5,Infarction of spleen,excludes1,rupture of spleen due to Plasmodium vivax malaria (B51.0),B51.0,B51
3,D73.5,Infarction of spleen,excludes1,traumatic rupture of spleen (S36.03-),S36.03-,S36
3,D75.0,Familial erythrocytosis,excludes1,hereditary ovalocytosis (D58.1),D58.1,D58
3,D75.1,Secondary polycythemia,excludes1,polycythemia neonatorum (P61.1),P61.1,P61
3,D75.1,Secondary polycythemia,excludes1,polycythemia vera (D45),D45,D45
3,D75.81,Myelofibrosis,excludes1,acute myelofibrosis (C94.4-),C94.4-,C94
3,D75.81,Myelofibrosis,excludes1,idiopathic myelofibrosis (D47.1),D47.1,D47
3,D75.81,Myelofibrosis,excludes1,leukoerythroblastic anemia (D61.82),D61.82,D61
3,D75.81,Myelofibrosis,excludes1,myelofibrosis with myeloid metaplasia (D47.4),D47.4,D47
3,D75.81,Myelofibrosis,excludes1,myelophthisic anemia (D61.82),D61.82,D61
3,D75.81,Myelofibrosis,excludes1,myelophthisis (D61.82),D61.82,D61
3,D75.81,Myelofibrosis,excludes1,primary myelofibrosis (D47.1),D47.1,D47
3,D75.A,Glucose-6-phosphate dehydrogenase (G6PD) deficiency without anemia,excludes1,glucose-6-phosphate dehydrogenase (G6PD) deficiency with anemia (D55.0),D55.0,D55
3,D76,Other specified diseases with participation of lymphoreticular and reticulohistiocytic tissue,excludes1,(Abt-) Letterer-Siwe disease (C96.0),C96.0,C96
3,D76,Other specified diseases with participation of lymphoreticular and reticulohistiocytic tissue,excludes1,eosinophilic granuloma (C96.6),C96.6,C96
3,D76,Other specified diseases with participation of lymphoreticular and reticulohistiocytic tissue,excludes1,Hand-Schüller-Christian disease (C96.5),C96.5,C96
3,D76,Other specified diseases with participation of lymphoreticular and reticulohistiocytic tissue,excludes1,histiocytic medullary reticulosis (C96.9),C96.9,C96
3,D76,Other specified diseases with participation of lymphoreticular and reticulohistiocytic tissue,excludes1,histiocytic sarcoma (C96.A),C96.A,C96
3,D76,Other specified diseases with participation of lymphoreticular and reticulohistiocytic tissue,excludes1,"histiocytosis X, multifocal (C96.5)",C96.5,C96
3,D76,Other specified diseases with participation of lymphoreticular and reticulohistiocytic tissue,excludes1,"histiocytosis X, unifocal (C96.6)",C96.6,C96
3,D76,Other specified diseases with participation of lymphoreticular and reticulohistiocytic tissue,excludes1,"Langerhans-cell histiocytosis, multifocal (C96.5)",C96.5,C96
3,D76,Other specified diseases with participation of lymphoreticular and reticulohistiocytic tissue,excludes1,Langerhans-cell histiocytosis NOS (C96.6),C96.6,C96
3,D76,Other specified diseases with participation of lymphoreticular and reticulohistiocytic tissue,excludes1,"Langerhans-cell histiocytosis, unifocal (C96.6)",C96.6,C96
3,D76,Other specified diseases with participation of lymphoreticular and reticulohistiocytic tissue,excludes1,leukemic reticuloendotheliosis (C91.4-),C91.4-,C91
3,D76,Other specified diseases with participation of lymphoreticular and reticulohistiocytic tissue,excludes1,lipomelanotic reticulosis (I89.8),I89.8,I89
3,D76,Other specified diseases with participation of lymphoreticular and reticulohistiocytic tissue,excludes1,malignant histiocytosis (C96.A),C96.A,C96
3,D76,Other specified diseases with participation of lymphoreticular and reticulohistiocytic tissue,excludes1,malignant reticulosis (C86.0),C86.0,C86
3,D76,Other specified diseases with participation of lymphoreticular and reticulohistiocytic tissue,excludes1,nonlipid reticuloendotheliosis (C96.0),C96.0,C96
3,D77,Other disorders of blood and blood-forming organs in diseases classified elsewhere,excludes1,rupture of spleen due to Plasmodium vivax malaria (B51.0),B51.0,B51
3,D77,Other disorders of blood and blood-forming organs in diseases classified elsewhere,excludes1,"splenitis, splenomegaly in late syphilis (A52.79)",A52.79,A52
3,D77,Other disorders of blood and blood-forming organs in diseases classified elsewhere,excludes1,"splenitis, splenomegaly in tuberculosis (A18.85)",A18.85,A18
3,D78.0,Intraoperative hemorrhage and hematoma of the spleen complicating a procedure,excludes1,intraoperative hemorrhage and hematoma of the spleen due to accidental puncture or laceration during a procedure (D78.1-),D78.1-,D78
3,Block D80-D89,Certain disorders involving the immune mechanism (D80-D89),excludes1,autoimmune disease (systemic) NOS (M35.9),M35.9,M35
3,Block D80-D89,Certain disorders involving the immune mechanism (D80-D89),excludes1,functional disorders of polymorphonuclear neutrophils (D71-),D71-,D71
3,D81,Combined immunodeficiencies,excludes1,autosomal recessive agammaglobulinemia (Swiss type) (D80.0),D80.0,D80
3,D81.81,Biotin-dependent carboxylase deficiency,excludes1,biotin-dependent carboxylase deficiency due to dietary deficiency of biotin (E53.8),E53.8,E53
3,D82,Immunodeficiency associated with other major defects,excludes1,ataxia telangiectasia [Louis-Bar] (G11.3),G11.3,G11
3,D84.81,Immunodeficiency due to conditions classified elsewhere,excludes1,"certain disorders involving the immune mechanism (D80-D83, D84.0, D84.1, D84.9)",D80-D83; D84.0; D84.1; D84.9,D80; D84
3,D84.81,Immunodeficiency due to conditions classified elsewhere,excludes1,human immunodeficiency virus [HIV] disease (B20),B20,B20
3,D89,"Other disorders involving the immune mechanism, not elsewhere classified",excludes1,hyperglobulinemia NOS (R77.1),R77.1,R77
3,D89,"Other disorders involving the immune mechanism, not elsewhere classified",excludes1,monoclonal gammopathy (of undetermined significance) (D47.2),D47.2,D47
3,D89.4,Mast cell activation syndrome and related disorders,excludes1,aggressive systemic mastocytosis (C96.21),C96.21,C96
3,D89.4,Mast cell activation syndrome and related disorders,excludes1,congenital cutaneous mastocytosis (Q82.2),Q82.2,Q82
3,D89.4,Mast cell activation syndrome and related disorders,excludes1,(non-congenital) cutaneous mastocytosis (D47.01),D47.01,D47
3,D89.4,Mast cell activation syndrome and related disorders,excludes1,(indolent) systemic mastocytosis (D47.02),D47.02,D47
3,D89.4,Mast cell activation syndrome and related disorders,excludes1,malignant mast cell neoplasm (C96.2-),C96.2-,C96
3,D89.4,Mast cell activation syndrome and related disorders,excludes1,malignant mastocytoma (C96.29),C96.29,C96
3,D89.4,Mast cell activation syndrome and related disorders,excludes1,mast cell leukemia (C94.3-),C94.3-,C94
3,D89.4,Mast cell activation syndrome and related disorders,excludes1,mast cell sarcoma (C96.22),C96.22,C96
3,D89.4,Mast cell activation syndrome and related disorders,excludes1,mastocytoma NOS (D47.09),D47.09,D47
3,D89.4,Mast cell activation syndrome and related disorders,excludes1,other mast cell neoplasms of uncertain behavior (D47.09),D47.09,D47
3,D89.4,Mast cell activation syndrome and related disorders,excludes1,systemic mastocytosis associated with a clonal hematologic non-mast cell lineage disease (SM-AHNMD) (D47.02),D47.02,D47
3,D89.89,"Other specified disorders involving the immune mechanism, not elsewhere classified",excludes1,human immunodeficiency virus disease (B20),B20,B20
4,Chapter 4,"Endocrine, nutritional and metabolic diseases",excludes1,transitory endocrine and metabolic disorders specific to newborn (P70-P74),P70-P74,P70
4,E00,Congenital iodine-deficiency syndrome,excludes1,subclinical iodine-deficiency hypothyroidism (E02),E02,E02
4,E01,Iodine-deficiency related thyroid disorders and allied conditions,excludes1,congenital iodine-deficiency syndrome (E00.-),E00.-,E00
4,E01,Iodine-deficiency related thyroid disorders and allied conditions,excludes1,subclinical iodine-deficiency hypothyroidism (E02),E02,E02
4,E03,Other hypothyroidism,excludes1,iodine-deficiency related hypothyroidism (E00-E02),E00-E02,E00
4,E03,Other hypothyroidism,excludes1,postprocedural hypothyroidism (E89.0),E89.0,E89
4,E03.0,Congenital hypothyroidism with diffuse goiter,excludes1,transitory congenital goiter with normal function (P72.0),P72.0,P72
4,E03.4,Atrophy of thyroid (acquired),excludes1,congenital atrophy of thyroid (E03.1),E03.1,E03
4,E04,Other nontoxic goiter,excludes1,congenital goiter (NOS) (diffuse) (parenchymatous) (E03.0),E03.0,E03
4,E04,Other nontoxic goiter,excludes1,iodine-deficiency related goiter (E00-E02),E00-E02,E00
4,E05,Thyrotoxicosis [hyperthyroidism],excludes1,chronic thyroiditis with transient thyrotoxicosis (E06.2),E06.2,E06
4,E05,Thyrotoxicosis [hyperthyroidism],excludes1,neonatal thyrotoxicosis (P72.1),P72.1,P72
4,E06,Thyroiditis,excludes1,postpartum thyroiditis (O90.5),O90.5,O90
4,E06.1,Subacute thyroiditis,excludes1,autoimmune thyroiditis (E06.3),E06.3,E06
4,E06.2,Chronic thyroiditis with transient thyrotoxicosis,excludes1,autoimmune thyroiditis (E06.3),E06.3,E06
4,E07.1,Dyshormogenetic goiter,excludes1,transitory congenital goiter with normal function (P72.0),P72.0,P72
4,E08,Diabetes mellitus due to underlying condition,excludes1,drug or chemical induced diabetes mellitus (E09.-),E09.-,E09
4,E08,Diabetes mellitus due to underlying condition,excludes1,gestational diabetes (O24.4-),O24.4-,O24
4,E08,Diabetes mellitus due to underlying condition,excludes1,neonatal diabetes mellitus (P70.2),P70.2,P70
4,E08,Diabetes mellitus due to underlying condition,excludes1,postpancreatectomy diabetes mellitus (E13.-),E13.-,E13
4,E08,Diabetes mellitus due to underlying condition,excludes1,postprocedural diabetes mellitus (E13.-),E13.-,E13
4,E08,Diabetes mellitus due to underlying condition,excludes1,secondary diabetes mellitus NEC (E13.-),E13.-,E13
4,E08,Diabetes mellitus due to underlying condition,excludes1,type 1 diabetes mellitus (E10.-),E10.-,E10
4,E08,Diabetes mellitus due to underlying condition,excludes1,type 2 diabetes mellitus (E11.-),E11.-,E11
4,E09,Drug or chemical induced diabetes mellitus,excludes1,diabetes mellitus due to underlying condition (E08.-),E08.-,E08
4,E09,Drug or chemical induced diabetes mellitus,excludes1,gestational diabetes (O24.4-),O24.4-,O24
4,E09,Drug or chemical induced diabetes mellitus,excludes1,neonatal diabetes mellitus (P70.2),P70.2,P70
4,E09,Drug or chemical induced diabetes mellitus,excludes1,postpancreatectomy diabetes mellitus (E13.-),E13.-,E13
4,E09,Drug or chemical induced diabetes mellitus,excludes1,postprocedural diabetes mellitus (E13.-),E13.-,E13
4,E09,Drug or chemical induced diabetes mellitus,excludes1,secondary diabetes mellitus NEC (E13.-),E13.-,E13
4,E09,Drug or chemical induced diabetes mellitus,excludes1,type 1 diabetes mellitus (E10.-),E10.-,E10
4,E09,Drug or chemical induced diabetes mellitus,excludes1,type 2 diabetes mellitus (E11.-),E11.-,E11
4,E10,Type 1 diabetes mellitus,excludes1,diabetes mellitus due to underlying condition (E08.-),E08.-,E08
4,E10,Type 1 diabetes mellitus,excludes1,drug or chemical induced diabetes mellitus (E09.-),E09.-,E09
4,E10,Type 1 diabetes mellitus,excludes1,gestational diabetes (O24.4-),O24.4-,O24
4,E10,Type 1 diabetes mellitus,excludes1,hyperglycemia NOS (R73.9),R73.9,R73
4,E10,Type 1 diabetes mellitus,excludes1,neonatal diabetes mellitus (P70.2),P70.2,P70
4,E10,Type 1 diabetes mellitus,excludes1,postpancreatectomy diabetes mellitus (E13.-),E13.-,E13
4,E10,Type 1 diabetes mellitus,excludes1,postprocedural diabetes mellitus (E13.-),E13.-,E13
4,E10,Type 1 diabetes mellitus,excludes1,secondary diabetes mellitus NEC (E13.-),E13.-,E13
4,E10,Type 1 diabetes mellitus,excludes1,type 2 diabetes mellitus (E11.-),E11.-,E11
4,E11,Type 2 diabetes mellitus,excludes1,diabetes mellitus due to underlying condition (E08.-),E08.-,E08
4,E11,Type 2 diabetes mellitus,excludes1,drug or chemical induced diabetes mellitus (E09.-),E09.-,E09
4,E11,Type 2 diabetes mellitus,excludes1,gestational diabetes (O24.4-),O24.4-,O24
4,E11,Type 2 diabetes mellitus,excludes1,neonatal diabetes mellitus (P70.2),P70.2,P70
4,E11,Type 2 diabetes mellitus,excludes1,postpancreatectomy diabetes mellitus (E13.-),E13.-,E13
4,E11,Type 2 diabetes mellitus,excludes1,postprocedural diabetes mellitus (E13.-),E13.-,E13
4,E11,Type 2 diabetes mellitus,excludes1,secondary diabetes mellitus NEC (E13.-),E13.-,E13
4,E11,Type 2 diabetes mellitus,excludes1,type 1 diabetes mellitus (E10.-),E10.-,E10
4,E11.9,Type 2 diabetes mellitus without complications,excludes1,"type 2 diabetes mellitus, without complications in remission (E11.A)",E11.A,E11
4,E11.A,Type 2 diabetes mellitus without complications in remission,excludes1,"type 2 diabetes mellitus, with complications  (E11.0-E11.8)",E11.0-E11.8,E11
4,E11.A,Type 2 diabetes mellitus without complications in remission,excludes1,"type 2 diabetes mellitus, without complications not in remission (E11.9)",E11.9,E11
4,E13,Other specified diabetes mellitus,excludes1,diabetes (mellitus) due to autoimmune process (E10.-),E10.-,E10
4,E13,Other specified diabetes mellitus,excludes1,diabetes (mellitus) due to immune mediated pancreatic islet beta-cell destruction (E10.-),E10.-,E10
4,E13,Other specified diabetes mellitus,excludes1,diabetes mellitus due to underlying condition (E08.-),E08.-,E08
4,E13,Other specified diabetes mellitus,excludes1,drug or chemical induced diabetes mellitus (E09.-),E09.-,E09
4,E13,Other specified diabetes mellitus,excludes1,gestational diabetes (O24.4-),O24.4-,O24
4,E13,Other specified diabetes mellitus,excludes1,neonatal diabetes mellitus (P70.2),P70.2,P70
4,E13,Other specified diabetes mellitus,excludes1,type 1 diabetes mellitus (E10.-),E10.-,E10
4,E16.0,Drug-induced hypoglycemia without coma,excludes1,diabetes with hypoglycemia without coma (E09.649),E09.649,E09
4,E16.1,Other hypoglycemia,excludes1,"diabetes with hypoglycemia (E08.649, E10.649, E11.649, E13.649)",E08.649; E10.649; E11.649; E13.649,E08; E10; E11; E13
4,E16.1,Other hypoglycemia,excludes1,hypoglycemia in infant of diabetic mother (P70.1),P70.1,P70
4,E16.1,Other hypoglycemia,excludes1,neonatal hypoglycemia (P70.4),P70.4,P70
4,E16.2,"Hypoglycemia, unspecified",excludes1,"diabetes with hypoglycemia (E08.649, E10.649, E11.649, E13.649)",E08.649; E10.649; E11.649; E13.649,E08; E10; E11; E13
4,Block E20-E35,Disorders of other endocrine glands (E20-E35),excludes1,galactorrhea (N64.3),N64.3,N64
4,Block E20-E35,Disorders of other endocrine glands (E20-E35),excludes1,gynecomastia (N62),N62,N62
4,E20,Hypoparathyroidism,excludes1,Di George's syndrome (D82.1),D82.1,D82
4,E20,Hypoparathyroidism,excludes1,postprocedural hypoparathyroidism (E89.2),E89.2,E89
4,E20,Hypoparathyroidism,excludes1,tetany NOS (R29.0),R29.0,R29
4,E20,Hypoparathyroidism,excludes1,transitory neonatal hypoparathyroidism (P71.4),P71.4,P71
4,E21,Hyperparathyroidism and other disorders of parathyroid gland,excludes1,adult osteomalacia (M83.-),M83.-,M83
4,E21,Hyperparathyroidism and other disorders of parathyroid gland,excludes1,ectopic hyperparathyroidism (E34.2),E34.2,E34
4,E21,Hyperparathyroidism and other disorders of parathyroid gland,excludes1,hungry bone syndrome (E83.81),E83.81,E83
4,E21,Hyperparathyroidism and other disorders of parathyroid gland,excludes1,infantile and juvenile osteomalacia (E55.0),E55.0,E55
4,E21.1,"Secondary hyperparathyroidism, not elsewhere classified",excludes1,secondary hyperparathyroidism of renal origin (N25.81),N25.81,N25
4,E22,Hyperfunction of pituitary gland,excludes1,Cushing's syndrome (E24.-),E24.-,E24
4,E22,Hyperfunction of pituitary gland,excludes1,Nelson's syndrome (E24.1),E24.1,E24
4,E22,Hyperfunction of pituitary gland,excludes1,overproduction of ACTH not associated with Cushing's disease (E27.0),E27.0,E27
4,E22,Hyperfunction of pituitary gland,excludes1,overproduction of pituitary ACTH (E24.0),E24.0,E24
4,E22,Hyperfunction of pituitary gland,excludes1,overproduction of thyroid-stimulating hormone (E05.8-),E05.8-,E05
4,E22.0,Acromegaly and pituitary gigantism,excludes1,constitutional gigantism (E34.4),E34.4,E34
4,E22.0,Acromegaly and pituitary gigantism,excludes1,constitutional tall stature (E34.4),E34.4,E34
4,E22.0,Acromegaly and pituitary gigantism,excludes1,increased secretion from endocrine pancreas of growth hormone-releasing hormone (E16.8),E16.8,E16
4,E23,Hypofunction and other disorders of the pituitary gland,excludes1,postprocedural hypopituitarism (E89.3),E89.3,E89
4,E23,Hypofunction and other disorders of the pituitary gland,excludes1,short stature due to endocrine disorder (E34.3-),E34.3-,E34
4,E23.2,Diabetes insipidus,excludes1,nephrogenic diabetes insipidus (N25.1),N25.1,N25
4,E23.3,"Hypothalamic dysfunction, not elsewhere classified",excludes1,Prader-Willi syndrome (Q87.11),Q87.11,Q87
4,E23.3,"Hypothalamic dysfunction, not elsewhere classified",excludes1,Russell-Silver syndrome (Q87.19),Q87.19,Q87
4,E24,Cushing's syndrome,excludes1,congenital adrenal hyperplasia (E25.0),E25.0,E25
4,E25,Adrenogenital disorders,excludes1,indeterminate sex and pseudohermaphroditism (Q56),Q56,Q56
4,E25,Adrenogenital disorders,excludes1,chromosomal abnormalities (Q90-Q99),Q90-Q99,Q90
4,E27.0,Other adrenocortical overactivity,excludes1,Cushing's syndrome (E24.-),E24.-,E24
4,E27.1,Primary adrenocortical insufficiency,excludes1,Addison only phenotype adrenoleukodystrophy (E71.528),E71.528,E71
4,E27.1,Primary adrenocortical insufficiency,excludes1,amyloidosis (E85.-),E85.-,E85
4,E27.1,Primary adrenocortical insufficiency,excludes1,tuberculous Addison's disease (A18.7),A18.7,A18
4,E27.1,Primary adrenocortical insufficiency,excludes1,Waterhouse-Friderichsen syndrome (A39.1),A39.1,A39
4,E27.4,Other and unspecified adrenocortical insufficiency,excludes1,adrenoleukodystrophy [Addison-Schilder] (E71.528),E71.528,E71
4,E27.4,Other and unspecified adrenocortical insufficiency,excludes1,Waterhouse-Friderichsen syndrome (A39.1),A39.1,A39
4,E28,Ovarian dysfunction,excludes1,isolated gonadotropin deficiency (E23.0),E23.0,E23
4,E28,Ovarian dysfunction,excludes1,postprocedural ovarian failure (E89.4-),E89.4-,E89
4,E28.3,Primary ovarian failure,excludes1,pure gonadal dysgenesis (Q99.1),Q99.1,Q99
4,E28.3,Primary ovarian failure,excludes1,Turner's syndrome (Q96.-),Q96.-,Q96
4,E28.8,Other ovarian dysfunction,excludes1,postprocedural ovarian failure (E89.4-),E89.4-,E89
4,E29,Testicular dysfunction,excludes1,androgen insensitivity syndrome (E34.5-),E34.5-,E34
4,E29,Testicular dysfunction,excludes1,azoospermia or oligospermia NOS (N46.0-N46.1),N46.0-N46.1,N46
4,E29,Testicular dysfunction,excludes1,isolated gonadotropin deficiency (E23.0),E23.0,E23
4,E29,Testicular dysfunction,excludes1,"Klinefelter's syndrome (Q98.0-Q98.1, Q98.4)",Q98.0-Q98.1; Q98.4,Q98
4,E29.1,Testicular hypofunction,excludes1,postprocedural testicular hypofunction (E89.5),E89.5,E89
4,E30.1,Precocious puberty,excludes1,Albright (-McCune) (-Sternberg) syndrome (Q78.1),Q78.1,Q78
4,E30.1,Precocious puberty,excludes1,central precocious puberty (E22.8),E22.8,E22
4,E30.1,Precocious puberty,excludes1,congenital adrenal hyperplasia (E25.0),E25.0,E25
4,E30.1,Precocious puberty,excludes1,female heterosexual precocious pseudopuberty (E25.-),E25.-,E25
4,E30.1,Precocious puberty,excludes1,male isosexual precocious pseudopuberty (E25.-),E25.-,E25
4,E31,Polyglandular dysfunction,excludes1,ataxia telangiectasia [Louis-Bar] (G11.3),G11.3,G11
4,E31,Polyglandular dysfunction,excludes1,dystrophia myotonica [Steinert] (G71.11),G71.11,G71
4,E31,Polyglandular dysfunction,excludes1,pseudohypoparathyroidism (E20.1),E20.1,E20
4,E31.1,Polyglandular hyperfunction,excludes1,multiple endocrine adenomatosis (E31.2-),E31.2-,E31
4,E31.1,Polyglandular hyperfunction,excludes1,multiple endocrine neoplasia (E31.2-),E31.2-,E31
4,E32,Diseases of thymus,excludes1,aplasia or hypoplasia of thymus with immunodeficiency (D82.1),D82.1,D82
4,E32,Diseases of thymus,excludes1,myasthenia gravis (G70.0),G70.0,G70
4,E32.8,Other diseases of thymus,excludes1,aplasia or hypoplasia with immunodeficiency (D82.1),D82.1,D82
4,E32.8,Other diseases of thymus,excludes1,thymoma (D15.0),D15.0,D15
4,E34,Other endocrine disorders,excludes1,pseudohypoparathyroidism (E20.1),E20.1,E20
4,E34.2,"Ectopic hormone secretion, not elsewhere classified",excludes1,ectopic ACTH syndrome (E24.3),E24.3,E24
4,E34.3,Short stature due to endocrine disorder,excludes1,achondroplastic short stature (Q77.4),Q77.4,Q77
4,E34.3,Short stature due to endocrine disorder,excludes1,hypochondroplastic short stature (Q77.4),Q77.4,Q77
4,E34.3,Short stature due to endocrine disorder,excludes1,nutritional short stature (E45),E45,E45
4,E34.3,Short stature due to endocrine disorder,excludes1,pituitary short stature (E23.0),E23.0,E23
4,E34.3,Short stature due to endocrine disorder,excludes1,progeria (E34.8),E34.8,E34
4,E34.3,Short stature due to endocrine disorder,excludes1,renal short stature (N25.0),N25.0,N25
4,E34.3,Short stature due to endocrine disorder,excludes1,Russell-Silver syndrome (Q87.19),Q87.19,Q87
4,E34.3,Short stature due to endocrine disorder,excludes1,short-limbed stature with immunodeficiency (D82.2),D82.2,D82
4,E34.3,Short stature due to endocrine disorder,excludes1,short stature (child) (R62.52),R62.52,R62
4,E34.3,Short stature due to endocrine disorder,excludes1,short stature in specific dysmorphic syndromes - code to syndrome - see Alphabetical Index,,
4,E34.3,Short stature due to endocrine disorder,excludes1,short stature NOS (R62.52),R62.52,R62
4,E35,Disorders of endocrine glands in diseases classified elsewhere,excludes1,Echinococcus granulosus infection of thyroid gland (B67.3),B67.3,B67
4,E35,Disorders of endocrine glands in diseases classified elsewhere,excludes1,meningococcal hemorrhagic adrenalitis (A39.1),A39.1,A39
4,E35,Disorders of endocrine glands in diseases classified elsewhere,excludes1,syphilis of endocrine gland (A52.79),A52.79,A52
4,E35,Disorders of endocrine glands in diseases classified elsewhere,excludes1,"tuberculosis of adrenal gland, except calcification (A18.7)",A18.7,A18
4,E35,Disorders of endocrine glands in diseases classified elsewhere,excludes1,tuberculosis of endocrine gland NEC (A18.82),A18.82,A18
4,E35,Disorders of endocrine glands in diseases classified elsewhere,excludes1,tuberculosis of thyroid gland (A18.81),A18.81,A18
4,E35,Disorders of endocrine glands in diseases classified elsewhere,excludes1,Waterhouse-Friderichsen syndrome (A39.1),A39.1,A39
4,E36.0,Intraoperative hemorrhage and hematoma of an endocrine system organ or structure complicating a procedure,excludes1,intraoperative hemorrhage and hematoma of an endocrine system organ or structure due to accidental puncture or laceration during a procedure (E36.1-),E36.1-,E36
4,Block E40-E46,Malnutrition (E40-E46),excludes1,intestinal malabsorption (K90.-),K90.-,K90
4,Block E40-E46,Malnutrition (E40-E46),excludes1,sequelae of protein-calorie malnutrition (E64.0),E64.0,E64
4,E40,Kwashiorkor,excludes1,marasmic kwashiorkor (E42),E42,E42
4,E41,Nutritional marasmus,excludes1,marasmic kwashiorkor (E42),E42,E42
4,E46,Unspecified protein-calorie malnutrition,excludes1,nutritional deficiency NOS (E63.9),E63.9,E63
4,E50,Vitamin A deficiency,excludes1,sequelae of vitamin A deficiency (E64.1),E64.1,E64
4,E51,Thiamine deficiency,excludes1,sequelae of thiamine deficiency (E64.8),E64.8,E64
4,E52,Niacin deficiency [pellagra],excludes1,sequelae of niacin deficiency (E64.8),E64.8,E64
4,E53,Deficiency of other B group vitamins,excludes1,sequelae of vitamin B deficiency (E64.8),E64.8,E64
4,E53.1,Pyridoxine deficiency,excludes1,pyridoxine-responsive sideroblastic anemia (D64.3),D64.3,D64
4,E53.8,Deficiency of other specified B group vitamins,excludes1,folate deficiency anemia (D52.-),D52.-,D52
4,E54,Ascorbic acid deficiency,excludes1,scorbutic anemia (D53.2),D53.2,D53
4,E54,Ascorbic acid deficiency,excludes1,sequelae of vitamin C deficiency (E64.2),E64.2,E64
4,E55,Vitamin D deficiency,excludes1,adult osteomalacia (M83.-),M83.-,M83
4,E55,Vitamin D deficiency,excludes1,osteoporosis (M80.-),M80.-,M80
4,E55,Vitamin D deficiency,excludes1,sequelae of rickets (E64.3),E64.3,E64
4,E55.0,"Rickets, active",excludes1,celiac rickets (K90.0),K90.0,K90
4,E55.0,"Rickets, active",excludes1,Crohn's rickets (K50.-),K50.-,K50
4,E55.0,"Rickets, active",excludes1,hereditary vitamin D-dependent rickets (E83.32),E83.32,E83
4,E55.0,"Rickets, active",excludes1,inactive rickets (E64.3),E64.3,E64
4,E55.0,"Rickets, active",excludes1,renal rickets (N25.0),N25.0,N25
4,E55.0,"Rickets, active",excludes1,sequelae of rickets (E64.3),E64.3,E64
4,E55.0,"Rickets, active",excludes1,vitamin D-resistant rickets (E83.31),E83.31,E83
4,E56,Other vitamin deficiencies,excludes1,sequelae of other vitamin deficiencies (E64.8),E64.8,E64
4,E56.1,Deficiency of vitamin K,excludes1,deficiency of coagulation factor due to vitamin K deficiency (D68.4),D68.4,D68
4,E56.1,Deficiency of vitamin K,excludes1,vitamin K deficiency of newborn (P53),P53,P53
4,E58,Dietary calcium deficiency,excludes1,disorders of calcium metabolism (E83.5-),E83.5-,E83
4,E58,Dietary calcium deficiency,excludes1,sequelae of calcium deficiency (E64.8),E64.8,E64
4,E59,Dietary selenium deficiency,excludes1,sequelae of selenium deficiency (E64.8),E64.8,E64
4,E61,Deficiency of other nutrient elements,excludes1,disorders of mineral metabolism (E83.-),E83.-,E83
4,E61,Deficiency of other nutrient elements,excludes1,iodine deficiency related thyroid disorders (E00-E02),E00-E02,E00
4,E61,Deficiency of other nutrient elements,excludes1,sequelae of malnutrition and other nutritional deficiencies (E64.-),E64.-,E64
4,E61.1,Iron deficiency,excludes1,iron deficiency anemia (D50.-),D50.-,D50
4,E66.01,Morbid (severe) obesity due to excess calories,excludes1,morbid (severe) obesity with alveolar hypoventilation (E66.2),E66.2,E66
4,E67,Other hyperalimentation,excludes1,hyperalimentation NOS (R63.2),R63.2,R63
4,E67,Other hyperalimentation,excludes1,sequelae of hyperalimentation (E68),E68,E68
4,Block E70-E88,Metabolic disorders (E70-E88),excludes1,androgen insensitivity syndrome (E34.5-),E34.5-,E34
4,Block E70-E88,Metabolic disorders (E70-E88),excludes1,congenital adrenal hyperplasia (E25.0),E25.0,E25
4,Block E70-E88,Metabolic disorders (E70-E88),excludes1,hemolytic anemias attributable to enzyme disorders (D55.-),D55.-,D55
4,Block E70-E88,Metabolic disorders (E70-E88),excludes1,Marfan syndrome (Q87.4-),Q87.4-,Q87
4,Block E70-E88,Metabolic disorders (E70-E88),excludes1,5-alpha-reductase deficiency (E29.1),E29.1,E29
4,E70.2,Disorders of tyrosine metabolism,excludes1,transitory tyrosinemia of newborn (P74.5),P74.5,P74
4,E70.32,Oculocutaneous albinism,excludes1,Chediak-Higashi syndrome (E70.330),E70.330,E70
4,E70.32,Oculocutaneous albinism,excludes1,Hermansky-Pudlak syndrome (E70.331),E70.331,E70
4,E71.3,Disorders of fatty-acid metabolism,excludes1,peroxisomal disorders (E71.5),E71.5,E71
4,E71.3,Disorders of fatty-acid metabolism,excludes1,Refsum's disease (G60.1),G60.1,G60
4,E71.3,Disorders of fatty-acid metabolism,excludes1,Schilder's disease (G37.0),G37.0,G37
4,E71.313,Glutaric aciduria type II,excludes1,glutaric aciduria (type 1) NOS (E72.3),E72.3,E72
4,E71.4,Disorders of carnitine metabolism,excludes1,Muscle carnitine palmitoyltransferase deficiency (E71.314),E71.314,E71
4,E71.5,Peroxisomal disorders,excludes1,Schilder's disease (G37.0),G37.0,G37
4,E71.51,Disorders of peroxisome biogenesis,excludes1,Refsum's disease (G60.1),G60.1,G60
4,E71.511,Neonatal adrenoleukodystrophy,excludes1,X-linked adrenoleukodystrophy (E71.42-),E71.42-,E71
4,E72,Other disorders of amino-acid metabolism,excludes1,disorders of:,,
4,E72,Other disorders of amino-acid metabolism,excludes1,aromatic amino-acid metabolism (E70.-),E70.-,E70
4,E72,Other disorders of amino-acid metabolism,excludes1,branched-chain amino-acid metabolism (E71.0-E71.2),E71.0-E71.2,E71
4,E72,Other disorders of amino-acid metabolism,excludes1,fatty-acid metabolism (E71.3),E71.3,E71
4,E72,Other disorders of amino-acid metabolism,excludes1,purine and pyrimidine metabolism (E79.-),E79.-,E79
4,E72,Other disorders of amino-acid metabolism,excludes1,"gout (M1A.-, M10.-)",M1A.-; M10.-,M10; M1A
4,E72.0,Disorders of amino-acid transport,excludes1,disorders of tryptophan metabolism (E70.5),E70.5,E70
4,E72.04,Cystinosis,excludes1,Fanconi (-de Toni) (-Debré) syndrome without cystinosis (E72.09),E72.09,E72
4,E72.1,Disorders of sulfur-bearing amino-acid metabolism,excludes1,cystinosis (E72.04),E72.04,E72
4,E72.1,Disorders of sulfur-bearing amino-acid metabolism,excludes1,cystinuria (E72.01),E72.01,E72
4,E72.1,Disorders of sulfur-bearing amino-acid metabolism,excludes1,transcobalamin II deficiency (D51.2),D51.2,D51
4,E72.2,Disorders of urea cycle metabolism,excludes1,disorders of ornithine metabolism (E72.4),E72.4,E72
4,E72.20,"Disorder of urea cycle metabolism, unspecified",excludes1,hyperammonemia-hyperornithinemia-homocitrullinemia syndrome E72.4,,
4,E72.20,"Disorder of urea cycle metabolism, unspecified",excludes1,transient hyperammonemia of newborn (P74.6),P74.6,P74
4,E72.3,Disorders of lysine and hydroxylysine metabolism,excludes1,glutaric aciduria type II (E71.313),E71.313,E71
4,E72.3,Disorders of lysine and hydroxylysine metabolism,excludes1,Refsum's disease (G60.1),G60.1,G60
4,E72.3,Disorders of lysine and hydroxylysine metabolism,excludes1,Zellweger syndrome (E71.510),E71.510,E71
4,E72.4,Disorders of ornithine metabolism,excludes1,hereditary choroidal dystrophy (H31.2-),H31.2-,H31
4,E72.53,Primary hyperoxaluria,excludes1,secondary hyperoxaluria (E72.54-),E72.54-,E72
4,E72.54,Secondary hyperoxaluria,excludes1,primary hyperoxaluria (E72.53-),E72.53-,E72
4,E74,Other disorders of carbohydrate metabolism,excludes1,diabetes mellitus (E08-E13),E08-E13,E08
4,E74,Other disorders of carbohydrate metabolism,excludes1,hypoglycemia NOS (E16.2),E16.2,E16
4,E74,Other disorders of carbohydrate metabolism,excludes1,increased secretion of glucagon (E16.3),E16.3,E16
4,E74,Other disorders of carbohydrate metabolism,excludes1,mucopolysaccharidosis (E76.0-E76.3),E76.0-E76.3,E76
4,E74.1,Disorders of fructose metabolism,excludes1,muscle phosphofructokinase deficiency (E74.09),E74.09,E74
4,E74.4,Disorders of pyruvate metabolism and gluconeogenesis,excludes1,disorders of pyruvate metabolism and gluconeogenesis with anemia (D55.-),D55.-,D55
4,E74.4,Disorders of pyruvate metabolism and gluconeogenesis,excludes1,Leigh's syndrome (G31.82),G31.82,G31
4,E75,Disorders of sphingolipid metabolism and other lipid storage disorders,excludes1,"mucolipidosis, types I-III (E77.0-E77.1)",E77.0-E77.1,E77
4,E75,Disorders of sphingolipid metabolism and other lipid storage disorders,excludes1,Refsum's disease (G60.1),G60.1,G60
4,E75.2,Other sphingolipidosis,excludes1,adrenoleukodystrophy [Addison-Schilder] (E71.528),E71.528,E71
4,E78,Disorders of lipoprotein metabolism and other lipidemias,excludes1,sphingolipidosis (E75.0-E75.3),E75.0-E75.3,E75
4,E78.2,Mixed hyperlipidemia,excludes1,cerebrotendinous cholesterosis [van Bogaert-Scherer- Epstein] (E75.5),E75.5,E75
4,E78.2,Mixed hyperlipidemia,excludes1,familial combined hyperlipidemia (E78.49),E78.49,E78
4,E78.7,Disorders of bile acid and cholesterol metabolism,excludes1,Niemann-Pick disease type C (E75.242),E75.242,E75
4,E79,Disorders of purine and pyrimidine metabolism,excludes1,Ataxia-telangiectasia (Q87.19),Q87.19,Q87
4,E79,Disorders of purine and pyrimidine metabolism,excludes1,Bloom's syndrome (Q82.8),Q82.8,Q82
4,E79,Disorders of purine and pyrimidine metabolism,excludes1,Cockayne's syndrome (Q87.19),Q87.19,Q87
4,E79,Disorders of purine and pyrimidine metabolism,excludes1,calculus of kidney (N20.0),N20.0,N20
4,E79,Disorders of purine and pyrimidine metabolism,excludes1,combined immunodeficiency disorders (D81.-),D81.-,D81
4,E79,Disorders of purine and pyrimidine metabolism,excludes1,Fanconi's anemia (D61.09),D61.09,D61
4,E79,Disorders of purine and pyrimidine metabolism,excludes1,"gout (M1A.-, M10.-)",M1A.-; M10.-,M10; M1A
4,E79,Disorders of purine and pyrimidine metabolism,excludes1,orotaciduric anemia (D53.0),D53.0,D53
4,E79,Disorders of purine and pyrimidine metabolism,excludes1,progeria (E34.8),E34.8,E34
4,E79,Disorders of purine and pyrimidine metabolism,excludes1,Werner's syndrome (E34.8),E34.8,E34
4,E79,Disorders of purine and pyrimidine metabolism,excludes1,xeroderma pigmentosum (Q82.1),Q82.1,Q82
4,E83,Disorders of mineral metabolism,excludes1,dietary mineral deficiency (E58-E61),E58-E61,E58
4,E83,Disorders of mineral metabolism,excludes1,parathyroid disorders (E20-E21),E20-E21,E20
4,E83,Disorders of mineral metabolism,excludes1,vitamin D deficiency (E55.-),E55.-,E55
4,E83.1,Disorders of iron metabolism,excludes1,iron deficiency anemia (D50.-),D50.-,D50
4,E83.1,Disorders of iron metabolism,excludes1,sideroblastic anemia (D64.0-D64.3),D64.0-D64.3,D64
4,E83.11,Hemochromatosis,excludes1,GALD (P78.84),P78.84,P78
4,E83.11,Hemochromatosis,excludes1,Gestational alloimmune liver disease (P78.84),P78.84,P78
4,E83.11,Hemochromatosis,excludes1,Neonatal hemochromatosis (P78.84),P78.84,P78
4,E83.3,Disorders of phosphorus metabolism and phosphatases,excludes1,adult osteomalacia (M83.-),M83.-,M83
4,E83.3,Disorders of phosphorus metabolism and phosphatases,excludes1,osteoporosis (M80.-),M80.-,M80
4,E83.31,Familial hypophosphatemia,excludes1,vitamin D-deficiency rickets (E55.0),E55.0,E55
4,E83.5,Disorders of calcium metabolism,excludes1,autoimmune hypoparathyroidism (E20.812),E20.812,E20
4,E83.5,Disorders of calcium metabolism,excludes1,autosomal dominant hypocalcemia (E20.810),E20.810,E20
4,E83.5,Disorders of calcium metabolism,excludes1,chondrocalcinosis (M11.1-M11.2),M11.1-M11.2,M11
4,E83.5,Disorders of calcium metabolism,excludes1,hungry bone syndrome (E83.81),E83.81,E83
4,E83.5,Disorders of calcium metabolism,excludes1,hyperparathyroidism (E21.0-E21.3),E21.0-E21.3,E21
4,E83.5,Disorders of calcium metabolism,excludes1,secondary hypoparathyroidism in diseases classified elsewhere (E20.811),E20.811,E20
4,E84.11,Meconium ileus in cystic fibrosis,excludes1,meconium ileus not due to cystic fibrosis (P76.0),P76.0,P76
4,E86,Volume depletion,excludes1,dehydration of newborn (P74.1),P74.1,P74
4,E86,Volume depletion,excludes1,postprocedural hypovolemic shock (T81.19),T81.19,T81
4,E86,Volume depletion,excludes1,traumatic hypovolemic shock (T79.4),T79.4,T79
4,E87,"Other disorders of fluid, electrolyte and acid-base balance",excludes1,diabetes insipidus (E23.2),E23.2,E23
4,E87,"Other disorders of fluid, electrolyte and acid-base balance",excludes1,electrolyte imbalance associated with hyperemesis gravidarum (O21.1),O21.1,O21
4,E87,"Other disorders of fluid, electrolyte and acid-base balance",excludes1,electrolyte imbalance following ectopic or molar pregnancy (O08.5),O08.5,O08
4,E87,"Other disorders of fluid, electrolyte and acid-base balance",excludes1,familial periodic paralysis (G72.3),G72.3,G72
4,E87,"Other disorders of fluid, electrolyte and acid-base balance",excludes1,"metabolic acidemia in newborn, unspecified (P19.9)",P19.9,P19
4,E87.1,Hypo-osmolality and hyponatremia,excludes1,syndrome of inappropriate secretion of antidiuretic hormone (E22.2),E22.2,E22
4,E87.2,Acidosis,excludes1,"diabetic acidosis - see categories E08-E10, E11, E13 with ketoacidosis",,
4,E87.7,Fluid overload,excludes1,edema NOS (R60.9),R60.9,R60
4,E87.7,Fluid overload,excludes1,fluid retention (R60.9),R60.9,R60
4,E88,Other and unspecified metabolic disorders,excludes1,histiocytosis X (chronic) (C96.6),C96.6,C96
4,E88.0,"Disorders of plasma-protein metabolism, not elsewhere classified",excludes1,monoclonal gammopathy (of undetermined significance) (D47.2),D47.2,D47
4,E88.0,"Disorders of plasma-protein metabolism, not elsewhere classified",excludes1,polyclonal hypergammaglobulinemia (D89.0),D89.0,D89
4,E88.0,"Disorders of plasma-protein metabolism, not elsewhere classified",excludes1,Waldenström macroglobulinemia (C88.00),C88.00,C88
4,E88.1,"Lipodystrophy, not elsewhere classified",excludes1,Whipple's disease (K90.81),K90.81,K90
4,E88.4,Mitochondrial metabolism disorders,excludes1,disorders of pyruvate metabolism (E74.4),E74.4,E74
4,E88.4,Mitochondrial metabolism disorders,excludes1,Kearns-Sayre syndrome (H49.81),H49.81,H49
4,E88.4,Mitochondrial metabolism disorders,excludes1,Leber's disease (H47.22),H47.22,H47
4,E88.4,Mitochondrial metabolism disorders,excludes1,Leigh's encephalopathy (G31.82),G31.82,G31
4,E88.4,Mitochondrial metabolism disorders,excludes1,"Mitochondrial myopathy, NEC (G71.3)",G71.3,G71
4,E88.4,Mitochondrial metabolism disorders,excludes1,Reye's syndrome (G93.7),G93.7,G93
4,E88.89,Other specified metabolic disorders,excludes1,adult pulmonary Langerhans cell histiocytosis (J84.82),J84.82,J84
4,E88.A,Wasting disease (syndrome) due to underlying condition,excludes1,cachexia NOS (R64),R64,R64
4,E88.A,Wasting disease (syndrome) due to underlying condition,excludes1,nutritional marasmus (E41),E41,E41
4,E89.1,Postprocedural hypoinsulinemia,excludes1,transient postprocedural hyperglycemia (R73.9),R73.9,R73
4,E89.1,Postprocedural hypoinsulinemia,excludes1,transient postprocedural hypoglycemia (E16.2),E16.2,E16
5,F01.A,"Vascular dementia, mild",excludes1,mild neurocognitive disorder due to known physiological condition with or without behavioral disturbance (F06.7-),F06.7-,F06
5,F02,Dementia in other diseases classified elsewhere,excludes1,mild neurocognitive disorder due to known physiological condition with or without behavioral disturbance (F06.7-),F06.7-,F06
5,F02.A,"Dementia in other diseases classified elsewhere, mild",excludes1,mild neurocognitive disorder due to known physiological condition with or without behavioral disturbance (F06.7-),F06.7-,F06
5,F03.A,"Unspecified dementia, mild",excludes1,mild neurocognitive disorder due to known physiological condition with or without behavioral disturbance (F06.7-),F06.7-,F06
5,F04,Amnestic disorder due to known physiological condition,excludes1,amnesia NOS (R41.3),R41.3,R41
5,F04,Amnestic disorder due to known physiological condition,excludes1,anterograde amnesia (R41.1),R41.1,R41
5,F04,Amnestic disorder due to known physiological condition,excludes1,dissociative amnesia (F44.0),F44.0,F44
5,F04,Amnestic disorder due to known physiological condition,excludes1,retrograde amnesia (R41.2),R41.2,R41
5,F05,Delirium due to known physiological condition,excludes1,delirium NOS (R41.0),R41.0,R41
5,F06,Other mental disorders due to known physiological condition,excludes1,unspecified dementia (F03.-),F03.-,F03
5,F06.1,Catatonic disorder due to known physiological condition,excludes1,catatonic stupor (R40.1),R40.1,R40
5,F06.1,Catatonic disorder due to known physiological condition,excludes1,stupor NOS (R40.1),R40.1,R40
5,F06.7,Mild neurocognitive disorder due to known physiological condition,excludes1,age related cognitive decline (R41.81),R41.81,R41
5,F06.7,Mild neurocognitive disorder due to known physiological condition,excludes1,altered mental status (R41.82),R41.82,R41
5,F06.7,Mild neurocognitive disorder due to known physiological condition,excludes1,cerebral degeneration (G31.9),G31.9,G31
5,F06.7,Mild neurocognitive disorder due to known physiological condition,excludes1,change in mental status (R41.82),R41.82,R41
5,F06.7,Mild neurocognitive disorder due to known physiological condition,excludes1,"cognitive deficits following (sequelae of) cerebral hemorrhage or infarction (I69.01-I69.11-, I69.21-I69.31-, I69.81- I69.91-)",I69.01-I69.11-; I69.21-I69.31-; I69.81-I69.91-,I69
5,F06.7,Mild neurocognitive disorder due to known physiological condition,excludes1,"dementia (F01.-, F02.-, F03.-)",F01.-; F02.-; F03.-,F01; F02; F03
5,F06.7,Mild neurocognitive disorder due to known physiological condition,excludes1,mild cognitive impairment due to unknown or unspecified etiology (G31.84),G31.84,G31
5,F06.7,Mild neurocognitive disorder due to known physiological condition,excludes1,neurologic neglect syndrome (R41.4),R41.4,R41
5,F06.7,Mild neurocognitive disorder due to known physiological condition,excludes1,"personality change, nonpsychotic (F68.8)",F68.8,F68
5,F07.0,Personality change due to known physiological condition,excludes1,mild cognitive impairment (G31.84),G31.84,G31
5,F07.0,Personality change due to known physiological condition,excludes1,postconcussional syndrome (F07.81),F07.81,F07
5,F07.0,Personality change due to known physiological condition,excludes1,postencephalitic syndrome (F07.89),F07.89,F07
5,F07.0,Personality change due to known physiological condition,excludes1,signs and symptoms involving emotional state (R45.-),R45.-,R45
5,F07.81,Postconcussional syndrome,excludes1,current concussion (brain) (S06.0X- with seventh character A),,
5,F07.81,Postconcussional syndrome,excludes1,postencephalitic syndrome (F07.89),F07.89,F07
5,F09,Unspecified mental disorder due to known physiological condition,excludes1,mild neurocognitive disorder due to known physiological condition (F06.7-),F06.7-,F06
5,F09,Unspecified mental disorder due to known physiological condition,excludes1,psychosis NOS (F29),F29,F29
5,F10.1,Alcohol abuse,excludes1,alcohol dependence (F10.2-),F10.2-,F10
5,F10.1,Alcohol abuse,excludes1,"alcohol use, unspecified (F10.9-)",F10.9-,F10
5,F10.2,Alcohol dependence,excludes1,alcohol abuse (F10.1-),F10.1-,F10
5,F10.2,Alcohol dependence,excludes1,"alcohol use, unspecified (F10.9-)",F10.9-,F10
5,F10.9,"Alcohol use, unspecified",excludes1,alcohol abuse (F10.1-),F10.1-,F10
5,F10.9,"Alcohol use, unspecified",excludes1,alcohol dependence (F10.2-),F10.2-,F10
5,F11.1,Opioid abuse,excludes1,opioid dependence (F11.2-),F11.2-,F11
5,F11.1,Opioid abuse,excludes1,"opioid use, unspecified (F11.9-)",F11.9-,F11
5,F11.2,Opioid dependence,excludes1,opioid abuse (F11.1-),F11.1-,F11
5,F11.2,Opioid dependence,excludes1,"opioid use, unspecified (F11.9-)",F11.9-,F11
5,F11.22,Opioid dependence with intoxication,excludes1,opioid dependence with withdrawal (F11.23),F11.23,F11
5,F11.23,Opioid dependence with withdrawal,excludes1,opioid dependence with intoxication (F11.22-),F11.22-,F11
5,F11.9,"Opioid use, unspecified",excludes1,opioid abuse (F11.1-),F11.1-,F11
5,F11.9,"Opioid use, unspecified",excludes1,opioid dependence (F11.2-),F11.2-,F11
5,F11.92,"Opioid use, unspecified with intoxication",excludes1,"opioid use, unspecified with withdrawal (F11.93)",F11.93,F11
5,F11.93,"Opioid use, unspecified with withdrawal",excludes1,"opioid use, unspecified with intoxication (F11.92-)",F11.92-,F11
5,F12.1,Cannabis abuse,excludes1,cannabis dependence (F12.2-),F12.2-,F12
5,F12.1,Cannabis abuse,excludes1,"cannabis use, unspecified (F12.9-)",F12.9-,F12
5,F12.2,Cannabis dependence,excludes1,cannabis abuse (F12.1-),F12.1-,F12
5,F12.2,Cannabis dependence,excludes1,"cannabis use, unspecified (F12.9-)",F12.9-,F12
5,F12.9,"Cannabis use, unspecified",excludes1,cannabis abuse (F12.1-),F12.1-,F12
5,F12.9,"Cannabis use, unspecified",excludes1,cannabis dependence (F12.2-),F12.2-,F12
5,F13.1,"Sedative, hypnotic or anxiolytic-related abuse",excludes1,"sedative, hypnotic or anxiolytic-related dependence (F13.2-)",F13.2-,F13
5,F13.1,"Sedative, hypnotic or anxiolytic-related abuse",excludes1,"sedative, hypnotic, or anxiolytic use, unspecified (F13.9-)",F13.9-,F13
5,F13.2,"Sedative, hypnotic or anxiolytic-related dependence",excludes1,"sedative, hypnotic or anxiolytic-related abuse (F13.1-)",F13.1-,F13
5,F13.2,"Sedative, hypnotic or anxiolytic-related dependence",excludes1,"sedative, hypnotic, or anxiolytic use, unspecified (F13.9-)",F13.9-,F13
5,F13.22,"Sedative, hypnotic or anxiolytic dependence with intoxication",excludes1,"sedative, hypnotic or anxiolytic dependence with withdrawal (F13.23-)",F13.23-,F13
5,F13.23,"Sedative, hypnotic or anxiolytic dependence with withdrawal",excludes1,"sedative, hypnotic or anxiolytic dependence with intoxication (F13.22-)",F13.22-,F13
5,F13.9,"Sedative, hypnotic or anxiolytic-related use, unspecified",excludes1,"sedative, hypnotic or anxiolytic-related abuse (F13.1-)",F13.1-,F13
5,F13.9,"Sedative, hypnotic or anxiolytic-related use, unspecified",excludes1,"sedative, hypnotic or anxiolytic-related dependence (F13.2-)",F13.2-,F13
5,F13.92,"Sedative, hypnotic or anxiolytic use, unspecified with intoxication",excludes1,"sedative, hypnotic or anxiolytic use, unspecified with withdrawal (F13.93-)",F13.93-,F13
5,F13.93,"Sedative, hypnotic or anxiolytic use, unspecified with withdrawal",excludes1,"sedative, hypnotic or anxiolytic use, unspecified with intoxication (F13.92-)",F13.92-,F13
5,F14.1,Cocaine abuse,excludes1,cocaine dependence (F14.2-),F14.2-,F14
5,F14.1,Cocaine abuse,excludes1,"cocaine use, unspecified (F14.9-)",F14.9-,F14
5,F14.2,Cocaine dependence,excludes1,cocaine abuse (F14.1-),F14.1-,F14
5,F14.2,Cocaine dependence,excludes1,"cocaine use, unspecified (F14.9-)",F14.9-,F14
5,F14.22,Cocaine dependence with intoxication,excludes1,cocaine dependence with withdrawal (F14.23),F14.23,F14
5,F14.23,Cocaine dependence with withdrawal,excludes1,cocaine dependence with intoxication (F14.22-),F14.22-,F14
5,F14.9,"Cocaine use, unspecified",excludes1,cocaine abuse (F14.1-),F14.1-,F14
5,F14.9,"Cocaine use, unspecified",excludes1,cocaine dependence (F14.2-),F14.2-,F14
5,F15.1,Other stimulant abuse,excludes1,other stimulant dependence (F15.2-),F15.2-,F15
5,F15.1,Other stimulant abuse,excludes1,"other stimulant use, unspecified (F15.9-)",F15.9-,F15
5,F15.2,Other stimulant dependence,excludes1,other stimulant abuse (F15.1-),F15.1-,F15
5,F15.2,Other stimulant dependence,excludes1,"other stimulant use, unspecified (F15.9-)",F15.9-,F15
5,F15.22,Other stimulant dependence with intoxication,excludes1,other stimulant dependence with withdrawal (F15.23),F15.23,F15
5,F15.23,Other stimulant dependence with withdrawal,excludes1,other stimulant dependence with intoxication (F15.22-),F15.22-,F15
5,F15.9,"Other stimulant use, unspecified",excludes1,other stimulant abuse (F15.1-),F15.1-,F15
5,F15.9,"Other stimulant use, unspecified",excludes1,other stimulant dependence (F15.2-),F15.2-,F15
5,F15.92,"Other stimulant use, unspecified with intoxication",excludes1,"other stimulant use, unspecified with withdrawal (F15.93)",F15.93,F15
5,F15.93,"Other stimulant use, unspecified with withdrawal",excludes1,"other stimulant use, unspecified with intoxication (F15.92-)",F15.92-,F15
5,F16.1,Hallucinogen abuse,excludes1,hallucinogen dependence (F16.2-),F16.2-,F16
5,F16.1,Hallucinogen abuse,excludes1,"hallucinogen use, unspecified (F16.9-)",F16.9-,F16
5,F16.2,Hallucinogen dependence,excludes1,hallucinogen abuse (F16.1-),F16.1-,F16
5,F16.2,Hallucinogen dependence,excludes1,"hallucinogen use, unspecified (F16.9-)",F16.9-,F16
5,F16.9,"Hallucinogen use, unspecified",excludes1,hallucinogen abuse (F16.1-),F16.1-,F16
5,F16.9,"Hallucinogen use, unspecified",excludes1,hallucinogen dependence (F16.2-),F16.2-,F16
5,F17,Nicotine dependence,excludes1,history of tobacco dependence (Z87.891),Z87.891,Z87
5,F17,Nicotine dependence,excludes1,tobacco use NOS (Z72.0),Z72.0,Z72
5,F18.1,Inhalant abuse,excludes1,inhalant dependence (F18.2-),F18.2-,F18
5,F18.1,Inhalant abuse,excludes1,"inhalant use, unspecified (F18.9-)",F18.9-,F18
5,F18.2,Inhalant dependence,excludes1,inhalant abuse (F18.1-),F18.1-,F18
5,F18.2,Inhalant dependence,excludes1,"inhalant use, unspecified (F18.9-)",F18.9-,F18
5,F18.9,"Inhalant use, unspecified",excludes1,inhalant abuse (F18.1-),F18.1-,F18
5,F18.9,"Inhalant use, unspecified",excludes1,inhalant dependence (F18.2-),F18.2-,F18
5,F19.1,Other psychoactive substance abuse,excludes1,other psychoactive substance dependence (F19.2-),F19.2-,F19
5,F19.1,Other psychoactive substance abuse,excludes1,"other psychoactive substance use, unspecified (F19.9-)",F19.9-,F19
5,F19.2,Other psychoactive substance dependence,excludes1,other psychoactive substance abuse (F19.1-),F19.1-,F19
5,F19.2,Other psychoactive substance dependence,excludes1,"other psychoactive substance use, unspecified (F19.9-)",F19.9-,F19
5,F19.22,Other psychoactive substance dependence with intoxication,excludes1,other psychoactive substance dependence with withdrawal (F19.23-),F19.23-,F19
5,F19.23,Other psychoactive substance dependence with withdrawal,excludes1,other psychoactive substance dependence with intoxication (F19.22-),F19.22-,F19
5,F19.9,"Other psychoactive substance use, unspecified",excludes1,other psychoactive substance abuse (F19.1-),F19.1-,F19
5,F19.9,"Other psychoactive substance use, unspecified",excludes1,other psychoactive substance dependence (F19.2-),F19.2-,F19
5,F19.92,"Other psychoactive substance use, unspecified with intoxication",excludes1,"other psychoactive substance use, unspecified with withdrawal (F19.93)",F19.93,F19
5,F19.93,"Other psychoactive substance use, unspecified with withdrawal",excludes1,"other psychoactive substance use, unspecified with intoxication (F19.92-)",F19.92-,F19
5,F20,Schizophrenia,excludes1,brief psychotic disorder (F23),F23,F23
5,F20,Schizophrenia,excludes1,cyclic schizophrenia (F25.0),F25.0,F25
5,F20,Schizophrenia,excludes1,"mood [affective] disorders with psychotic symptoms (F30.2, F31.2, F31.5, F31.64, F32.3, F33.3)",F30.2; F31.2; F31.5; F31.64; F32.3; F33.3,F30; F31; F32; F33
5,F20,Schizophrenia,excludes1,schizoaffective disorder (F25.-),F25.-,F25
5,F20,Schizophrenia,excludes1,schizophrenic reaction NOS (F23),F23,F23
5,F20.0,Paranoid schizophrenia,excludes1,involutional paranoid state (F22),F22,F22
5,F20.0,Paranoid schizophrenia,excludes1,paranoia (F22),F22,F22
5,F20.2,Catatonic schizophrenia,excludes1,catatonic stupor (R40.1),R40.1,R40
5,F20.3,Undifferentiated schizophrenia,excludes1,acute schizophrenia-like psychotic disorder (F23),F23,F23
5,F22,Delusional disorders,excludes1,"mood [affective] disorders with psychotic symptoms (F30.2, F31.2, F31.5, F31.64, F32.3, F33.3)",F30.2; F31.2; F31.5; F31.64; F32.3; F33.3,F30; F31; F32; F33
5,F22,Delusional disorders,excludes1,paranoid schizophrenia (F20.0),F20.0,F20
5,F25,Schizoaffective disorders,excludes1,"mood [affective] disorders with psychotic symptoms (F30.2, F31.2, F31.5, F31.64, F32.3, F33.3)",F30.2; F31.2; F31.5; F31.64; F32.3; F33.3,F30; F31; F32; F33
5,F25,Schizoaffective disorders,excludes1,schizophrenia (F20.-),F20.-,F20
5,F29,Unspecified psychosis not due to a substance or known physiological condition,excludes1,mental disorder NOS (F99),F99,F99
5,F29,Unspecified psychosis not due to a substance or known physiological condition,excludes1,unspecified mental disorder due to known physiological condition (F09),F09,F09
5,F30,Manic episode,excludes1,bipolar disorder (F31.-),F31.-,F31
5,F30,Manic episode,excludes1,"major depressive disorder, single episode (F32.-)",F32.-,F32
5,F30,Manic episode,excludes1,"major depressive disorder, recurrent (F33.-)",F33.-,F33
5,F31,Bipolar disorder,excludes1,"bipolar disorder, single manic episode (F30.-)",F30.-,F30
5,F31,Bipolar disorder,excludes1,"major depressive disorder, single episode (F32.-)",F32.-,F32
5,F31,Bipolar disorder,excludes1,"major depressive disorder, recurrent (F33.-)",F33.-,F33
5,F32,Depressive episode,excludes1,bipolar disorder (F31.-),F31.-,F31
5,F32,Depressive episode,excludes1,manic episode (F30.-),F30.-,F30
5,F32,Depressive episode,excludes1,recurrent depressive disorder (F33.-),F33.-,F33
5,F32.81,Premenstrual dysphoric disorder,excludes1,premenstrual tension syndrome (N94.3),N94.3,N94
5,F33,"Major depressive disorder, recurrent",excludes1,bipolar disorder (F31.-),F31.-,F31
5,F33,"Major depressive disorder, recurrent",excludes1,manic episode (F30.-),F30.-,F30
5,F40.01,Agoraphobia with panic disorder,excludes1,panic disorder without agoraphobia (F41.0),F41.0,F41
5,F41.0,Panic disorder [episodic paroxysmal anxiety],excludes1,panic disorder with agoraphobia (F40.01),F40.01,F40
5,F42.4,Excoriation (skin-picking) disorder,excludes1,factitial dermatitis (L98.1),L98.1,L98
5,F42.4,Excoriation (skin-picking) disorder,excludes1,other specified behavioral and emotional disorders with onset usually occurring in early childhood and adolescence (F98.8),F98.8,F98
5,F44.0,Dissociative amnesia,excludes1,amnesia NOS (R41.3),R41.3,R41
5,F44.0,Dissociative amnesia,excludes1,anterograde amnesia (R41.1),R41.1,R41
5,F44.0,Dissociative amnesia,excludes1,dissociative amnesia with dissociative fugue (F44.1),F44.1,F44
5,F44.0,Dissociative amnesia,excludes1,retrograde amnesia (R41.2),R41.2,R41
5,F44.2,Dissociative stupor,excludes1,catatonic stupor (R40.1),R40.1,R40
5,F44.2,Dissociative stupor,excludes1,stupor NOS (R40.1),R40.1,R40
5,F45.4,Pain disorders related to psychological factors,excludes1,pain NOS (R52),R52,R52
5,F45.8,Other somatoform disorders,excludes1,sleep related teeth grinding (G47.63),G47.63,G47
5,F50,Eating disorders,excludes1,anorexia NOS (R63.0),R63.0,R63
5,F50,Eating disorders,excludes1,feeding problems of newborn (P92.-),P92.-,P92
5,F50,Eating disorders,excludes1,polyphagia (R63.2),R63.2,R63
5,F50.0,Anorexia nervosa,excludes1,loss of appetite (R63.0),R63.0,R63
5,F50.0,Anorexia nervosa,excludes1,psychogenic loss of appetite (F50.89),F50.89,F50
5,F50.02,"Anorexia nervosa, binge eating/purging type",excludes1,bulimia nervosa (F50.2-),F50.2-,F50
5,F50.2,Bulimia nervosa,excludes1,"anorexia nervosa, binge eating/purging type (F50.02-)",F50.02-,F50
5,F50.83,Pica in adults,excludes1,pica in infancy and childhood (F98.3),F98.3,F98
5,F50.84,Rumination disorder in adults,excludes1,rumination disorder in infancy and childhood (F98.21),F98.21,F98
5,F51.12,Insufficient sleep syndrome,excludes1,sleep deprivation (Z72.820),Z72.820,Z72
5,F52.0,Hypoactive sexual desire disorder,excludes1,decreased libido (R68.82),R68.82,R68
5,F52.21,Male erectile disorder,excludes1,impotence of organic origin (N52.-),N52.-,N52
5,F52.21,Male erectile disorder,excludes1,impotence NOS (N52.-),N52.-,N52
5,F53,"Mental and behavioral disorders associated with the puerperium, not elsewhere classified",excludes1,"mood disorders with psychotic features (F30.2, F31.2, F31.5, F31.64, F32.3, F33.3)",F30.2; F31.2; F31.5; F31.64; F32.3; F33.3,F30; F31; F32; F33
5,F53,"Mental and behavioral disorders associated with the puerperium, not elsewhere classified",excludes1,postpartum dysphoria (O90.6),O90.6,O90
5,F53,"Mental and behavioral disorders associated with the puerperium, not elsewhere classified",excludes1,"psychosis in schizophrenia, schizotypal, delusional, and other psychotic disorders (F20-F29)",F20-F29,F20
5,F60.2,Antisocial personality disorder,excludes1,conduct disorders (F91.-),F91.-,F91
5,F63.0,Pathological gambling,excludes1,gambling and betting NOS (Z72.6),Z72.6,Z72
5,F63.2,Kleptomania,excludes1,shoplifting as the reason for observation for suspected mental disorder (Z03.8),Z03.8,Z03
5,F64.0,Transsexualism,excludes1,gender identity disorder of childhood (F64.2),F64.2,F64
5,F64.1,Dual role transvestism,excludes1,gender identity disorder in childhood (F64.2),F64.2,F64
5,F64.2,Gender identity disorder of childhood,excludes1,gender identity disorder in adolescence and adulthood (F64.0),F64.0,F64
5,Block F70-F79,Intellectual Disabilities (F70-F79),excludes1,"borderline intellectual functioning, IQ above 70 to 84 (R41.83)",R41.83,R41
5,F80.0,Phonological disorder,excludes1,speech articulation impairment due to aphasia NOS (R47.01),R47.01,R47
5,F80.0,Phonological disorder,excludes1,speech articulation impairment due to apraxia (R48.2),R48.2,R48
5,F80.1,Expressive language disorder,excludes1,mixed receptive-expressive language disorder (F80.2),F80.2,F80
5,F80.1,Expressive language disorder,excludes1,dysphasia and aphasia NOS (R47.-),R47.-,R47
5,F80.2,Mixed receptive-expressive language disorder,excludes1,central auditory processing disorder (H93.25),H93.25,H93
5,F80.2,Mixed receptive-expressive language disorder,excludes1,dysphasia or aphasia NOS (R47.-),R47.-,R47
5,F80.2,Mixed receptive-expressive language disorder,excludes1,expressive language disorder (F80.1),F80.1,F80
5,F80.2,Mixed receptive-expressive language disorder,excludes1,expressive type dysphasia or aphasia (F80.1),F80.1,F80
5,F80.2,Mixed receptive-expressive language disorder,excludes1,word deafness (H93.25),H93.25,H93
5,F80.81,Childhood onset fluency disorder,excludes1,adult onset fluency disorder (F98.5),F98.5,F98
5,F80.81,Childhood onset fluency disorder,excludes1,fluency disorder in conditions classified elsewhere (R47.82),R47.82,R47
5,F80.81,Childhood onset fluency disorder,excludes1,fluency disorder (stuttering) following cerebrovascular disease (I69. with final characters -23),,
5,F80.82,Social pragmatic communication disorder,excludes1,Asperger's syndrome (F84.5),F84.5,F84
5,F80.82,Social pragmatic communication disorder,excludes1,autistic disorder (F84.0),F84.0,F84
5,F81.0,Specific reading disorder,excludes1,alexia NOS (R48.0),R48.0,R48
5,F81.0,Specific reading disorder,excludes1,dyslexia NOS (R48.0),R48.0,R48
5,F81.2,Mathematics disorder,excludes1,acalculia NOS (R48.8),R48.8,R48
5,F82,Specific developmental disorder of motor function,excludes1,abnormalities of gait and mobility (R26.-),R26.-,R26
5,F82,Specific developmental disorder of motor function,excludes1,lack of coordination (R27.-),R27.-,R27
5,F84.0,Autistic disorder,excludes1,Asperger's syndrome (F84.5),F84.5,F84
5,F84.2,Rett's syndrome,excludes1,Asperger's syndrome (F84.5),F84.5,F84
5,F84.2,Rett's syndrome,excludes1,Autistic disorder (F84.0),F84.0,F84
5,F84.2,Rett's syndrome,excludes1,Other childhood disintegrative disorder (F84.3),F84.3,F84
5,F84.3,Other childhood disintegrative disorder,excludes1,Asperger's syndrome (F84.5),F84.5,F84
5,F84.3,Other childhood disintegrative disorder,excludes1,Autistic disorder (F84.0),F84.0,F84
5,F84.3,Other childhood disintegrative disorder,excludes1,Rett's syndrome (F84.2),F84.2,F84
5,F91,Conduct disorders,excludes1,antisocial behavior (Z72.81-),Z72.81-,Z72
5,F91,Conduct disorders,excludes1,antisocial personality disorder (F60.2),F60.2,F60
5,F94.1,Reactive attachment disorder of childhood,excludes1,disinhibited attachment disorder of childhood (F94.2),F94.2,F94
5,F94.1,Reactive attachment disorder of childhood,excludes1,normal variation in pattern of selective attachment,,
5,F94.2,Disinhibited attachment disorder of childhood,excludes1,reactive attachment disorder of childhood (F94.1),F94.1,F94
5,F98.0,Enuresis not due to a substance or known physiological condition,excludes1,enuresis NOS (R32),R32,R32
5,F98.1,Encopresis not due to a substance or known physiological condition,excludes1,encopresis NOS (R15.-),R15.-,R15
5,F98.21,Rumination disorder of infancy and childhood,excludes1,rumination disorder in adults (F50.84),F50.84,F50
5,F98.3,Pica of infancy and childhood,excludes1,pica in adults (F50.83),F50.83,F50
5,F98.4,Stereotyped movement disorders,excludes1,abnormal involuntary movements (R25.-),R25.-,R25
5,F98.5,Adult onset fluency disorder,excludes1,childhood onset fluency disorder (F80.81),F80.81,F80
5,F98.5,Adult onset fluency disorder,excludes1,dysphasia (R47.02),R47.02,R47
5,F98.5,Adult onset fluency disorder,excludes1,fluency disorder in conditions classified elsewhere (R47.82),R47.82,R47
5,F98.5,Adult onset fluency disorder,excludes1,fluency disorder (stuttering) following cerebrovascular disease (I69. with final characters -23),,
5,F98.5,Adult onset fluency disorder,excludes1,tic disorders (F95.-),F95.-,F95
5,F99,"Mental disorder, not otherwise specified",excludes1,unspecified mental disorder due to known physiological condition (F09),F09,F09
6,G00,"Bacterial meningitis, not elsewhere classified",excludes1,bacterial meningoencephalitis (G04.2),G04.2,G04
6,G00,"Bacterial meningitis, not elsewhere classified",excludes1,bacterial meningomyelitis (G04.2),G04.2,G04
6,G01,Meningitis in bacterial diseases classified elsewhere,excludes1,meningitis (in):,,
6,G01,Meningitis in bacterial diseases classified elsewhere,excludes1,gonococcal (A54.81),A54.81,A54
6,G01,Meningitis in bacterial diseases classified elsewhere,excludes1,leptospirosis (A27.81),A27.81,A27
6,G01,Meningitis in bacterial diseases classified elsewhere,excludes1,listeriosis (A32.11),A32.11,A32
6,G01,Meningitis in bacterial diseases classified elsewhere,excludes1,Lyme disease (A69.21),A69.21,A69
6,G01,Meningitis in bacterial diseases classified elsewhere,excludes1,meningococcal (A39.0),A39.0,A39
6,G01,Meningitis in bacterial diseases classified elsewhere,excludes1,neurosyphilis (A52.13),A52.13,A52
6,G01,Meningitis in bacterial diseases classified elsewhere,excludes1,tuberculosis (A17.0),A17.0,A17
6,G01,Meningitis in bacterial diseases classified elsewhere,excludes1,meningoencephalitis and meningomyelitis in bacterial diseases classified elsewhere (G05),G05,G05
6,G02,Meningitis in other infectious and parasitic diseases classified elsewhere,excludes1,candidal meningitis (B37.5),B37.5,B37
6,G02,Meningitis in other infectious and parasitic diseases classified elsewhere,excludes1,coccidioidomycosis meningitis (B38.4),B38.4,B38
6,G02,Meningitis in other infectious and parasitic diseases classified elsewhere,excludes1,cryptococcal meningitis (B45.1),B45.1,B45
6,G02,Meningitis in other infectious and parasitic diseases classified elsewhere,excludes1,herpesviral [herpes simplex] meningitis (B00.3),B00.3,B00
6,G02,Meningitis in other infectious and parasitic diseases classified elsewhere,excludes1,infectious mononucleosis complicated by meningitis (B27.- with fifth character 2),,
6,G02,Meningitis in other infectious and parasitic diseases classified elsewhere,excludes1,measles complicated by meningitis (B05.1),B05.1,B05
6,G02,Meningitis in other infectious and parasitic diseases classified elsewhere,excludes1,meningoencephalitis and meningomyelitis in other infectious and parasitic diseases classified elsewhere (G05),G05,G05
6,G02,Meningitis in other infectious and parasitic diseases classified elsewhere,excludes1,mumps meningitis (B26.1),B26.1,B26
6,G02,Meningitis in other infectious and parasitic diseases classified elsewhere,excludes1,rubella meningitis (B06.02),B06.02,B06
6,G02,Meningitis in other infectious and parasitic diseases classified elsewhere,excludes1,varicella [chickenpox] meningitis (B01.0),B01.0,B01
6,G02,Meningitis in other infectious and parasitic diseases classified elsewhere,excludes1,zoster meningitis (B02.1),B02.1,B02
6,G03,Meningitis due to other and unspecified causes,excludes1,meningoencephalitis (G04.-),G04.-,G04
6,G03,Meningitis due to other and unspecified causes,excludes1,meningomyelitis (G04.-),G04.-,G04
6,G04,"Encephalitis, myelitis and encephalomyelitis",excludes1,encephalopathy NOS (G93.40),G93.40,G93
6,G04.0,Acute disseminated encephalitis and encephalomyelitis (ADEM),excludes1,acute necrotizing hemorrhagic encephalopathy (G04.3-),G04.3-,G04
6,G04.0,Acute disseminated encephalitis and encephalomyelitis (ADEM),excludes1,other noninfectious acute disseminated encephalomyelitis (noninfectious ADEM) (G04.81),G04.81,G04
6,G04.01,Postinfectious acute disseminated encephalitis and encephalomyelitis (postinfectious ADEM),excludes1,post chickenpox encephalitis (B01.1),B01.1,B01
6,G04.01,Postinfectious acute disseminated encephalitis and encephalomyelitis (postinfectious ADEM),excludes1,post measles encephalitis (B05.0),B05.0,B05
6,G04.01,Postinfectious acute disseminated encephalitis and encephalomyelitis (postinfectious ADEM),excludes1,post measles myelitis (B05.1),B05.1,B05
6,G04.3,Acute necrotizing hemorrhagic encephalopathy,excludes1,acute disseminated encephalitis and encephalomyelitis (G04.0-),G04.0-,G04
6,G04.82,Acute flaccid myelitis,excludes1,transverse myelitis (G37.3),G37.3,G37
6,G05,"Encephalitis, myelitis and encephalomyelitis in diseases classified elsewhere",excludes1,"adenoviral encephalitis, myelitis and encephalomyelitis (A85.1)",A85.1,A85
6,G05,"Encephalitis, myelitis and encephalomyelitis in diseases classified elsewhere",excludes1,"encephalitis, myelitis and encephalomyelitis (in) measles (B05.0)",B05.0,B05
6,G05,"Encephalitis, myelitis and encephalomyelitis in diseases classified elsewhere",excludes1,"enteroviral encephalitis, myelitis and encephalomyelitis (A85.0)",A85.0,A85
6,G05,"Encephalitis, myelitis and encephalomyelitis in diseases classified elsewhere",excludes1,"herpesviral [herpes simplex] encephalitis, myelitis and encephalomyelitis (B00.4)",B00.4,B00
6,G05,"Encephalitis, myelitis and encephalomyelitis in diseases classified elsewhere",excludes1,"listerial encephalitis, myelitis and encephalomyelitis (A32.12)",A32.12,A32
6,G05,"Encephalitis, myelitis and encephalomyelitis in diseases classified elsewhere",excludes1,"meningococcal encephalitis, myelitis and encephalomyelitis (A39.81)",A39.81,A39
6,G05,"Encephalitis, myelitis and encephalomyelitis in diseases classified elsewhere",excludes1,"mumps encephalitis, myelitis and encephalomyelitis (B26.2)",B26.2,B26
6,G05,"Encephalitis, myelitis and encephalomyelitis in diseases classified elsewhere",excludes1,"postchickenpox encephalitis, myelitis and encephalomyelitis (B01.1-)",B01.1-,B01
6,G05,"Encephalitis, myelitis and encephalomyelitis in diseases classified elsewhere",excludes1,"rubella encephalitis, myelitis and encephalomyelitis (B06.01)",B06.01,B06
6,G05,"Encephalitis, myelitis and encephalomyelitis in diseases classified elsewhere",excludes1,"toxoplasmosis encephalitis, myelitis and encephalomyelitis (B58.2)",B58.2,B58
6,G05,"Encephalitis, myelitis and encephalomyelitis in diseases classified elsewhere",excludes1,"zoster encephalitis, myelitis and encephalomyelitis (B02.0)",B02.0,B02
6,G06.0,Intracranial abscess and granuloma,excludes1,tuberculous intracranial abscess and granuloma (A17.81),A17.81,A17
6,G06.1,Intraspinal abscess and granuloma,excludes1,tuberculous intraspinal abscess and granuloma (A17.81),A17.81,A17
6,G07,Intracranial and intraspinal abscess and granuloma in diseases classified elsewhere,excludes1,abscess of brain:,,
6,G07,Intracranial and intraspinal abscess and granuloma in diseases classified elsewhere,excludes1,amebic (A06.6),A06.6,A06
6,G07,Intracranial and intraspinal abscess and granuloma in diseases classified elsewhere,excludes1,chromomycotic (B43.1),B43.1,B43
6,G07,Intracranial and intraspinal abscess and granuloma in diseases classified elsewhere,excludes1,gonococcal (A54.82),A54.82,A54
6,G07,Intracranial and intraspinal abscess and granuloma in diseases classified elsewhere,excludes1,tuberculous (A17.81),A17.81,A17
6,G07,Intracranial and intraspinal abscess and granuloma in diseases classified elsewhere,excludes1,tuberculoma of meninges (A17.1),A17.1,A17
6,G08,Intracranial and intraspinal phlebitis and thrombophlebitis,excludes1,intracranial phlebitis and thrombophlebitis complicating:,,
6,G08,Intracranial and intraspinal phlebitis and thrombophlebitis,excludes1,"abortion, ectopic or molar pregnancy (O00-O07, O08.7)",O00-O07; O08.7,O00; O08
6,G08,Intracranial and intraspinal phlebitis and thrombophlebitis,excludes1,"pregnancy, childbirth and the puerperium (O22.5, O87.3)",O22.5; O87.3,O22; O87
6,G08,Intracranial and intraspinal phlebitis and thrombophlebitis,excludes1,nonpyogenic intracranial phlebitis and thrombophlebitis (I67.6),I67.6,I67
6,G14,Postpolio syndrome,excludes1,sequelae of poliomyelitis (B91),B91,B91
6,G20.B,Parkinson's disease with dyskinesia,excludes1,drug induced dystonia (G24.0-),G24.0-,G24
6,G20.C,"Parkinsonism, unspecified",excludes1,Parkinson's disease NOS (G20.A1),G20.A1,G20
6,G20.C,"Parkinsonism, unspecified",excludes1,Parkinson's disease with dyskinesia (G20.B-),G20.B-,G20
6,G20.C,"Parkinsonism, unspecified",excludes1,Parkinson's disease without dyskinesia (G20.A-),G20.A-,G20
6,G20.C,"Parkinsonism, unspecified",excludes1,secondary parkinsonism (G21.-),G21.-,G21
6,G21,Secondary parkinsonism,excludes1,Huntington's disease (G10),G10,G10
6,G21,Secondary parkinsonism,excludes1,neurocognitive disorder with Lewy bodies (G31.83),G31.83,G31
6,G21,Secondary parkinsonism,excludes1,Shy-Drager syndrome (G90.3),G90.3,G90
6,G21,Secondary parkinsonism,excludes1,syphilitic Parkinsonism (A52.19),A52.19,A52
6,G21.0,Malignant neuroleptic syndrome,excludes1,neuroleptic induced parkinsonism (G21.11),G21.11,G21
6,G21.11,Neuroleptic induced parkinsonism,excludes1,malignant neuroleptic syndrome (G21.0),G21.0,G21
6,G24.3,Spasmodic torticollis,excludes1,congenital torticollis (Q68.0),Q68.0,Q68
6,G24.3,Spasmodic torticollis,excludes1,hysterical torticollis (F44.4),F44.4,F44
6,G24.3,Spasmodic torticollis,excludes1,ocular torticollis (R29.891),R29.891,R29
6,G24.3,Spasmodic torticollis,excludes1,psychogenic torticollis (F45.8),F45.8,F45
6,G24.3,Spasmodic torticollis,excludes1,torticollis NOS (M43.6),M43.6,M43
6,G24.3,Spasmodic torticollis,excludes1,traumatic recurrent torticollis (S13.4),S13.4,S13
6,G24.4,Idiopathic orofacial dystonia,excludes1,drug induced orofacial dyskinesia (G24.01),G24.01,G24
6,G24.5,Blepharospasm,excludes1,drug induced blepharospasm (G24.01),G24.01,G24
6,G25.0,Essential tremor,excludes1,tremor NOS (R25.1),R25.1,R25
6,G25.3,Myoclonus,excludes1,facial myokymia (G51.4),G51.4,G51
6,G25.3,Myoclonus,excludes1,myoclonic epilepsy (G40.-),G40.-,G40
6,G25.5,Other chorea,excludes1,chorea NOS with heart involvement (I02.0),I02.0,I02
6,G25.5,Other chorea,excludes1,Huntington's chorea (G10),G10,G10
6,G25.5,Other chorea,excludes1,rheumatic chorea (I02.-),I02.-,I02
6,G25.5,Other chorea,excludes1,Sydenham's chorea (I02.-),I02.-,I02
6,G25.69,Other tics of organic origin,excludes1,habit spasm (F95.9),F95.9,F95
6,G25.69,Other tics of organic origin,excludes1,tic NOS (F95.9),F95.9,F95
6,G25.69,Other tics of organic origin,excludes1,Tourette's syndrome (F95.2),F95.2,F95
6,G30,Alzheimer's disease,excludes1,senile degeneration of brain NEC (G31.1),G31.1,G31
6,G30,Alzheimer's disease,excludes1,senile dementia NOS (F03.-),F03.-,F03
6,G30,Alzheimer's disease,excludes1,senility NOS (R41.81),R41.81,R41
6,G31.1,"Senile degeneration of brain, not elsewhere classified",excludes1,Alzheimer's disease (G30.-),G30.-,G30
6,G31.1,"Senile degeneration of brain, not elsewhere classified",excludes1,senility NOS (R41.81),R41.81,R41
6,G31.84,Mild cognitive impairment of uncertain or unknown etiology,excludes1,age related cognitive decline (R41.81),R41.81,R41
6,G31.84,Mild cognitive impairment of uncertain or unknown etiology,excludes1,altered mental status (R41.82),R41.82,R41
6,G31.84,Mild cognitive impairment of uncertain or unknown etiology,excludes1,cerebral degeneration (G31.9),G31.9,G31
6,G31.84,Mild cognitive impairment of uncertain or unknown etiology,excludes1,cerebrovascular diseases (I60-I69),I60-I69,I60
6,G31.84,Mild cognitive impairment of uncertain or unknown etiology,excludes1,change in mental status (R41.82),R41.82,R41
6,G31.84,Mild cognitive impairment of uncertain or unknown etiology,excludes1,"cognitive deficits following (sequelae of) cerebral hemorrhage or infarction (I69.01-, I69.11-, I69.21-, I69.31-, I69.81-, I69.91-)",I69.01-; I69.11-; I69.21-; I69.31-; I69.81-; I69.91-,I69
6,G31.84,Mild cognitive impairment of uncertain or unknown etiology,excludes1,cognitive impairment due to intracranial or head injury (S06.-),S06.-,S06
6,G31.84,Mild cognitive impairment of uncertain or unknown etiology,excludes1,"dementia (F01.-, F02.-, F03.-)",F01.-; F02.-; F03.-,F01; F02; F03
6,G31.84,Mild cognitive impairment of uncertain or unknown etiology,excludes1,mild neurocognitive disorder due to a known physiological condition (F06.7-),F06.7-,F06
6,G31.84,Mild cognitive impairment of uncertain or unknown etiology,excludes1,neurologic neglect syndrome (R41.4),R41.4,R41
6,G31.84,Mild cognitive impairment of uncertain or unknown etiology,excludes1,"personality change, nonpsychotic (F68.8)",F68.8,F68
6,G32.0,Subacute combined degeneration of spinal cord in diseases classified elsewhere,excludes1,syphilitic combined degeneration of spinal cord (A52.11),A52.11,A52
6,G32.8,Other specified degenerative disorders of nervous system in diseases classified elsewhere,excludes1,superior hemorrhagic polioencephalitis [Wernicke's encephalopathy] (E51.2),E51.2,E51
6,G32.81,Cerebellar ataxia in diseases classified elsewhere,excludes1,systemic atrophy primarily affecting the central nervous system in alcoholic cerebellar ataxia (G31.2),G31.2,G31
6,G32.81,Cerebellar ataxia in diseases classified elsewhere,excludes1,systemic atrophy primarily affecting the central nervous system in myxedema (G13.2),G13.2,G13
6,G35.A,Relapsing-remitting multiple sclerosis,excludes1,"demyelinating disease of central nervous system, unspecified (G37.9)",G37.9,G37
6,G36,Other acute disseminated demyelination,excludes1,postinfectious encephalitis and encephalomyelitis NOS (G04.01),G04.01,G04
6,G37.0,Diffuse sclerosis of central nervous system,excludes1,X linked adrenoleukodystrophy (E71.52-),E71.52-,E71
6,G37.3,Acute transverse myelitis in demyelinating disease of central nervous system,excludes1,acute flaccid myelitis (G04.82),G04.82,G04
6,G37.3,Acute transverse myelitis in demyelinating disease of central nervous system,excludes1,multiple sclerosis (G35-),G35-,G35
6,G37.3,Acute transverse myelitis in demyelinating disease of central nervous system,excludes1,neuromyelitis optica [Devic] (G36.0),G36.0,G36
6,G40,Epilepsy and recurrent seizures,excludes1,conversion disorder with seizures (F44.5),F44.5,F44
6,G40,Epilepsy and recurrent seizures,excludes1,convulsions NOS (R56.9),R56.9,R56
6,G40,Epilepsy and recurrent seizures,excludes1,post traumatic seizures (R56.1),R56.1,R56
6,G40,Epilepsy and recurrent seizures,excludes1,seizure (convulsive) NOS (R56.9),R56.9,R56
6,G40,Epilepsy and recurrent seizures,excludes1,seizure of newborn (P90),P90,P90
6,G40.0,Localization-related (focal) (partial) idiopathic epilepsy and epileptic syndromes with seizures of localized onset,excludes1,"adult onset localization-related epilepsy (G40.1-, G40.2-)",G40.1-; G40.2-,G40
6,G40.89,Other seizures,excludes1,post traumatic seizures (R56.1),R56.1,R56
6,G40.89,Other seizures,excludes1,recurrent seizures NOS (G40.909),G40.909,G40
6,G40.89,Other seizures,excludes1,seizure NOS (R56.9),R56.9,R56
6,G43,Migraine,excludes1,lower half migraine (G44.00),G44.00,G44
6,G43.0,Migraine without aura,excludes1,chronic migraine without aura (G43.7-),G43.7-,G43
6,G43.1,Migraine with aura,excludes1,chronic migraine with aura (G43.E-),G43.E-,G43
6,G43.1,Migraine with aura,excludes1,"persistent migraine aura (G43.5-, G43.6-)",G43.5-; G43.6-,G43
6,G43.7,Chronic migraine without aura,excludes1,migraine without aura (G43.0-),G43.0-,G43
6,G43.A,Cyclical vomiting,excludes1,cyclical vomiting syndrome unrelated to migraine (R11.15),R11.15,R11
6,G43.E,Chronic migraine with aura,excludes1,migraine with aura (G43.1-),G43.1-,G43
6,G44,Other headache syndromes,excludes1,headache NOS (R51.9),R51.9,R51
6,G45,Transient cerebral ischemic attacks and related syndromes,excludes1,neonatal cerebral ischemia (P91.0),P91.0,P91
6,G45,Transient cerebral ischemic attacks and related syndromes,excludes1,transient retinal artery occlusion (H34.0-),H34.0-,H34
6,G45.4,Transient global amnesia,excludes1,amnesia NOS (R41.3),R41.3,R41
6,G47.3,Sleep apnea,excludes1,apnea NOS (R06.81),R06.81,R06
6,G47.3,Sleep apnea,excludes1,Cheyne-Stokes breathing (R06.3),R06.3,R06
6,G47.3,Sleep apnea,excludes1,pickwickian syndrome (E66.2),E66.2,E66
6,G47.3,Sleep apnea,excludes1,sleep apnea of newborn (P28.3-),P28.3-,P28
6,G47.33,Obstructive sleep apnea (adult) (pediatric),excludes1,obstructive sleep apnea of newborn (P28.3-),P28.3-,P28
6,G47.5,Parasomnia,excludes1,"alcohol induced parasomnia (F10.182, F10.282, F10.982)",F10.182; F10.282; F10.982,F10
6,G47.5,Parasomnia,excludes1,"drug induced parasomnia (F11.182, F11.282, F11.982, F13.182, F13.282, F13.982, F14.182, F14.282, F14.982, F15.182, F15.282, F15.982, F19.182, F19.282, F19.982)",F11.182; F11.282; F11.982; F13.182; F13.282; F13.982; F14.182; F14.282; F14.982; F15.182; F15.282; F15.982; F19.182; F19.282; F19.982,F11; F13; F14; F15; F19
6,G47.5,Parasomnia,excludes1,parasomnia not due to a substance or known physiological condition (F51.8),F51.8,F51
6,G47.63,Sleep related bruxism,excludes1,psychogenic bruxism (F45.8),F45.8,F45
6,Block G50-G59,"Nerve, nerve root and plexus disorders (G50-G59)",excludes1,"current traumatic nerve, nerve root and plexus disorders - see Injury, nerve by body region",,
6,Block G50-G59,"Nerve, nerve root and plexus disorders (G50-G59)",excludes1,neuralgia NOS (M79.2),M79.2,M79
6,Block G50-G59,"Nerve, nerve root and plexus disorders (G50-G59)",excludes1,neuritis NOS (M79.2),M79.2,M79
6,Block G50-G59,"Nerve, nerve root and plexus disorders (G50-G59)",excludes1,peripheral neuritis in pregnancy (O26.82-),O26.82-,O26
6,Block G50-G59,"Nerve, nerve root and plexus disorders (G50-G59)",excludes1,radiculitis NOS (M54.1-),M54.1-,M54
6,G51.1,Geniculate ganglionitis,excludes1,postherpetic geniculate ganglionitis (B02.21),B02.21,B02
6,G53,Cranial nerve disorders in diseases classified elsewhere,excludes1,multiple cranial nerve palsy in sarcoidosis (D86.82),D86.82,D86
6,G53,Cranial nerve disorders in diseases classified elsewhere,excludes1,multiple cranial nerve palsy in syphilis (A52.15),A52.15,A52
6,G53,Cranial nerve disorders in diseases classified elsewhere,excludes1,postherpetic geniculate ganglionitis (B02.21),B02.21,B02
6,G53,Cranial nerve disorders in diseases classified elsewhere,excludes1,postherpetic trigeminal neuralgia (B02.22),B02.22,B02
6,G54,Nerve root and plexus disorders,excludes1,current traumatic nerve root and plexus disorders - see nerve injury by body region,,
6,G54,Nerve root and plexus disorders,excludes1,intervertebral disc disorders (M50-M51),M50-M51,M50
6,G54,Nerve root and plexus disorders,excludes1,neuralgia or neuritis NOS (M79.2),M79.2,M79
6,G54,Nerve root and plexus disorders,excludes1,neuritis or radiculitis brachial NOS (M54.13),M54.13,M54
6,G54,Nerve root and plexus disorders,excludes1,neuritis or radiculitis lumbar NOS (M54.16),M54.16,M54
6,G54,Nerve root and plexus disorders,excludes1,neuritis or radiculitis lumbosacral NOS (M54.17),M54.17,M54
6,G54,Nerve root and plexus disorders,excludes1,neuritis or radiculitis thoracic NOS (M54.14),M54.14,M54
6,G54,Nerve root and plexus disorders,excludes1,radiculitis NOS (M54.10),M54.10,M54
6,G54,Nerve root and plexus disorders,excludes1,radiculopathy NOS (M54.10),M54.10,M54
6,G54,Nerve root and plexus disorders,excludes1,spondylosis (M47.-),M47.-,M47
6,G54.5,Neuralgic amyotrophy,excludes1,neuralgic amyotrophy in diabetes mellitus (E08-E13 with .44),,
6,G55,Nerve root and plexus compressions in diseases classified elsewhere,excludes1,nerve root compression (due to) (in) ankylosing spondylitis (M45.-),M45.-,M45
6,G55,Nerve root and plexus compressions in diseases classified elsewhere,excludes1,"nerve root compression (due to) (in) dorsopathies (M53.-, M54.-)",M53.-; M54.-,M53; M54
6,G55,Nerve root and plexus compressions in diseases classified elsewhere,excludes1,"nerve root compression (due to) (in) intervertebral disc disorders (M50.1.-, M51.1.-)",,
6,G55,Nerve root and plexus compressions in diseases classified elsewhere,excludes1,"nerve root compression (due to) (in) spondylopathies (M46.-, M48.-)",M46.-; M48.-,M46; M48
6,G55,Nerve root and plexus compressions in diseases classified elsewhere,excludes1,"nerve root compression (due to) (in) spondylosis (M47.0-, M47.2.-)",M47.0-,M47
6,G56,Mononeuropathies of upper limb,excludes1,current traumatic nerve disorder - see nerve injury by body region,,
6,G56.4,Causalgia of upper limb,excludes1,complex regional pain syndrome I of lower limb (G90.52-),G90.52-,G90
6,G56.4,Causalgia of upper limb,excludes1,complex regional pain syndrome I of upper limb (G90.51-),G90.51-,G90
6,G56.4,Causalgia of upper limb,excludes1,complex regional pain syndrome II of lower limb (G57.7-),G57.7-,G57
6,G56.4,Causalgia of upper limb,excludes1,reflex sympathetic dystrophy of lower limb (G90.52-),G90.52-,G90
6,G56.4,Causalgia of upper limb,excludes1,reflex sympathetic dystrophy of upper limb (G90.51-),G90.51-,G90
6,G57,Mononeuropathies of lower limb,excludes1,current traumatic nerve disorder - see nerve injury by body region,,
6,G57.0,Lesion of sciatic nerve,excludes1,sciatica NOS (M54.3-),M54.3-,M54
6,G57.7,Causalgia of lower limb,excludes1,complex regional pain syndrome I of lower limb (G90.52-),G90.52-,G90
6,G57.7,Causalgia of lower limb,excludes1,complex regional pain syndrome I of upper limb (G90.51-),G90.51-,G90
6,G57.7,Causalgia of lower limb,excludes1,complex regional pain syndrome II of upper limb (G56.4-),G56.4-,G56
6,G57.7,Causalgia of lower limb,excludes1,reflex sympathetic dystrophy of lower limb (G90.52-),G90.52-,G90
6,G57.7,Causalgia of lower limb,excludes1,reflex sympathetic dystrophy of upper limb (G90.51-),G90.51-,G90
6,G59,Mononeuropathy in diseases classified elsewhere,excludes1,diabetic mononeuropathy (E08-E13 with .41),,
6,G59,Mononeuropathy in diseases classified elsewhere,excludes1,syphilitic nerve paralysis (A52.19),A52.19,A52
6,G59,Mononeuropathy in diseases classified elsewhere,excludes1,syphilitic neuritis (A52.15),A52.15,A52
6,G59,Mononeuropathy in diseases classified elsewhere,excludes1,tuberculous mononeuropathy (A17.83),A17.83,A17
6,Block G60-G65,Polyneuropathies and other disorders of the peripheral nervous system (G60-G65),excludes1,neuralgia NOS (M79.2),M79.2,M79
6,Block G60-G65,Polyneuropathies and other disorders of the peripheral nervous system (G60-G65),excludes1,neuritis NOS (M79.2),M79.2,M79
6,Block G60-G65,Polyneuropathies and other disorders of the peripheral nervous system (G60-G65),excludes1,peripheral neuritis in pregnancy (O26.82-),O26.82-,O26
6,Block G60-G65,Polyneuropathies and other disorders of the peripheral nervous system (G60-G65),excludes1,radiculitis NOS (M54.10),M54.10,M54
6,G63,Polyneuropathy in diseases classified elsewhere,excludes1,polyneuropathy (in):,,
6,G63,Polyneuropathy in diseases classified elsewhere,excludes1,diabetes mellitus (E08-E13 with .42),,
6,G63,Polyneuropathy in diseases classified elsewhere,excludes1,diphtheria (A36.83),A36.83,A36
6,G63,Polyneuropathy in diseases classified elsewhere,excludes1,infectious mononucleosis complicated by polyneuropathy (B27.0-B27.9 with fifth character 1),,
6,G63,Polyneuropathy in diseases classified elsewhere,excludes1,Lyme disease (A69.22),A69.22,A69
6,G63,Polyneuropathy in diseases classified elsewhere,excludes1,mumps (B26.84),B26.84,B26
6,G63,Polyneuropathy in diseases classified elsewhere,excludes1,postherpetic (B02.23),B02.23,B02
6,G63,Polyneuropathy in diseases classified elsewhere,excludes1,rheumatoid arthritis (M05.5-),M05.5-,M05
6,G63,Polyneuropathy in diseases classified elsewhere,excludes1,scleroderma (M34.83),M34.83,M34
6,G63,Polyneuropathy in diseases classified elsewhere,excludes1,systemic lupus erythematosus (M32.19),M32.19,M32
6,G70,Myasthenia gravis and other myoneural disorders,excludes1,"botulism (A05.1, A48.51-A48.52)",A05.1; A48.51-A48.52,A05; A48
6,G70,Myasthenia gravis and other myoneural disorders,excludes1,transient neonatal myasthenia gravis (P94.0),P94.0,P94
6,G70.81,Lambert-Eaton syndrome in disease classified elsewhere,excludes1,Lambert-Eaton syndrome in neoplastic disease (G73.1),G73.1,G73
6,G71.3,"Mitochondrial myopathy, not elsewhere classified",excludes1,Kearns-Sayre syndrome (H49.81),H49.81,H49
6,G71.3,"Mitochondrial myopathy, not elsewhere classified",excludes1,Leber's disease (H47.21),H47.21,H47
6,G71.3,"Mitochondrial myopathy, not elsewhere classified",excludes1,Leigh's encephalopathy (G31.82),G31.82,G31
6,G71.3,"Mitochondrial myopathy, not elsewhere classified",excludes1,mitochondrial metabolism disorders (E88.4.-),,
6,G71.3,"Mitochondrial myopathy, not elsewhere classified",excludes1,Reye's syndrome (G93.7),G93.7,G93
6,G72,Other and unspecified myopathies,excludes1,arthrogryposis multiplex congenita (Q74.3),Q74.3,Q74
6,G72,Other and unspecified myopathies,excludes1,dermatopolymyositis (M33.-),M33.-,M33
6,G72,Other and unspecified myopathies,excludes1,ischemic infarction of muscle (M62.2-),M62.2-,M62
6,G72,Other and unspecified myopathies,excludes1,myositis (M60.-),M60.-,M60
6,G72,Other and unspecified myopathies,excludes1,polymyositis (M33.2.-),,
6,G72.3,Periodic paralysis,excludes1,paramyotonia congenita (of von Eulenburg) (G71.19),G71.19,G71
6,G73.1,Lambert-Eaton syndrome in neoplastic disease,excludes1,Lambert-Eaton syndrome not associated with neoplasm (G70.80-G70.81),G70.80-G70.81,G70
6,G73.7,Myopathy in diseases classified elsewhere,excludes1,myopathy in:,,
6,G73.7,Myopathy in diseases classified elsewhere,excludes1,rheumatoid arthritis (M05.32),M05.32,M05
6,G73.7,Myopathy in diseases classified elsewhere,excludes1,sarcoidosis (D86.87),D86.87,D86
6,G73.7,Myopathy in diseases classified elsewhere,excludes1,scleroderma (M34.82),M34.82,M34
6,G73.7,Myopathy in diseases classified elsewhere,excludes1,Sjögren syndrome (M35.03),M35.03,M35
6,G73.7,Myopathy in diseases classified elsewhere,excludes1,systemic lupus erythematosus (M32.19),M32.19,M32
6,G80,Cerebral palsy,excludes1,hereditary spastic paraplegia (G11.4),G11.4,G11
6,G81,Hemiplegia and hemiparesis,excludes1,congenital cerebral palsy (G80.-),G80.-,G80
6,G81,Hemiplegia and hemiparesis,excludes1,"hemiplegia and hemiparesis due to sequela of cerebrovascular disease (I69.05-, I69.15-, I69.25-, I69.35-, I69.85-, I69.95-)",I69.05-; I69.15-; I69.25-; I69.35-; I69.85-; I69.95-,I69
6,G82,Paraplegia (paraparesis) and quadriplegia (quadriparesis),excludes1,congenital cerebral palsy (G80.-),G80.-,G80
6,G82,Paraplegia (paraparesis) and quadriplegia (quadriparesis),excludes1,functional quadriplegia (R53.2),R53.2,R53
6,G82,Paraplegia (paraparesis) and quadriplegia (quadriparesis),excludes1,hysterical paralysis (F44.4),F44.4,F44
6,G83.1,Monoplegia of lower limb,excludes1,"monoplegia of lower limbs due to sequela of cerebrovascular disease (I69.04-, I69.14-, I69.24-, I69.34-, I69.84-, I69.94-)",I69.04-; I69.14-; I69.24-; I69.34-; I69.84-; I69.94-,I69
6,G83.2,Monoplegia of upper limb,excludes1,"monoplegia of upper limbs due to sequela of cerebrovascular disease (I69.03-, I69.13-, I69.23-, I69.33-, I69.83-, I69.93-)",I69.03-; I69.13-; I69.23-; I69.33-; I69.83-; I69.93-,I69
6,G83.4,Cauda equina syndrome,excludes1,cord bladder NOS (G95.89),G95.89,G95
6,G83.4,Cauda equina syndrome,excludes1,neurogenic bladder NOS (N31.9),N31.9,N31
6,G83.8,Other specified paralytic syndromes,excludes1,"paralytic syndromes due to current spinal cord injury-code to spinal cord injury (S14, S24, S34)",S14; S24; S34,S14; S24; S34
6,G89,"Pain, not elsewhere classified",excludes1,generalized pain NOS (R52),R52,R52
6,G89,"Pain, not elsewhere classified",excludes1,pain disorders exclusively related to psychological factors (F45.41),F45.41,F45
6,G89,"Pain, not elsewhere classified",excludes1,pain NOS (R52),R52,R52
6,G89.2,"Chronic pain, not elsewhere classified",excludes1,"causalgia, lower limb (G57.7-)",G57.7-,G57
6,G89.2,"Chronic pain, not elsewhere classified",excludes1,"causalgia, upper limb (G56.4-)",G56.4-,G56
6,G89.2,"Chronic pain, not elsewhere classified",excludes1,central pain syndrome (G89.0),G89.0,G89
6,G89.2,"Chronic pain, not elsewhere classified",excludes1,chronic pain syndrome (G89.4),G89.4,G89
6,G89.2,"Chronic pain, not elsewhere classified",excludes1,"complex regional pain syndrome II, lower limb (G57.7-)",G57.7-,G57
6,G89.2,"Chronic pain, not elsewhere classified",excludes1,"complex regional pain syndrome II, upper limb (G56.4-)",G56.4-,G56
6,G89.2,"Chronic pain, not elsewhere classified",excludes1,neoplasm related chronic pain (G89.3),G89.3,G89
6,G89.2,"Chronic pain, not elsewhere classified",excludes1,reflex sympathetic dystrophy (G90.5-),G90.5-,G90
6,G90,Disorders of autonomic nervous system,excludes1,dysfunction of the autonomic nervous system due to alcohol (G31.2),G31.2,G31
6,G90.3,Multi-system degeneration of the autonomic nervous system,excludes1,orthostatic hypotension NOS (I95.1),I95.1,I95
6,G90.5,Complex regional pain syndrome I (CRPS I),excludes1,causalgia of lower limb (G57.7-),G57.7-,G57
6,G90.5,Complex regional pain syndrome I (CRPS I),excludes1,causalgia of upper limb (G56.4-),G56.4-,G56
6,G90.5,Complex regional pain syndrome I (CRPS I),excludes1,complex regional pain syndrome II of lower limb (G57.7-),G57.7-,G57
6,G90.5,Complex regional pain syndrome I (CRPS I),excludes1,complex regional pain syndrome II of upper limb (G56.4-),G56.4-,G56
6,G91,Hydrocephalus,excludes1,Arnold-Chiari syndrome with hydrocephalus (Q07.-),Q07.-,Q07
6,G91,Hydrocephalus,excludes1,congenital hydrocephalus (Q03.-),Q03.-,Q03
6,G91,Hydrocephalus,excludes1,spina bifida with hydrocephalus (Q05.-),Q05.-,Q05
6,G91.4,Hydrocephalus in diseases classified elsewhere,excludes1,hydrocephalus due to congenital toxoplasmosis (P37.1),P37.1,P37
6,G93.0,Cerebral cysts,excludes1,acquired periventricular cysts of newborn (P91.1),P91.1,P91
6,G93.0,Cerebral cysts,excludes1,congenital cerebral cysts (Q04.6),Q04.6,Q04
6,G93.1,"Anoxic brain damage, not elsewhere classified",excludes1,cerebral anoxia due to anesthesia during labor and delivery (O74.3),O74.3,O74
6,G93.1,"Anoxic brain damage, not elsewhere classified",excludes1,cerebral anoxia due to anesthesia during the puerperium (O89.2),O89.2,O89
6,G93.1,"Anoxic brain damage, not elsewhere classified",excludes1,neonatal anoxia (P84),P84,P84
6,G93.2,Benign intracranial hypertension,excludes1,hypertensive encephalopathy (I67.4),I67.4,I67
6,G93.2,Benign intracranial hypertension,excludes1,obstructive hydrocephalus (G91.1),G91.1,G91
6,G93.3,Postviral and related fatigue syndromes,excludes1,chronic fatigue NOS (R53.82),R53.82,R53
6,G93.3,Postviral and related fatigue syndromes,excludes1,neurasthenia (F48.8),F48.8,F48
6,G93.5,Compression of brain,excludes1,traumatic compression of brain (S06.A-),S06.A-,S06
6,G93.6,Cerebral edema,excludes1,cerebral edema due to birth injury (P11.0),P11.0,P11
6,G93.6,Cerebral edema,excludes1,traumatic cerebral edema (S06.1-),S06.1-,S06
6,G94,Other disorders of brain in diseases classified elsewhere,excludes1,encephalopathy in congenital syphilis (A50.49),A50.49,A50
6,G94,Other disorders of brain in diseases classified elsewhere,excludes1,"encephalopathy in influenza (J09.X9, J10.81, J11.81)",J09.X9; J10.81; J11.81,J09; J10; J11
6,G94,Other disorders of brain in diseases classified elsewhere,excludes1,encephalopathy in syphilis (A52.19),A52.19,A52
6,G94,Other disorders of brain in diseases classified elsewhere,excludes1,hydrocephalus in diseases classified elsewhere (G91.4),G91.4,G91
6,G95.8,Other specified diseases of spinal cord,excludes1,neurogenic bladder NOS (N31.9),N31.9,N31
6,G95.8,Other specified diseases of spinal cord,excludes1,neurogenic bladder due to cauda equina syndrome (G83.4),G83.4,G83
6,G95.8,Other specified diseases of spinal cord,excludes1,neuromuscular dysfunction of bladder without spinal cord lesion (N31.-),N31.-,N31
6,G95.89,Other specified diseases of spinal cord,excludes1,myelopathy NOS (G95.9),G95.9,G95
6,G96.0,Cerebrospinal fluid leak,excludes1,cerebrospinal fluid leak from spinal puncture (G97.0),G97.0,G97
6,G96.11,Dural tear,excludes1,accidental puncture or laceration of dura during a procedure (G97.41),G97.41,G97
6,G97.3,Intraoperative hemorrhage and hematoma of a nervous system organ or structure complicating a procedure,excludes1,intraoperative hemorrhage and hematoma of a nervous system organ or structure due to accidental puncture and laceration during a procedure (G97.4-),G97.4-,G97
6,G98.0,"Neurogenic arthritis, not elsewhere classified",excludes1,spondylopathy (in):,,
6,G98.0,"Neurogenic arthritis, not elsewhere classified",excludes1,syringomyelia and syringobulbia (G95.0),G95.0,G95
6,G98.0,"Neurogenic arthritis, not elsewhere classified",excludes1,tabes dorsalis (A52.11),A52.11,A52
6,G99.0,Autonomic neuropathy in diseases classified elsewhere,excludes1,diabetic autonomic neuropathy (E08-E13 with .43),,
6,G99.2,Myelopathy in diseases classified elsewhere,excludes1,myelopathy in:,,
6,G99.2,Myelopathy in diseases classified elsewhere,excludes1,"intervertebral disease (M50.0-, M51.0-)",M50.0-; M51.0-,M50; M51
6,G99.2,Myelopathy in diseases classified elsewhere,excludes1,"spondylosis (M47.0-, M47.1-)",M47.0-; M47.1-,M47
6,G99.8,Other specified disorders of nervous system in diseases classified elsewhere,excludes1,nervous system involvement in:,,
6,G99.8,Other specified disorders of nervous system in diseases classified elsewhere,excludes1,cysticercosis (B69.0),B69.0,B69
6,G99.8,Other specified disorders of nervous system in diseases classified elsewhere,excludes1,rubella (B06.0-),B06.0-,B06
6,G99.8,Other specified disorders of nervous system in diseases classified elsewhere,excludes1,syphilis (A52.1-),A52.1-,A52
7,H01.0,Blepharitis,excludes1,blepharoconjunctivitis (H10.5-),H10.5-,H10
7,H02,Other disorders of eyelid,excludes1,congenital malformations of eyelid (Q10.0-Q10.3),Q10.0-Q10.3,Q10
7,H02.81,Retained foreign body in eyelid,excludes1,laceration of eyelid with foreign body (S01.12-),S01.12-,S01
7,H02.81,Retained foreign body in eyelid,excludes1,"retained intraocular foreign body (H44.6-, H44.7-)",H44.6-; H44.7-,H44
7,H02.81,Retained foreign body in eyelid,excludes1,superficial foreign body of eyelid and periocular area (S00.25-),S00.25-,S00
7,H04,Disorders of lacrimal system,excludes1,congenital malformations of lacrimal system (Q10.4-Q10.6),Q10.4-Q10.6,Q10
7,H04.3,Acute and unspecified inflammation of lacrimal passages,excludes1,neonatal dacryocystitis (P39.1),P39.1,P39
7,H04.53,Neonatal obstruction of nasolacrimal duct,excludes1,congenital stenosis and stricture of lacrimal duct (Q10.5),Q10.5,Q10
7,H05,Disorders of orbit,excludes1,congenital malformation of orbit (Q10.7),Q10.7,Q10
7,H05.3,Deformity of orbit,excludes1,congenital deformity of orbit (Q10.7),Q10.7,Q10
7,H05.3,Deformity of orbit,excludes1,hypertelorism (Q75.2),Q75.2,Q75
7,H05.5,Retained (old) foreign body following penetrating wound of orbit,excludes1,current penetrating wound of orbit (S05.4-),S05.4-,S05
7,H10,Conjunctivitis,excludes1,keratoconjunctivitis (H16.2-),H16.2-,H16
7,H10.21,Acute toxic conjunctivitis,excludes1,burn and corrosion of eye and adnexa (T26.-),T26.-,T26
7,H10.23,"Serous conjunctivitis, except viral",excludes1,viral conjunctivitis (B30.-),B30.-,B30
7,H10.3,Unspecified acute conjunctivitis,excludes1,ophthalmia neonatorum NOS (P39.1),P39.1,P39
7,H10.44,Vernal conjunctivitis,excludes1,vernal keratoconjunctivitis with limbar and corneal involvement (H16.26-),H16.26-,H16
7,H10.81,Pingueculitis,excludes1,pinguecula (H11.15-),H11.15-,H11
7,H11,Other disorders of conjunctiva,excludes1,keratoconjunctivitis (H16.2-),H16.2-,H16
7,H11.0,Pterygium of eye,excludes1,pseudopterygium (H11.81-),H11.81-,H11
7,H11.14,"Conjunctival xerosis, unspecified",excludes1,"xerosis of conjunctiva due to vitamin A deficiency (E50.0, E50.1)",E50.0; E50.1,E50
7,H11.15,Pinguecula,excludes1,pingueculitis (H10.81-),H10.81-,H10
7,H16.22,"Keratoconjunctivitis sicca, not specified as Sjögren's",excludes1,Sjögren's syndrome (M35.01),M35.01,M35
7,H16.26,"Vernal keratoconjunctivitis, with limbar and corneal involvement",excludes1,vernal conjunctivitis without limbar and corneal involvement (H10.44),H10.44,H10
7,H18.4,Corneal degeneration,excludes1,Mooren's ulcer (H16.0-),H16.0-,H16
7,H18.4,Corneal degeneration,excludes1,recurrent erosion of cornea (H18.83-),H18.83-,H18
7,H18.44,Keratomalacia,excludes1,keratomalacia due to vitamin A deficiency (E50.4),E50.4,E50
7,H18.7,Other and unspecified corneal deformities,excludes1,congenital malformations of cornea (Q13.3-Q13.4),Q13.3-Q13.4,Q13
7,H20.0,Acute and subacute iridocyclitis,excludes1,"iridocyclitis, iritis, uveitis (due to) (in) diabetes mellitus (E08-E13 with .39)",,
7,H20.0,Acute and subacute iridocyclitis,excludes1,"iridocyclitis, iritis, uveitis (due to) (in) diphtheria (A36.89)",A36.89,A36
7,H20.0,Acute and subacute iridocyclitis,excludes1,"iridocyclitis, iritis, uveitis (due to) (in) gonococcal (A54.32)",A54.32,A54
7,H20.0,Acute and subacute iridocyclitis,excludes1,"iridocyclitis, iritis, uveitis (due to) (in) herpes (simplex) (B00.51)",B00.51,B00
7,H20.0,Acute and subacute iridocyclitis,excludes1,"iridocyclitis, iritis, uveitis (due to) (in) herpes zoster (B02.32)",B02.32,B02
7,H20.0,Acute and subacute iridocyclitis,excludes1,"iridocyclitis, iritis, uveitis (due to) (in) late congenital syphilis (A50.39)",A50.39,A50
7,H20.0,Acute and subacute iridocyclitis,excludes1,"iridocyclitis, iritis, uveitis (due to) (in) late syphilis (A52.71)",A52.71,A52
7,H20.0,Acute and subacute iridocyclitis,excludes1,"iridocyclitis, iritis, uveitis (due to) (in) sarcoidosis (D86.83)",D86.83,D86
7,H20.0,Acute and subacute iridocyclitis,excludes1,"iridocyclitis, iritis, uveitis (due to) (in) syphilis (A51.43)",A51.43,A51
7,H20.0,Acute and subacute iridocyclitis,excludes1,"iridocyclitis, iritis, uveitis (due to) (in) toxoplasmosis (B58.09)",B58.09,B58
7,H20.0,Acute and subacute iridocyclitis,excludes1,"iridocyclitis, iritis, uveitis (due to) (in) tuberculosis (A18.54)",A18.54,A18
7,H21.0,Hyphema,excludes1,traumatic hyphema (S05.1-),S05.1-,S05
7,H21.4,Pupillary membranes,excludes1,congenital pupillary membranes (Q13.8),Q13.8,Q13
7,H21.5,Other and unspecified adhesions and disruptions of iris and ciliary body,excludes1,corectopia (Q13.2),Q13.2,Q13
7,H21.56,Pupillary abnormalities,excludes1,congenital deformity of pupil (Q13.2-),Q13.2-,Q13
7,H26,Other cataract,excludes1,congenital cataract (Q12.0),Q12.0,Q12
7,H27,Other disorders of lens,excludes1,congenital lens malformations (Q12.-),Q12.-,Q12
7,H27,Other disorders of lens,excludes1,mechanical complications of intraocular lens implant (T85.2),T85.2,T85
7,H27,Other disorders of lens,excludes1,pseudophakia (Z96.1),Z96.1,Z96
7,H27.0,Aphakia,excludes1,cataract extraction status (Z98.4-),Z98.4-,Z98
7,H27.0,Aphakia,excludes1,congenital absence of lens (Q12.3),Q12.3,Q12
7,H27.0,Aphakia,excludes1,congenital aphakia (Q12.3),Q12.3,Q12
7,H28,Cataract in diseases classified elsewhere,excludes1,"cataract in diabetes mellitus (E08.36, E09.36, E10.36, E11.36, E13.36)",E08.36; E09.36; E10.36; E11.36; E13.36,E08; E09; E10; E11; E13
7,H31.01,Macula scars of posterior pole (postinflammatory) (post-traumatic),excludes1,postprocedural choriorentinal scar (H59.81-),H59.81-,H59
7,H32,Chorioretinal disorders in diseases classified elsewhere,excludes1,chorioretinitis (in):,,
7,H32,Chorioretinal disorders in diseases classified elsewhere,excludes1,toxoplasmosis (acquired) (B58.01),B58.01,B58
7,H32,Chorioretinal disorders in diseases classified elsewhere,excludes1,tuberculosis (A18.53),A18.53,A18
7,H33,Retinal detachments and breaks,excludes1,"detachment of retinal pigment epithelium (H35.72-, H35.73-)",H35.72-; H35.73-,H35
7,H33.0,Retinal detachment with retinal break,excludes1,serous retinal detachment (without retinal break) (H33.2-),H33.2-,H33
7,H33.1,Retinoschisis and retinal cysts,excludes1,congenital retinoschisis (Q14.1),Q14.1,Q14
7,H33.1,Retinoschisis and retinal cysts,excludes1,microcystoid degeneration of retina (H35.42-),H35.42-,H35
7,H33.2,Serous retinal detachment,excludes1,central serous chorioretinopathy (H35.71-),H35.71-,H35
7,H33.3,Retinal breaks without detachment,excludes1,chorioretinal scars after surgery for detachment (H59.81-),H59.81-,H59
7,H34,Retinal vascular occlusions,excludes1,amaurosis fugax (G45.3),G45.3,G45
7,H35.2,Other non-diabetic proliferative retinopathy,excludes1,proliferative vitreo-retinopathy with retinal detachment (H33.4-),H33.4-,H33
7,H35.35,Cystoid macular degeneration,excludes1,cystoid macular edema following cataract surgery (H59.03-),H59.03-,H59
7,H35.4,Peripheral retinal degeneration,excludes1,hereditary retinal degeneration (dystrophy) (H35.5-),H35.5-,H35
7,H35.5,Hereditary retinal dystrophy,excludes1,dystrophies primarily involving Bruch's membrane (H31.1-),H31.1-,H31
7,H35.7,Separation of retinal layers,excludes1,retinal detachment (serous) (H33.2-),H33.2-,H33
7,H35.7,Separation of retinal layers,excludes1,rhegmatogenous retinal detachment (H33.0-),H33.0-,H33
7,H36,Retinal disorders in diseases classified elsewhere,excludes1,arteriosclerotic retinopathy (H35.0-),H35.0-,H35
7,H36,Retinal disorders in diseases classified elsewhere,excludes1,"diabetic retinopathy (E08.3-, E09.3-, E10.3-, E11.3-, E13.3-)",E08.3-; E09.3-; E10.3-; E11.3-; E13.3-,E08; E09; E10; E11; E13
7,H40,Glaucoma,excludes1,absolute glaucoma (H44.51-),H44.51-,H44
7,H40,Glaucoma,excludes1,congenital glaucoma (Q15.0),Q15.0,Q15
7,H40,Glaucoma,excludes1,traumatic glaucoma due to birth injury (P15.3),P15.3,P15
7,H40.2,Primary angle-closure glaucoma,excludes1,aqueous misdirection (H40.83-),H40.83-,H40
7,H40.2,Primary angle-closure glaucoma,excludes1,malignant glaucoma (H40.83-),H40.83-,H40
7,H42,Glaucoma in diseases classified elsewhere,excludes1,glaucoma (in) onchocerciasis (B73.02),B73.02,B73
7,H42,Glaucoma in diseases classified elsewhere,excludes1,glaucoma (in) syphilis (A52.71),A52.71,A52
7,H42,Glaucoma in diseases classified elsewhere,excludes1,glaucoma (in) tuberculous (A18.59),A18.59,A18
7,H42,Glaucoma in diseases classified elsewhere,excludes1,neovascular secondary angle closure glaucoma (H40.84-),H40.84-,H40
7,H43.0,Vitreous prolapse,excludes1,vitreous syndrome following cataract surgery (H59.0-),H59.0-,H59
7,H43.0,Vitreous prolapse,excludes1,traumatic vitreous prolapse (S05.2-),S05.2-,S05
7,H43.8,Other disorders of vitreous body,excludes1,proliferative vitreo-retinopathy with retinal detachment (H33.4-),H33.4-,H33
7,H44.0,Purulent endophthalmitis,excludes1,bleb associated endophthalmitis (H59.4-),H59.4-,H59
7,H44.1,Other endophthalmitis,excludes1,bleb associated endophthalmitis (H59.4-),H59.4-,H59
7,H44.6,"Retained (old) intraocular foreign body, magnetic",excludes1,current intraocular foreign body (S05.-),S05.-,S05
7,H44.7,"Retained (old) intraocular foreign body, nonmagnetic",excludes1,current intraocular foreign body (S05.-),S05.-,S05
7,H46.1,Retrobulbar neuritis,excludes1,syphilitic retrobulbar neuritis (A52.15),A52.15,A52
7,H47.6,Disorders of visual cortex,excludes1,injury to visual cortex S04.04-,,
7,H49.4,Progressive external ophthalmoplegia,excludes1,Kearns-Sayre syndrome (H49.81-),H49.81-,H49
7,H50.0,Esotropia,excludes1,"intermittent esotropia (H50.31-, H50.32)",H50.31-; H50.32,H50
7,H50.1,Exotropia,excludes1,"intermittent exotropia (H50.33-, H50.34)",H50.33-; H50.34,H50
7,H52.1,Myopia,excludes1,degenerative myopia (H44.2-),H44.2-,H44
7,H53.0,Amblyopia ex anopsia,excludes1,amblyopia due to vitamin A deficiency (E50.5),E50.5,E50
7,H53.1,Subjective visual disturbances,excludes1,subjective visual disturbances due to vitamin A deficiency (E50.5),E50.5,E50
7,H53.1,Subjective visual disturbances,excludes1,visual hallucinations (R44.1),R44.1,R44
7,H53.12,Transient visual loss,excludes1,amaurosis fugax (G45.3-),G45.3-,G45
7,H53.12,Transient visual loss,excludes1,transient retinal artery occlusion (H34.0-),H34.0-,H34
7,H53.6,Night blindness,excludes1,night blindness due to vitamin A deficiency (E50.5),E50.5,E50
7,H54,Blindness and low vision,excludes1,amaurosis fugax (G45.3),G45.3,G45
7,H54.8,"Legal blindness, as defined in USA",excludes1,legal blindness with specification of impairment level (H54.0-H54.7),H54.0-H54.7,H54
7,H57.01,"Argyll Robertson pupil, atypical",excludes1,syphilitic Argyll Robertson pupil (A52.19),A52.19,A52
7,H59,"Intraoperative and postprocedural complications and disorders of eye and adnexa, not elsewhere classified",excludes1,mechanical complication of intraocular lens (T85.2),T85.2,T85
7,H59,"Intraoperative and postprocedural complications and disorders of eye and adnexa, not elsewhere classified",excludes1,"mechanical complication of other ocular prosthetic devices, implants and grafts (T85.3)",T85.3,T85
7,H59,"Intraoperative and postprocedural complications and disorders of eye and adnexa, not elsewhere classified",excludes1,pseudophakia (Z96.1),Z96.1,Z96
7,H59,"Intraoperative and postprocedural complications and disorders of eye and adnexa, not elsewhere classified",excludes1,secondary cataracts (H26.4-),H26.4-,H26
7,H59.1,Intraoperative hemorrhage and hematoma of eye and adnexa complicating a procedure,excludes1,intraoperative hemorrhage and hematoma of eye and adnexa due to accidental puncture or laceration during a procedure (H59.2-),H59.2-,H59
7,H59.4,Inflammation (infection) of postprocedural bleb,excludes1,filtering (vitreous) bleb after glaucoma surgery status (Z98.83),Z98.83,Z98
8,H61.3,Acquired stenosis of external ear canal,excludes1,postprocedural stenosis of external ear canal (H95.81-),H95.81-,H95
8,H62.4,Otitis externa in other diseases classified elsewhere,excludes1,otitis externa (in):,,
8,H62.4,Otitis externa in other diseases classified elsewhere,excludes1,candidiasis (B37.84),B37.84,B37
8,H62.4,Otitis externa in other diseases classified elsewhere,excludes1,herpes viral [herpes simplex] (B00.1),B00.1,B00
8,H62.4,Otitis externa in other diseases classified elsewhere,excludes1,herpes zoster (B02.8),B02.8,B02
8,H65.1,Other acute nonsuppurative otitis media,excludes1,otitic barotrauma (T70.0),T70.0,T70
8,H65.1,Other acute nonsuppurative otitis media,excludes1,otitis media (acute) NOS (H66.9),H66.9,H66
8,H65.3,Chronic mucoid otitis media,excludes1,adhesive middle ear disease (H74.1),H74.1,H74
8,H66.3,Other chronic suppurative otitis media,excludes1,tuberculous otitis media (A18.6),A18.6,A18
8,H67,Otitis media in diseases classified elsewhere,excludes1,otitis media in:,,
8,H67,Otitis media in diseases classified elsewhere,excludes1,"influenza (J09.X9, J10.83, J11.83)",J09.X9; J10.83; J11.83,J09; J10; J11
8,H67,Otitis media in diseases classified elsewhere,excludes1,measles (B05.3),B05.3,B05
8,H67,Otitis media in diseases classified elsewhere,excludes1,scarlet fever (A38.0),A38.0,A38
8,H67,Otitis media in diseases classified elsewhere,excludes1,tuberculosis (A18.6),A18.6,A18
8,H70.1,Chronic mastoiditis,excludes1,tuberculous mastoiditis (A18.03),A18.03,A18
8,H70.8,Other mastoiditis and related conditions,excludes1,preauricular sinus and cyst (Q18.1),Q18.1,Q18
8,H70.8,Other mastoiditis and related conditions,excludes1,"sinus, fistula, and cyst of branchial cleft (Q18.0)",Q18.0,Q18
8,H72,Perforation of tympanic membrane,excludes1,acute suppurative otitis media with rupture of the tympanic membrane (H66.01-),H66.01-,H66
8,H72,Perforation of tympanic membrane,excludes1,traumatic rupture of ear drum (S09.2-),S09.2-,S09
8,H73.0,Acute myringitis,excludes1,"acute myringitis with otitis media (H65, H66)",H65; H66,H65; H66
8,H73.1,Chronic myringitis,excludes1,"chronic myringitis with otitis media (H65, H66)",H65; H66,H65; H66
8,H74.1,Adhesive middle ear disease,excludes1,glue ear (H65.3-),H65.3-,H65
8,H75.0,Mastoiditis in infectious and parasitic diseases classified elsewhere,excludes1,mastoiditis (in):,,
8,H75.0,Mastoiditis in infectious and parasitic diseases classified elsewhere,excludes1,syphilis (A52.77),A52.77,A52
8,H75.0,Mastoiditis in infectious and parasitic diseases classified elsewhere,excludes1,tuberculosis (A18.03),A18.03,A18
8,H81,Disorders of vestibular function,excludes1,epidemic vertigo (A88.1),A88.1,A88
8,H81,Disorders of vestibular function,excludes1,vertigo NOS (R42),R42,R42
8,H82,Vertiginous syndromes in diseases classified elsewhere,excludes1,epidemic vertigo (A88.1),A88.1,A88
8,H90,Conductive and sensorineural hearing loss,excludes1,deaf nonspeaking NEC (H91.3),H91.3,H91
8,H90,Conductive and sensorineural hearing loss,excludes1,deafness NOS (H91.9-),H91.9-,H91
8,H90,Conductive and sensorineural hearing loss,excludes1,hearing loss NOS (H91.9-),H91.9-,H91
8,H90,Conductive and sensorineural hearing loss,excludes1,noise-induced hearing loss (H83.3-),H83.3-,H83
8,H90,Conductive and sensorineural hearing loss,excludes1,ototoxic hearing loss (H91.0-),H91.0-,H91
8,H90,Conductive and sensorineural hearing loss,excludes1,sudden (idiopathic) hearing loss (H91.2-),H91.2-,H91
8,H90.5,Unspecified sensorineural hearing loss,excludes1,abnormal auditory perception (H93.2-),H93.2-,H93
8,H90.5,Unspecified sensorineural hearing loss,excludes1,psychogenic deafness (F44.6),F44.6,F44
8,H91,Other and unspecified hearing loss,excludes1,abnormal auditory perception (H93.2-),H93.2-,H93
8,H91,Other and unspecified hearing loss,excludes1,hearing loss as classified in H90.-,,
8,H91,Other and unspecified hearing loss,excludes1,impacted cerumen (H61.2-),H61.2-,H61
8,H91,Other and unspecified hearing loss,excludes1,noise-induced hearing loss (H83.3-),H83.3-,H83
8,H91,Other and unspecified hearing loss,excludes1,psychogenic deafness (F44.6),F44.6,F44
8,H91,Other and unspecified hearing loss,excludes1,transient ischemic deafness (H93.01-),H93.01-,H93
8,H92.1,Otorrhea,excludes1,leakage of cerebrospinal fluid through ear (G96.0),G96.0,G96
8,H92.2,Otorrhagia,excludes1,traumatic otorrhagia - code to injury,,
8,H93.0,Degenerative and vascular disorders of ear,excludes1,presbycusis (H91.1),H91.1,H91
8,H93.25,Central auditory processing disorder,excludes1,mixed receptive-expressive language disorder (F80.2),F80.2,F80
8,H93.3,Disorders of acoustic nerve,excludes1,acoustic neuroma (D33.3),D33.3,D33
8,H93.3,Disorders of acoustic nerve,excludes1,syphilitic acoustic neuritis (A52.15),A52.15,A52
8,H94.0,Acoustic neuritis in infectious and parasitic diseases classified elsewhere,excludes1,acoustic neuritis (in):,,
8,H94.0,Acoustic neuritis in infectious and parasitic diseases classified elsewhere,excludes1,herpes zoster (B02.29),B02.29,B02
8,H94.0,Acoustic neuritis in infectious and parasitic diseases classified elsewhere,excludes1,syphilis (A52.15),A52.15,A52
8,H94.8,Other specified disorders of ear in diseases classified elsewhere,excludes1,aural myiasis (B87.4),B87.4,B87
8,H94.8,Other specified disorders of ear in diseases classified elsewhere,excludes1,syphilitic labyrinthitis (A52.79),A52.79,A52
8,H95.2,Intraoperative hemorrhage and hematoma of ear and mastoid process complicating a procedure,excludes1,intraoperative hemorrhage and hematoma of ear and mastoid process due to accidental puncture or laceration during a procedure (H95.3-),H95.3-,H95
9,I00,Rheumatic fever without heart involvement,excludes1,rheumatic fever with heart involvement (I01.0 -I01.9),I01.0-I01.9,I01
9,I01,Rheumatic fever with heart involvement,excludes1,chronic diseases of rheumatic origin (I05-I09) unless rheumatic fever is also present or there is evidence of reactivation or activity of the rheumatic process.,I05-I09,I05
9,I01.0,Acute rheumatic pericarditis,excludes1,acute pericarditis not specified as rheumatic (I30.-),I30.-,I30
9,I02,Rheumatic chorea,excludes1,chorea NOS (G25.5),G25.5,G25
9,I02,Rheumatic chorea,excludes1,Huntington's chorea (G10),G10,G10
9,I05,Rheumatic mitral valve diseases,excludes1,mitral valve disease specified as nonrheumatic (I34.-),I34.-,I34
9,I05,Rheumatic mitral valve diseases,excludes1,mitral valve disease with aortic and/or tricuspid valve involvement (I08.-),I08.-,I08
9,I05.1,Rheumatic mitral insufficiency,excludes1,mitral insufficiency not specified as rheumatic (I34.0),I34.0,I34
9,I07,Rheumatic tricuspid valve diseases,excludes1,tricuspid valve disease specified as nonrheumatic (I36.-),I36.-,I36
9,I07,Rheumatic tricuspid valve diseases,excludes1,tricuspid valve disease with aortic and/or mitral valve involvement (I08.-),I08.-,I08
9,I08,Multiple valve diseases,excludes1,"endocarditis, valve unspecified (I38)",I38,I38
9,I08,Multiple valve diseases,excludes1,rheumatic valve disease NOS (I09.1),I09.1,I09
9,I09.0,Rheumatic myocarditis,excludes1,myocarditis not specified as rheumatic (I51.4),I51.4,I51
9,I09.1,"Rheumatic diseases of endocardium, valve unspecified",excludes1,"endocarditis, valve unspecified (I38)",I38,I38
9,I09.2,Chronic rheumatic pericarditis,excludes1,chronic pericarditis not specified as rheumatic (I31.-),I31.-,I31
9,I09.9,"Rheumatic heart disease, unspecified",excludes1,rheumatoid carditis (M05.31),M05.31,M05
9,Block I10-I1A,Hypertensive diseases (I10-I1A),excludes1,neonatal hypertension (P29.2),P29.2,P29
9,Block I10-I1A,Hypertensive diseases (I10-I1A),excludes1,primary pulmonary hypertension (I27.0),I27.0,I27
9,I10,Essential (primary) hypertension,excludes1,"hypertensive disease complicating pregnancy, childbirth and the puerperium (O10-O11, O13-O16)",O10-O11; O13-O16,O10; O13
9,I12,Hypertensive chronic kidney disease,excludes1,"hypertension due to kidney disease (I15.0, I15.1)",I15.0; I15.1,I15
9,I12,Hypertensive chronic kidney disease,excludes1,renovascular hypertension (I15.0),I15.0,I15
9,I12,Hypertensive chronic kidney disease,excludes1,secondary hypertension (I15.-),I15.-,I15
9,I15,Secondary hypertension,excludes1,postprocedural hypertension (I97.3),I97.3,I97
9,I20,Angina pectoris,excludes1,angina pectoris with atherosclerotic heart disease of native coronary arteries (I25.1-),I25.1-,I25
9,I20,Angina pectoris,excludes1,atherosclerosis of coronary artery bypass graft(s) and coronary artery of transplanted heart with angina pectoris (I25.7-),I25.7-,I25
9,I20,Angina pectoris,excludes1,postinfarction angina (I23.7),I23.7,I23
9,I22,Subsequent ST elevation (STEMI) and non-ST elevation (NSTEMI) myocardial infarction,excludes1,"subsequent myocardial infarction, type 2 (I21.A1)",I21.A1,I21
9,I22,Subsequent ST elevation (STEMI) and non-ST elevation (NSTEMI) myocardial infarction,excludes1,subsequent myocardial infarction of other type (type 3) (type 4) (type 5) (I21.A9),I21.A9,I21
9,I23.0,Hemopericardium as current complication following acute myocardial infarction,excludes1,hemopericardium not specified as current complication following acute myocardial infarction (I31.2),I31.2,I31
9,I23.1,Atrial septal defect as current complication following acute myocardial infarction,excludes1,acquired atrial septal defect not specified as current complication following acute myocardial infarction (I51.0),I51.0,I51
9,I23.2,Ventricular septal defect as current complication following acute myocardial infarction,excludes1,acquired ventricular septal defect not specified as current complication following acute myocardial infarction (I51.0),I51.0,I51
9,I23.4,Rupture of chordae tendineae as current complication following acute myocardial infarction,excludes1,rupture of chordae tendineae not specified as current complication following acute myocardial infarction (I51.1),I51.1,I51
9,I23.5,Rupture of papillary muscle as current complication following acute myocardial infarction,excludes1,rupture of papillary muscle not specified as current complication following acute myocardial infarction (I51.2),I51.2,I51
9,I23.6,"Thrombosis of atrium, auricular appendage, and ventricle as current complications following acute myocardial infarction",excludes1,"thrombosis of atrium, auricular appendage, and ventricle not specified as current complication following acute myocardial infarction (I51.3)",I51.3,I51
9,I24,Other acute ischemic heart diseases,excludes1,angina pectoris (I20.-),I20.-,I20
9,I24,Other acute ischemic heart diseases,excludes1,transient myocardial ischemia in newborn (P29.4),P29.4,P29
9,I24.0,Acute coronary thrombosis not resulting in myocardial infarction,excludes1,atherosclerotic heart disease (I25.1-),I25.1-,I25
9,I24.1,Dressler's syndrome,excludes1,postinfarction angina (I23.7),I23.7,I23
9,I24.8,Other forms of acute ischemic heart disease,excludes1,myocardial infarction due to demand ischemia (I21.A1),I21.A1,I21
9,I24.9,"Acute ischemic heart disease, unspecified",excludes1,ischemic heart disease (chronic) NOS (I25.9),I25.9,I25
9,I25.110,Atherosclerotic heart disease of native coronary artery with unstable angina pectoris,excludes1,unstable angina without atherosclerotic heart disease (I20.0),I20.0,I20
9,I25.111,Atherosclerotic heart disease of native coronary artery with angina pectoris with documented spasm,excludes1,angina pectoris with documented spasm without atherosclerotic heart disease (I20.1),I20.1,I20
9,I25.118,Atherosclerotic heart disease of native coronary artery with other forms of angina pectoris,excludes1,other forms of angina pectoris without atherosclerotic heart disease (I20.8-),I20.8-,I20
9,I25.119,Atherosclerotic heart disease of native coronary artery with unspecified angina pectoris,excludes1,unspecified angina pectoris without atherosclerotic heart disease (I20.9),I20.9,I20
9,I25.41,Coronary artery aneurysm,excludes1,congenital coronary (artery) aneurysm (Q24.5),Q24.5,Q24
9,I25.7,Atherosclerosis of coronary artery bypass graft(s) and coronary artery of transplanted heart with angina pectoris,excludes1,atherosclerosis of bypass graft(s) of transplanted heart without angina pectoris (I25.812),I25.812,I25
9,I25.7,Atherosclerosis of coronary artery bypass graft(s) and coronary artery of transplanted heart with angina pectoris,excludes1,atherosclerosis of coronary artery bypass graft(s) without angina pectoris (I25.810),I25.810,I25
9,I25.7,Atherosclerosis of coronary artery bypass graft(s) and coronary artery of transplanted heart with angina pectoris,excludes1,atherosclerosis of native coronary artery of transplanted heart without angina pectoris (I25.811),I25.811,I25
9,I25.700,"Atherosclerosis of coronary artery bypass graft(s), unspecified, with unstable angina pectoris",excludes1,unstable angina pectoris without atherosclerosis of coronary artery bypass graft (I20.0),I20.0,I20
9,I25.701,"Atherosclerosis of coronary artery bypass graft(s), unspecified, with angina pectoris with documented spasm",excludes1,angina pectoris with documented spasm without atherosclerosis of coronary artery bypass graft (I20.1),I20.1,I20
9,I25.708,"Atherosclerosis of coronary artery bypass graft(s), unspecified, with other forms of angina pectoris",excludes1,other forms of angina pectoris without atherosclerosis of coronary artery bypass graft (I20.8-),I20.8-,I20
9,I25.709,"Atherosclerosis of coronary artery bypass graft(s), unspecified, with unspecified angina pectoris",excludes1,unspecified angina pectoris without atherosclerosis of coronary artery bypass graft (I20.9),I20.9,I20
9,I25.710,Atherosclerosis of autologous vein coronary artery bypass graft(s) with unstable angina pectoris,excludes1,unstable angina without atherosclerosis of autologous vein coronary artery bypass graft(s) (I20.0),I20.0,I20
9,I25.711,Atherosclerosis of autologous vein coronary artery bypass graft(s) with angina pectoris with documented spasm,excludes1,angina pectoris with documented spasm without atherosclerosis of autologous vein coronary artery bypass graft(s) (I20.1),I20.1,I20
9,I25.718,Atherosclerosis of autologous vein coronary artery bypass graft(s) with other forms of angina pectoris,excludes1,other forms of angina pectoris without atherosclerosis of autologous vein coronary artery bypass graft(s) (I20.8-),I20.8-,I20
9,I25.719,Atherosclerosis of autologous vein coronary artery bypass graft(s) with unspecified angina pectoris,excludes1,unspecified angina pectoris without atherosclerosis of autologous vein coronary artery bypass graft(s) (I20.9),I20.9,I20
9,I25.720,Atherosclerosis of autologous artery coronary artery bypass graft(s) with unstable angina pectoris,excludes1,unstable angina without atherosclerosis of autologous artery coronary artery bypass graft(s) (I20.0),I20.0,I20
9,I25.721,Atherosclerosis of autologous artery coronary artery bypass graft(s) with angina pectoris with documented spasm,excludes1,angina pectoris with documented spasm without atherosclerosis of autologous artery coronary artery bypass graft(s) (I20.1),I20.1,I20
9,I25.728,Atherosclerosis of autologous artery coronary artery bypass graft(s) with other forms of angina pectoris,excludes1,other forms of angina pectoris without atherosclerosis of autologous artery coronary artery bypass graft(s) (I20.8-),I20.8-,I20
9,I25.729,Atherosclerosis of autologous artery coronary artery bypass graft(s) with unspecified angina pectoris,excludes1,unspecified angina pectoris without atherosclerosis of autologous artery coronary artery bypass graft(s) (I20.9),I20.9,I20
9,I25.730,Atherosclerosis of nonautologous biological coronary artery bypass graft(s) with unstable angina pectoris,excludes1,unstable angina without atherosclerosis of nonautologous biological coronary artery bypass graft(s) (I20.0),I20.0,I20
9,I25.731,Atherosclerosis of nonautologous biological coronary artery bypass graft(s) with angina pectoris with documented spasm,excludes1,angina pectoris with documented spasm without atherosclerosis of nonautologous biological coronary artery bypass graft(s) (I20.1),I20.1,I20
9,I25.738,Atherosclerosis of nonautologous biological coronary artery bypass graft(s) with other forms of angina pectoris,excludes1,other forms of angina pectoris without atherosclerosis of nonautologous biological coronary artery bypass graft(s) (I20.8-),I20.8-,I20
9,I25.739,Atherosclerosis of nonautologous biological coronary artery bypass graft(s) with unspecified angina pectoris,excludes1,unspecified angina pectoris without atherosclerosis of nonautologous biological coronary artery bypass graft(s) (I20.9),I20.9,I20
9,I25.75,Atherosclerosis of native coronary artery of transplanted heart with angina pectoris,excludes1,atherosclerosis of native coronary artery of transplanted heart without angina pectoris (I25.811),I25.811,I25
9,I25.76,Atherosclerosis of bypass graft of coronary artery of transplanted heart with angina pectoris,excludes1,atherosclerosis of bypass graft of coronary artery of transplanted heart without angina pectoris (I25.812),I25.812,I25
9,I25.790,Atherosclerosis of other coronary artery bypass graft(s) with unstable angina pectoris,excludes1,unstable angina without atherosclerosis of other coronary artery bypass graft(s) (I20.0),I20.0,I20
9,I25.791,Atherosclerosis of other coronary artery bypass graft(s) with angina pectoris with documented spasm,excludes1,angina pectoris with documented spasm without atherosclerosis of other coronary artery bypass graft(s) (I20.1),I20.1,I20
9,I25.798,Atherosclerosis of other coronary artery bypass graft(s) with other forms of angina pectoris,excludes1,other forms of angina pectoris without atherosclerosis of other coronary artery bypass graft(s) (I20.8-),I20.8-,I20
9,I25.799,Atherosclerosis of other coronary artery bypass graft(s) with unspecified angina pectoris,excludes1,unspecified angina pectoris without atherosclerosis of other coronary artery bypass graft(s) (I20.9),I20.9,I20
9,I25.810,Atherosclerosis of coronary artery bypass graft(s) without angina pectoris,excludes1,"atherosclerosis of coronary bypass graft(s) with angina pectoris (I25.70-I25.73-, I25.79-)",I25.70-I25.73-; I25.79-,I25
9,I25.811,Atherosclerosis of native coronary artery of transplanted heart without angina pectoris,excludes1,atherosclerosis of native coronary artery of transplanted heart with angina pectoris (I25.75-),I25.75-,I25
9,I25.812,Atherosclerosis of bypass graft of coronary artery of transplanted heart without angina pectoris,excludes1,atherosclerosis of bypass graft of transplanted heart with angina pectoris (I25.76),I25.76,I25
9,I25.82,Chronic total occlusion of coronary artery,excludes1,"acute coronary occlusion with myocardial infarction (I21.0-I21.B, I22.-)",I21.0-I21.B; I22.-,I21; I22
9,I25.82,Chronic total occlusion of coronary artery,excludes1,acute coronary occlusion without myocardial infarction (I24.0),I24.0,I24
9,I26,Pulmonary embolism,excludes1,cor pulmonale without embolism (I27.81),I27.81,I27
9,I27.0,Primary pulmonary hypertension,excludes1,persistent pulmonary hypertension of newborn (P29.30),P29.30,P29
9,I27.0,Primary pulmonary hypertension,excludes1,pulmonary hypertension NOS (I27.20),I27.20,I27
9,I27.0,Primary pulmonary hypertension,excludes1,secondary pulmonary arterial hypertension (I27.21),I27.21,I27
9,I27.0,Primary pulmonary hypertension,excludes1,secondary pulmonary hypertension (I27.29),I27.29,I27
9,I27.2,Other secondary pulmonary hypertension,excludes1,Eisenmenger's syndrome (I27.83),I27.83,I27
9,I27.81,Cor pulmonale (chronic),excludes1,acute cor pulmonale (I26.0-),I26.0-,I26
9,I27.82,Chronic pulmonary embolism,excludes1,personal history of pulmonary embolism (Z86.711),Z86.711,Z86
9,I28.0,Arteriovenous fistula of pulmonary vessels,excludes1,congenital arteriovenous fistula (Q25.72),Q25.72,Q25
9,I28.1,Aneurysm of pulmonary artery,excludes1,congenital aneurysm (Q25.79),Q25.79,Q25
9,I28.1,Aneurysm of pulmonary artery,excludes1,congenital arteriovenous aneurysm (Q25.72),Q25.72,Q25
9,I30,Acute pericarditis,excludes1,Dressler's syndrome (I24.1),I24.1,I24
9,I30,Acute pericarditis,excludes1,rheumatic pericarditis (acute) (I01.0),I01.0,I01
9,I30,Acute pericarditis,excludes1,viral pericarditis due to Coxsackie virus (B33.23),B33.23,B33
9,I31,Other diseases of pericardium,excludes1,diseases of pericardium specified as rheumatic (I09.2),I09.2,I09
9,I31,Other diseases of pericardium,excludes1,postcardiotomy syndrome (I97.0),I97.0,I97
9,I31,Other diseases of pericardium,excludes1,traumatic injury to pericardium (S26.-),S26.-,S26
9,I31.2,"Hemopericardium, not elsewhere classified",excludes1,hemopericardium as current complication following acute myocardial infarction (I23.0),I23.0,I23
9,I31.2,"Hemopericardium, not elsewhere classified",excludes1,malignant pericardial effusion (I31.31),I31.31,I31
9,I31.3,Pericardial effusion (noninflammatory),excludes1,acute pericardial effusion (I30.9),I30.9,I30
9,I32,Pericarditis in diseases classified elsewhere,excludes1,pericarditis (in):,,
9,I32,Pericarditis in diseases classified elsewhere,excludes1,coxsackie (virus) (B33.23),B33.23,B33
9,I32,Pericarditis in diseases classified elsewhere,excludes1,gonococcal (A54.83),A54.83,A54
9,I32,Pericarditis in diseases classified elsewhere,excludes1,meningococcal (A39.53),A39.53,A39
9,I32,Pericarditis in diseases classified elsewhere,excludes1,rheumatoid (arthritis) (M05.31),M05.31,M05
9,I32,Pericarditis in diseases classified elsewhere,excludes1,syphilitic (A52.06),A52.06,A52
9,I32,Pericarditis in diseases classified elsewhere,excludes1,systemic lupus erythematosus (M32.12),M32.12,M32
9,I32,Pericarditis in diseases classified elsewhere,excludes1,tuberculosis (A18.84),A18.84,A18
9,I33,Acute and subacute endocarditis,excludes1,acute rheumatic endocarditis (I01.1),I01.1,I01
9,I33,Acute and subacute endocarditis,excludes1,endocarditis NOS (I38),I38,I38
9,I34,Nonrheumatic mitral valve disorders,excludes1,mitral valve disease (I05.9),I05.9,I05
9,I34,Nonrheumatic mitral valve disorders,excludes1,mitral valve failure (I05.8),I05.8,I05
9,I34,Nonrheumatic mitral valve disorders,excludes1,mitral valve stenosis (I05.0),I05.0,I05
9,I34,Nonrheumatic mitral valve disorders,excludes1,mitral valve disorder of unspecified cause with diseases of aortic and/or tricuspid valve(s) (I08.-),I08.-,I08
9,I34,Nonrheumatic mitral valve disorders,excludes1,mitral valve disorder of unspecified cause with mitral stenosis or obstruction (I05.0),I05.0,I05
9,I34,Nonrheumatic mitral valve disorders,excludes1,"mitral valve disorder specified as congenital (Q23.2, Q23.9)",Q23.2; Q23.9,Q23
9,I34,Nonrheumatic mitral valve disorders,excludes1,mitral valve disorder specified as rheumatic (I05.-),I05.-,I05
9,I34.1,Nonrheumatic mitral (valve) prolapse,excludes1,Marfan's syndrome (Q87.4-),Q87.4-,Q87
9,I36,Nonrheumatic tricuspid valve disorders,excludes1,tricuspid valve disorders of unspecified cause (I07.-),I07.-,I07
9,I36,Nonrheumatic tricuspid valve disorders,excludes1,"tricuspid valve disorders specified as congenital (Q22.4, Q22.8, Q22.9)",Q22.4; Q22.8; Q22.9,Q22
9,I36,Nonrheumatic tricuspid valve disorders,excludes1,tricuspid valve disorders specified as rheumatic (I07.-),I07.-,I07
9,I36,Nonrheumatic tricuspid valve disorders,excludes1,tricuspid valve disorders with aortic and/or mitral valve involvement (I08.-),I08.-,I08
9,I37,Nonrheumatic pulmonary valve disorders,excludes1,"pulmonary valve disorder specified as congenital (Q22.1, Q22.2, Q22.3)",Q22.1; Q22.2; Q22.3,Q22
9,I37,Nonrheumatic pulmonary valve disorders,excludes1,pulmonary valve disorder specified as rheumatic (I09.89),I09.89,I09
9,I38,"Endocarditis, valve unspecified",excludes1,congenital insufficiency of cardiac valve NOS (Q24.8),Q24.8,Q24
9,I38,"Endocarditis, valve unspecified",excludes1,congenital stenosis of cardiac valve NOS (Q24.8),Q24.8,Q24
9,I38,"Endocarditis, valve unspecified",excludes1,endocardial fibroelastosis (I42.4),I42.4,I42
9,I38,"Endocarditis, valve unspecified",excludes1,endocarditis specified as rheumatic (I09.1),I09.1,I09
9,I39,Endocarditis and heart valve disorders in diseases classified elsewhere,excludes1,endocardial involvement in:,,
9,I39,Endocarditis and heart valve disorders in diseases classified elsewhere,excludes1,candidiasis (B37.6),B37.6,B37
9,I39,Endocarditis and heart valve disorders in diseases classified elsewhere,excludes1,gonococcal infection (A54.83),A54.83,A54
9,I39,Endocarditis and heart valve disorders in diseases classified elsewhere,excludes1,Libman-Sacks disease (M32.11),M32.11,M32
9,I39,Endocarditis and heart valve disorders in diseases classified elsewhere,excludes1,listerosis (A32.82),A32.82,A32
9,I39,Endocarditis and heart valve disorders in diseases classified elsewhere,excludes1,meningococcal infection (A39.51),A39.51,A39
9,I39,Endocarditis and heart valve disorders in diseases classified elsewhere,excludes1,rheumatoid arthritis (M05.31),M05.31,M05
9,I39,Endocarditis and heart valve disorders in diseases classified elsewhere,excludes1,syphilis (A52.03),A52.03,A52
9,I39,Endocarditis and heart valve disorders in diseases classified elsewhere,excludes1,tuberculosis (A18.84),A18.84,A18
9,I39,Endocarditis and heart valve disorders in diseases classified elsewhere,excludes1,typhoid fever (A01.02),A01.02,A01
9,I40,Acute myocarditis,excludes1,acute rheumatic myocarditis (I01.2),I01.2,I01
9,I41,Myocarditis in diseases classified elsewhere,excludes1,myocarditis (in):,,
9,I41,Myocarditis in diseases classified elsewhere,excludes1,Chagas' disease (chronic) (B57.2),B57.2,B57
9,I41,Myocarditis in diseases classified elsewhere,excludes1,acute (B57.0),B57.0,B57
9,I41,Myocarditis in diseases classified elsewhere,excludes1,coxsackie (virus) infection (B33.22),B33.22,B33
9,I41,Myocarditis in diseases classified elsewhere,excludes1,diphtheritic (A36.81),A36.81,A36
9,I41,Myocarditis in diseases classified elsewhere,excludes1,gonococcal (A54.83),A54.83,A54
9,I41,Myocarditis in diseases classified elsewhere,excludes1,"influenzal (J09.X9, J10.82, J11.82)",J09.X9; J10.82; J11.82,J09; J10; J11
9,I41,Myocarditis in diseases classified elsewhere,excludes1,meningococcal (A39.52),A39.52,A39
9,I41,Myocarditis in diseases classified elsewhere,excludes1,mumps (B26.82),B26.82,B26
9,I41,Myocarditis in diseases classified elsewhere,excludes1,rheumatoid arthritis (M05.31),M05.31,M05
9,I41,Myocarditis in diseases classified elsewhere,excludes1,sarcoid (D86.85),D86.85,D86
9,I41,Myocarditis in diseases classified elsewhere,excludes1,syphilis (A52.06),A52.06,A52
9,I41,Myocarditis in diseases classified elsewhere,excludes1,toxoplasmosis (B58.81),B58.81,B58
9,I41,Myocarditis in diseases classified elsewhere,excludes1,tuberculous (A18.84),A18.84,A18
9,I43,Cardiomyopathy in diseases classified elsewhere,excludes1,cardiomyopathy (in):,,
9,I43,Cardiomyopathy in diseases classified elsewhere,excludes1,coxsackie (virus) (B33.24),B33.24,B33
9,I43,Cardiomyopathy in diseases classified elsewhere,excludes1,diphtheria (A36.81),A36.81,A36
9,I43,Cardiomyopathy in diseases classified elsewhere,excludes1,sarcoidosis (D86.85),D86.85,D86
9,I43,Cardiomyopathy in diseases classified elsewhere,excludes1,tuberculosis (A18.84),A18.84,A18
9,I45.5,Other specified heart block,excludes1,heart block NOS (I45.9),I45.9,I45
9,I47,Paroxysmal tachycardia,excludes1,tachycardia NOS (R00.0),R00.0,R00
9,I47,Paroxysmal tachycardia,excludes1,sinoauricular tachycardia NOS (R00.0),R00.0,R00
9,I47,Paroxysmal tachycardia,excludes1,sinus [sinusal] tachycardia NOS (R00.0),R00.0,R00
9,I48.1,Persistent atrial fibrillation,excludes1,Permanent atrial fibrillation (I48.21),I48.21,I48
9,I48.20,"Chronic atrial fibrillation, unspecified",excludes1,Chronic persistent atrial fibrillation (I48.19),I48.19,I48
9,I50.1,"Left ventricular failure, unspecified",excludes1,edema of lung without heart disease or heart failure (J81.-),J81.-,J81
9,I50.1,"Left ventricular failure, unspecified",excludes1,pulmonary edema without heart disease or failure (J81.-),J81.-,J81
9,I50.2,Systolic (congestive) heart failure,excludes1,combined systolic (congestive) and diastolic (congestive) heart failure (I50.4-),I50.4-,I50
9,I50.3,Diastolic (congestive) heart failure,excludes1,combined systolic (congestive) and diastolic (congestive) heart failure (I50.4-),I50.4-,I50
9,I50.814,Right heart failure due to left heart failure,excludes1,Right heart failure with but not due to left heart failure (I50.82),I50.82,I50
9,I51.0,"Cardiac septal defect, acquired",excludes1,"cardiac septal defect as current complication following acute myocardial infarction (I23.1, I23.2)",I23.1; I23.2,I23
9,I51.1,"Rupture of chordae tendineae, not elsewhere classified",excludes1,rupture of chordae tendineae as current complication following acute myocardial infarction (I23.4),I23.4,I23
9,I51.2,"Rupture of papillary muscle, not elsewhere classified",excludes1,rupture of papillary muscle as current complication following acute myocardial infarction (I23.5),I23.5,I23
9,I51.3,"Intracardiac thrombosis, not elsewhere classified",excludes1,intracardiac thrombosis as current complication following acute myocardial infarction (I23.6),I23.6,I23
9,I51.4,"Myocarditis, unspecified",excludes1,acute or subacute myocarditis (I40.-),I40.-,I40
9,I51.5,Myocardial degeneration,excludes1,myocardial degeneration due to hypertension (I11.-),I11.-,I11
9,I51.5,Myocardial degeneration,excludes1,myocardial degeneration due to hypertension and chronic kidney disease (I13.-),I13.-,I13
9,I51.7,Cardiomegaly,excludes1,cardiomegaly due to hypertension (I11.-),I11.-,I11
9,I51.7,Cardiomegaly,excludes1,cardiomegaly due to hypertension and chronic kidney disease (I13.-),I13.-,I13
9,I52,Other heart disorders in diseases classified elsewhere,excludes1,heart disease (in):,,
9,I52,Other heart disorders in diseases classified elsewhere,excludes1,gonococcal infection (A54.83),A54.83,A54
9,I52,Other heart disorders in diseases classified elsewhere,excludes1,meningococcal infection (A39.50),A39.50,A39
9,I52,Other heart disorders in diseases classified elsewhere,excludes1,rheumatoid arthritis (M05.31),M05.31,M05
9,I52,Other heart disorders in diseases classified elsewhere,excludes1,syphilis (A52.06),A52.06,A52
9,I5A,Non-ischemic myocardial injury (non-traumatic),excludes1,acute myocardial infarction (I21.-),I21.-,I21
9,I5A,Non-ischemic myocardial injury (non-traumatic),excludes1,injury of heart (S26.-),S26.-,S26
9,Block I60-I69,Cerebrovascular diseases (I60-I69),excludes1,traumatic intracranial hemorrhage (S06.-),S06.-,S06
9,I60,Nontraumatic subarachnoid hemorrhage,excludes1,syphilitic ruptured cerebral aneurysm (A52.05),A52.05,A52
9,I60.7,Nontraumatic subarachnoid hemorrhage from unspecified intracranial artery,excludes1,"berry aneurysm, nonruptured (I67.1)",I67.1,I67
9,I63,Cerebral infarction,excludes1,neonatal cerebral infarction (P91.82-),P91.82-,P91
9,I65,"Occlusion and stenosis of precerebral arteries, not resulting in cerebral infarction",excludes1,"insufficiency, NOS, of precerebral artery (G45.-)",G45.-,G45
9,I65,"Occlusion and stenosis of precerebral arteries, not resulting in cerebral infarction",excludes1,insufficiency of precerebral arteries causing cerebral infarction (I63.0-I63.2),I63.0-I63.2,I63
9,I66,"Occlusion and stenosis of cerebral arteries, not resulting in cerebral infarction",excludes1,Occlusion and stenosis of cerebral artery causing cerebral infarction (I63.3-I63.5),I63.3-I63.5,I63
9,I67,Other cerebrovascular diseases,excludes1,Occlusion and stenosis of cerebral artery causing cerebral infarction (I63.3-I63.5-),I63.3-I63.5-,I63
9,I67,Other cerebrovascular diseases,excludes1,Occlusion and stenosis of precerebral artery causing cerebral infarction (I63.2-),I63.2-,I63
9,I67.0,"Dissection of cerebral arteries, nonruptured",excludes1,ruptured cerebral arteries (I60.7),I60.7,I60
9,I67.1,"Cerebral aneurysm, nonruptured",excludes1,"congenital cerebral aneurysm, nonruptured (Q28.-)",Q28.-,Q28
9,I67.1,"Cerebral aneurysm, nonruptured",excludes1,ruptured cerebral aneurysm (I60.7),I60.7,I60
9,I67.6,Nonpyogenic thrombosis of intracranial venous system,excludes1,nonpyogenic thrombosis of intracranial venous system causing infarction (I63.6),I63.6,I63
9,I67.7,"Cerebral arteritis, not elsewhere classified",excludes1,allergic granulomatous angiitis (M30.1),M30.1,M30
9,I68.2,Cerebral arteritis in other diseases classified elsewhere,excludes1,cerebral arteritis (in):,,
9,I68.2,Cerebral arteritis in other diseases classified elsewhere,excludes1,listerosis (A32.89),A32.89,A32
9,I68.2,Cerebral arteritis in other diseases classified elsewhere,excludes1,systemic lupus erythematosus (M32.19),M32.19,M32
9,I68.2,Cerebral arteritis in other diseases classified elsewhere,excludes1,syphilis (A52.04),A52.04,A52
9,I68.2,Cerebral arteritis in other diseases classified elsewhere,excludes1,tuberculosis (A18.89),A18.89,A18
9,I68.8,Other cerebrovascular disorders in diseases classified elsewhere,excludes1,syphilitic cerebral aneurysm (A52.05),A52.05,A52
9,I69,Sequelae of cerebrovascular disease,excludes1,personal history of cerebral infarction without residual deficit (Z86.73),Z86.73,Z86
9,I69,Sequelae of cerebrovascular disease,excludes1,personal history of prolonged reversible ischemic neurologic deficit (PRIND) (Z86.73),Z86.73,Z86
9,I69,Sequelae of cerebrovascular disease,excludes1,personal history of reversible ischemic neurologcial deficit (RIND) (Z86.73),Z86.73,Z86
9,I69,Sequelae of cerebrovascular disease,excludes1,sequelae of traumatic intracranial injury (S06.-),S06.-,S06
9,I69.06,Other paralytic syndrome following nontraumatic subarachnoid hemorrhage,excludes1,hemiplegia/hemiparesis following nontraumatic subarachnoid hemorrhage (I69.05-),I69.05-,I69
9,I69.06,Other paralytic syndrome following nontraumatic subarachnoid hemorrhage,excludes1,monoplegia of lower limb following nontraumatic subarachnoid hemorrhage (I69.04-),I69.04-,I69
9,I69.06,Other paralytic syndrome following nontraumatic subarachnoid hemorrhage,excludes1,monoplegia of upper limb following nontraumatic subarachnoid hemorrhage (I69.03-),I69.03-,I69
9,I69.16,Other paralytic syndrome following nontraumatic intracerebral hemorrhage,excludes1,hemiplegia/hemiparesis following nontraumatic intracerebral hemorrhage (I69.15-),I69.15-,I69
9,I69.16,Other paralytic syndrome following nontraumatic intracerebral hemorrhage,excludes1,monoplegia of lower limb following nontraumatic intracerebral hemorrhage (I69.14-),I69.14-,I69
9,I69.16,Other paralytic syndrome following nontraumatic intracerebral hemorrhage,excludes1,monoplegia of upper limb following nontraumatic intracerebral hemorrhage (I69.13-),I69.13-,I69
9,I69.26,Other paralytic syndrome following other nontraumatic intracranial hemorrhage,excludes1,hemiplegia/hemiparesis following other nontraumatic intracranial hemorrhage (I69.25-),I69.25-,I69
9,I69.26,Other paralytic syndrome following other nontraumatic intracranial hemorrhage,excludes1,monoplegia of lower limb following other nontraumatic intracranial hemorrhage (I69.24-),I69.24-,I69
9,I69.26,Other paralytic syndrome following other nontraumatic intracranial hemorrhage,excludes1,monoplegia of upper limb following other nontraumatic intracranial hemorrhage (I69.23-),I69.23-,I69
9,I69.36,Other paralytic syndrome following cerebral infarction,excludes1,hemiplegia/hemiparesis following cerebral infarction (I69.35-),I69.35-,I69
9,I69.36,Other paralytic syndrome following cerebral infarction,excludes1,monoplegia of lower limb following cerebral infarction (I69.34-),I69.34-,I69
9,I69.36,Other paralytic syndrome following cerebral infarction,excludes1,monoplegia of upper limb following cerebral infarction (I69.33-),I69.33-,I69
9,I69.8,Sequelae of other cerebrovascular diseases,excludes1,sequelae of traumatic intracranial injury (S06.-),S06.-,S06
9,I69.86,Other paralytic syndrome following other cerebrovascular disease,excludes1,hemiplegia/hemiparesis following other cerebrovascular disease (I69.85-),I69.85-,I69
9,I69.86,Other paralytic syndrome following other cerebrovascular disease,excludes1,monoplegia of lower limb following other cerebrovascular disease (I69.84-),I69.84-,I69
9,I69.86,Other paralytic syndrome following other cerebrovascular disease,excludes1,monoplegia of upper limb following other cerebrovascular disease (I69.83-),I69.83-,I69
9,I69.9,Sequelae of unspecified cerebrovascular diseases,excludes1,sequelae of stroke (I69.3),I69.3,I69
9,I69.9,Sequelae of unspecified cerebrovascular diseases,excludes1,sequelae of traumatic intracranial injury (S06.-),S06.-,S06
9,I69.96,Other paralytic syndrome following unspecified cerebrovascular disease,excludes1,hemiplegia/hemiparesis following unspecified cerebrovascular disease (I69.95-),I69.95-,I69
9,I69.96,Other paralytic syndrome following unspecified cerebrovascular disease,excludes1,monoplegia of lower limb following unspecified cerebrovascular disease (I69.94-),I69.94-,I69
9,I69.96,Other paralytic syndrome following unspecified cerebrovascular disease,excludes1,monoplegia of upper limb following unspecified cerebrovascular disease (I69.93-),I69.93-,I69
9,I70.3,Atherosclerosis of unspecified type of bypass graft(s) of the extremities,excludes1,embolism or thrombus of bypass graft(s) of extremities (T82.8-),T82.8-,T82
9,I72.0,Aneurysm of carotid artery,excludes1,"aneurysm of internal carotid artery, intracranial portion (I67.1)",I67.1,I67
9,I72.0,Aneurysm of carotid artery,excludes1,aneurysm of internal carotid artery NOS (I67.1),I67.1,I67
9,I73.8,Other specified peripheral vascular diseases,excludes1,diabetic (peripheral) angiopathy (E08-E13 with .51-.52),,
9,I73.9,"Peripheral vascular disease, unspecified",excludes1,atherosclerosis of the extremities (I70.2--I70.7-),I70.2--I70.7-,I70
9,I77.0,"Arteriovenous fistula, acquired",excludes1,arteriovenous aneurysm NOS (Q27.3-),Q27.3-,Q27
9,I77.0,"Arteriovenous fistula, acquired",excludes1,presence of arteriovenous shunt (fistula) for dialysis (Z99.2),Z99.2,Z99
9,I77.0,"Arteriovenous fistula, acquired",excludes1,traumatic - see injury of blood vessel by body region,,
9,I77.2,Rupture of artery,excludes1,traumatic rupture of artery - see injury of blood vessel by body region,,
9,I77.6,"Arteritis, unspecified",excludes1,arteritis or endarteritis:,,
9,I77.6,"Arteritis, unspecified",excludes1,aortic arch (M31.4),M31.4,M31
9,I77.6,"Arteritis, unspecified",excludes1,cerebral NEC (I67.7),I67.7,I67
9,I77.6,"Arteritis, unspecified",excludes1,coronary (I25.89),I25.89,I25
9,I77.6,"Arteritis, unspecified",excludes1,deformans (I70.-),I70.-,I70
9,I77.6,"Arteritis, unspecified",excludes1,"giant cell (M31.5, M31.6)",M31.5; M31.6,M31
9,I77.6,"Arteritis, unspecified",excludes1,obliterans (I70.-),I70.-,I70
9,I77.6,"Arteritis, unspecified",excludes1,senile (I70.-),I70.-,I70
9,I77.81,Aortic ectasia,excludes1,aortic aneurysm and dissection (I71.-),I71.-,I71
9,I78.1,"Nevus, non-neoplastic",excludes1,nevus NOS (D22.-),D22.-,D22
9,I78.1,"Nevus, non-neoplastic",excludes1,vascular NOS (Q82.5),Q82.5,Q82
9,I79.0,Aneurysm of aorta in diseases classified elsewhere,excludes1,syphilitic aneurysm (A52.01),A52.01,A52
9,I79.1,Aortitis in diseases classified elsewhere,excludes1,syphilitic aortitis (A52.02),A52.02,A52
9,I79.8,"Other disorders of arteries, arterioles and capillaries in diseases classified elsewhere",excludes1,diabetic (peripheral) angiopathy (E08-E13 with .51-.52),,
9,I79.8,"Other disorders of arteries, arterioles and capillaries in diseases classified elsewhere",excludes1,syphilitic endarteritis (A52.09),A52.09,A52
9,I79.8,"Other disorders of arteries, arterioles and capillaries in diseases classified elsewhere",excludes1,tuberculous endarteritis (A18.89),A18.89,A18
9,I80,Phlebitis and thrombophlebitis,excludes1,"venous embolism and thrombosis of lower extremities (I82.4-, I82.5-, I82.81-)",I82.4-; I82.5-; I82.81-,I82
9,I82.40,Acute embolism and thrombosis of unspecified deep veins of lower extremity,excludes1,acute embolism and thrombosis of unspecified deep veins of distal lower extremity (I82.4Z-),I82.4Z-,I82
9,I82.40,Acute embolism and thrombosis of unspecified deep veins of lower extremity,excludes1,acute embolism and thrombosis of unspecified deep veins of proximal lower extremity (I82.4Y-),I82.4Y-,I82
9,I82.5,Chronic embolism and thrombosis of deep veins of lower extremity,excludes1,personal history of venous embolism and thrombosis (Z86.718),Z86.718,Z86
9,I82.50,Chronic embolism and thrombosis of unspecified deep veins of lower extremity,excludes1,chronic embolism and thrombosis of unspecified deep veins of distal lower extremity (I82.5Z-),I82.5Z-,I82
9,I82.50,Chronic embolism and thrombosis of unspecified deep veins of lower extremity,excludes1,chronic embolism and thrombosis of unspecified deep veins of proximal lower extremity (I82.5Y-),I82.5Y-,I82
9,I82.7,Chronic embolism and thrombosis of veins of upper extremity,excludes1,personal history of venous embolism and thrombosis (Z86.718),Z86.718,Z86
9,I86,Varicose veins of other sites,excludes1,varicose veins of unspecified site (I83.9-),I83.9-,I83
9,I86.3,Vulval varices,excludes1,vulval varices complicating childbirth and the puerperium (O87.8),O87.8,O87
9,I86.3,Vulval varices,excludes1,vulval varices complicating pregnancy (O22.1-),O22.1-,O22
9,I87.0,Postthrombotic syndrome,excludes1,chronic venous hypertension without deep vein thrombosis (I87.3-),I87.3-,I87
9,I87.2,Venous insufficiency (chronic) (peripheral),excludes1,"stasis dermatitis with varicose veins of lower extremities (I83.1-, I83.2-)",I83.1-; I83.2-,I83
9,I87.3,Chronic venous hypertension (idiopathic),excludes1,chronic venous hypertension due to deep vein thrombosis (I87.0-),I87.0-,I87
9,I87.3,Chronic venous hypertension (idiopathic),excludes1,varicose veins of lower extremities (I83.-),I83.-,I83
9,I88,Nonspecific lymphadenitis,excludes1,"acute lymphadenitis, except mesenteric (L04.-)",L04.-,L04
9,I88,Nonspecific lymphadenitis,excludes1,enlarged lymph nodes NOS (R59.-),R59.-,R59
9,I88,Nonspecific lymphadenitis,excludes1,human immunodeficiency virus [HIV] disease resulting in generalized lymphadenopathy (B20),B20,B20
9,I89,Other noninfective disorders of lymphatic vessels and lymph nodes,excludes1,"chylocele, tunica vaginalis (nonfilarial) NOS (N50.89)",N50.89,N50
9,I89,Other noninfective disorders of lymphatic vessels and lymph nodes,excludes1,enlarged lymph nodes NOS (R59.-),R59.-,R59
9,I89,Other noninfective disorders of lymphatic vessels and lymph nodes,excludes1,filarial chylocele (B74.-),B74.-,B74
9,I89,Other noninfective disorders of lymphatic vessels and lymph nodes,excludes1,hereditary lymphedema (Q82.0),Q82.0,Q82
9,I89.0,"Lymphedema, not elsewhere classified",excludes1,postmastectomy lymphedema (I97.2),I97.2,I97
9,I89.1,Lymphangitis,excludes1,acute lymphangitis (L03.-),L03.-,L03
9,I95,Hypotension,excludes1,cardiovascular collapse (R57.9),R57.9,R57
9,I95,Hypotension,excludes1,maternal hypotension syndrome (O26.5-),O26.5-,O26
9,I95,Hypotension,excludes1,nonspecific low blood pressure reading NOS (R03.1),R03.1,R03
9,I95.1,Orthostatic hypotension,excludes1,neurogenic orthostatic hypotension [Shy-Drager] (G90.3),G90.3,G90
9,I95.1,Orthostatic hypotension,excludes1,orthostatic hypotension due to drugs (I95.2),I95.2,I95
9,I96,"Gangrene, not elsewhere classified",excludes1,gangrene in atherosclerosis of native arteries of the extremities (I70.26),I70.26,I70
9,I96,"Gangrene, not elsewhere classified",excludes1,"gangrene in hernia (K40.1, K40.4, K41.1, K41.4, K42.1, K43.1-, K44.1, K45.1, K46.1)",K40.1; K40.4; K41.1; K41.4; K42.1; K43.1-; K44.1; K45.1; K46.1,K40; K41; K42; K43; K44; K45; K46
9,I96,"Gangrene, not elsewhere classified",excludes1,gangrene in other peripheral vascular diseases (I73.-),I73.-,I73
9,I96,"Gangrene, not elsewhere classified",excludes1,gangrene of certain specified sites - see Alphabetical Index,,
9,I96,"Gangrene, not elsewhere classified",excludes1,gas gangrene (A48.0),A48.0,A48
9,I96,"Gangrene, not elsewhere classified",excludes1,pyoderma gangrenosum (L88),L88,L88
9,I97.4,Intraoperative hemorrhage and hematoma of a circulatory system organ or structure complicating a procedure,excludes1,intraoperative hemorrhage and hematoma of a circulatory system organ or structure due to accidental puncture and laceration during a procedure (I97.5-),I97.5-,I97
10,Block J00-J06,Acute upper respiratory infections (J00-J06),excludes1,chronic obstructive pulmonary disease with acute lower respiratory infection (J44.0),J44.0,J44
10,J00,Acute nasopharyngitis [common cold],excludes1,acute pharyngitis (J02.-),J02.-,J02
10,J00,Acute nasopharyngitis [common cold],excludes1,acute sore throat NOS (J02.9),J02.9,J02
10,J00,Acute nasopharyngitis [common cold],excludes1,"influenza virus with other respiratory manifestations (J09.X2, J10.1, J11.1)",J09.X2; J10.1; J11.1,J09; J10; J11
10,J00,Acute nasopharyngitis [common cold],excludes1,pharyngitis NOS (J02.9),J02.9,J02
10,J00,Acute nasopharyngitis [common cold],excludes1,rhinitis NOS (J31.0),J31.0,J31
10,J00,Acute nasopharyngitis [common cold],excludes1,sore throat NOS (J02.9),J02.9,J02
10,J01,Acute sinusitis,excludes1,sinusitis NOS (J32.9),J32.9,J32
10,J02,Acute pharyngitis,excludes1,acute laryngopharyngitis (J06.0),J06.0,J06
10,J02,Acute pharyngitis,excludes1,peritonsillar abscess (J36),J36,J36
10,J02,Acute pharyngitis,excludes1,pharyngeal abscess (J39.1),J39.1,J39
10,J02,Acute pharyngitis,excludes1,retropharyngeal abscess (J39.0),J39.0,J39
10,J02.8,Acute pharyngitis due to other specified organisms,excludes1,acute pharyngitis due to coxsackie virus (B08.5),B08.5,B08
10,J02.8,Acute pharyngitis due to other specified organisms,excludes1,acute pharyngitis due to gonococcus (A54.5),A54.5,A54
10,J02.8,Acute pharyngitis due to other specified organisms,excludes1,acute pharyngitis due to herpes [simplex] virus (B00.2),B00.2,B00
10,J02.8,Acute pharyngitis due to other specified organisms,excludes1,acute pharyngitis due to infectious mononucleosis (B27.-),B27.-,B27
10,J02.8,Acute pharyngitis due to other specified organisms,excludes1,enteroviral vesicular pharyngitis (B08.5),B08.5,B08
10,J02.9,"Acute pharyngitis, unspecified",excludes1,"influenza virus with other respiratory manifestations (J09.X2, J10.1, J11.1)",J09.X2; J10.1; J11.1,J09; J10; J11
10,J03,Acute tonsillitis,excludes1,acute sore throat (J02.-),J02.-,J02
10,J03,Acute tonsillitis,excludes1,hypertrophy of tonsils (J35.1),J35.1,J35
10,J03,Acute tonsillitis,excludes1,peritonsillar abscess (J36),J36,J36
10,J03,Acute tonsillitis,excludes1,sore throat NOS (J02.9),J02.9,J02
10,J03,Acute tonsillitis,excludes1,streptococcal sore throat (J02.0),J02.0,J02
10,J03.8,Acute tonsillitis due to other specified organisms,excludes1,diphtheritic tonsillitis (A36.0),A36.0,A36
10,J03.8,Acute tonsillitis due to other specified organisms,excludes1,herpesviral pharyngotonsillitis (B00.2),B00.2,B00
10,J03.8,Acute tonsillitis due to other specified organisms,excludes1,streptococcal tonsillitis (J03.0),J03.0,J03
10,J03.8,Acute tonsillitis due to other specified organisms,excludes1,tuberculous tonsillitis (A15.8),A15.8,A15
10,J03.8,Acute tonsillitis due to other specified organisms,excludes1,Vincent's tonsillitis (A69.1),A69.1,A69
10,J03.9,"Acute tonsillitis, unspecified",excludes1,"influenza virus with other respiratory manifestations (J09.X2, J10.1, J11.1)",J09.X2; J10.1; J11.1,J09; J10; J11
10,J04,Acute laryngitis and tracheitis,excludes1,acute obstructive laryngitis [croup] and epiglottitis (J05.-),J05.-,J05
10,J04.0,Acute laryngitis,excludes1,acute obstructive laryngitis (J05.0),J05.0,J05
10,J04.2,Acute laryngotracheitis,excludes1,acute obstructive laryngotracheitis (J05.0),J05.0,J05
10,J06,Acute upper respiratory infections of multiple and unspecified sites,excludes1,acute respiratory infection NOS (J22),J22,J22
10,J06,Acute upper respiratory infections of multiple and unspecified sites,excludes1,"influenza virus with other respiratory manifestations (J09.X2, J10.1, J11.1)",J09.X2; J10.1; J11.1,J09; J10; J11
10,J06,Acute upper respiratory infections of multiple and unspecified sites,excludes1,streptococcal pharyngitis (J02.0),J02.0,J02
10,J09,Influenza due to certain identified influenza viruses,excludes1,influenza A/H1N1 (J10.-),J10.-,J10
10,J09,Influenza due to certain identified influenza viruses,excludes1,influenza due to other identified influenza virus (J10.-),J10.-,J10
10,J09,Influenza due to certain identified influenza viruses,excludes1,influenza due to unidentified influenza virus (J11.-),J11.-,J11
10,J09,Influenza due to certain identified influenza viruses,excludes1,seasonal influenza due to other identified influenza virus (J10.-),J10.-,J10
10,J09,Influenza due to certain identified influenza viruses,excludes1,seasonal influenza due to unidentified influenza virus (J11.-),J11.-,J11
10,J09.X3,Influenza due to identified novel influenza A virus with gastrointestinal manifestations,excludes1,'intestinal flu' [viral gastroenteritis] (A08.-),A08.-,A08
10,J10,Influenza due to other identified influenza virus,excludes1,influenza due to avian influenza virus (J09.X-),J09.X-,J09
10,J10,Influenza due to other identified influenza virus,excludes1,influenza due to swine flu (J09.X-),J09.X-,J09
10,J10,Influenza due to other identified influenza virus,excludes1,influenza due to unidentifed influenza virus (J11.-),J11.-,J11
10,J10.2,Influenza due to other identified influenza virus with gastrointestinal manifestations,excludes1,'intestinal flu' [viral gastroenteritis] (A08.-),A08.-,A08
10,J11.2,Influenza due to unidentified influenza virus with gastrointestinal manifestations,excludes1,'intestinal flu' [viral gastroenteritis] (A08.-),A08.-,A08
10,J13,Pneumonia due to Streptococcus pneumoniae,excludes1,congenital pneumonia due to S. pneumoniae (P23.6),P23.6,P23
10,J13,Pneumonia due to Streptococcus pneumoniae,excludes1,"lobar pneumonia, unspecified organism (J18.1)",J18.1,J18
10,J13,Pneumonia due to Streptococcus pneumoniae,excludes1,pneumonia due to other streptococci (J15.3-J15.4),J15.3-J15.4,J15
10,J14,Pneumonia due to Hemophilus influenzae,excludes1,congenital pneumonia due to H. influenzae (P23.6),P23.6,P23
10,J15,"Bacterial pneumonia, not elsewhere classified",excludes1,chlamydial pneumonia (J16.0),J16.0,J16
10,J15,"Bacterial pneumonia, not elsewhere classified",excludes1,congenital pneumonia (P23.-),P23.-,P23
10,J15,"Bacterial pneumonia, not elsewhere classified",excludes1,Legionnaires' disease (A48.1),A48.1,A48
10,J15,"Bacterial pneumonia, not elsewhere classified",excludes1,spirochetal pneumonia (A69.8),A69.8,A69
10,J15.4,Pneumonia due to other streptococci,excludes1,"pneumonia due to streptococcus, group B (J15.3)",J15.3,J15
10,J15.4,Pneumonia due to other streptococci,excludes1,pneumonia due to Streptococcus pneumoniae (J13),J13,J13
10,J16,"Pneumonia due to other infectious organisms, not elsewhere classified",excludes1,congenital pneumonia (P23.-),P23.-,P23
10,J16,"Pneumonia due to other infectious organisms, not elsewhere classified",excludes1,ornithosis (A70),A70,A70
10,J16,"Pneumonia due to other infectious organisms, not elsewhere classified",excludes1,pneumocystosis (B59),B59,B59
10,J16,"Pneumonia due to other infectious organisms, not elsewhere classified",excludes1,pneumonia NOS (J18.9),J18.9,J18
10,J17,Pneumonia in diseases classified elsewhere,excludes1,candidial pneumonia (B37.1),B37.1,B37
10,J17,Pneumonia in diseases classified elsewhere,excludes1,chlamydial pneumonia (J16.0),J16.0,J16
10,J17,Pneumonia in diseases classified elsewhere,excludes1,gonorrheal pneumonia (A54.84),A54.84,A54
10,J17,Pneumonia in diseases classified elsewhere,excludes1,histoplasmosis pneumonia (B39.0-B39.2),B39.0-B39.2,B39
10,J17,Pneumonia in diseases classified elsewhere,excludes1,measles pneumonia (B05.2),B05.2,B05
10,J17,Pneumonia in diseases classified elsewhere,excludes1,nocardiosis pneumonia (A43.0),A43.0,A43
10,J17,Pneumonia in diseases classified elsewhere,excludes1,pneumocystosis (B59),B59,B59
10,J17,Pneumonia in diseases classified elsewhere,excludes1,pneumonia due to Pneumocystis carinii (B59),B59,B59
10,J17,Pneumonia in diseases classified elsewhere,excludes1,pneumonia due to Pneumocystis jirovecii (B59),B59,B59
10,J17,Pneumonia in diseases classified elsewhere,excludes1,pneumonia in actinomycosis (A42.0),A42.0,A42
10,J17,Pneumonia in diseases classified elsewhere,excludes1,pneumonia in anthrax (A22.1),A22.1,A22
10,J17,Pneumonia in diseases classified elsewhere,excludes1,pneumonia in ascariasis (B77.81),B77.81,B77
10,J17,Pneumonia in diseases classified elsewhere,excludes1,pneumonia in aspergillosis (B44.0-B44.1),B44.0-B44.1,B44
10,J17,Pneumonia in diseases classified elsewhere,excludes1,pneumonia in coccidioidomycosis (B38.0-B38.2),B38.0-B38.2,B38
10,J17,Pneumonia in diseases classified elsewhere,excludes1,pneumonia in cytomegalovirus disease (B25.0),B25.0,B25
10,J17,Pneumonia in diseases classified elsewhere,excludes1,pneumonia in toxoplasmosis (B58.3),B58.3,B58
10,J17,Pneumonia in diseases classified elsewhere,excludes1,rubella pneumonia (B06.81),B06.81,B06
10,J17,Pneumonia in diseases classified elsewhere,excludes1,salmonella pneumonia (A02.22),A02.22,A02
10,J17,Pneumonia in diseases classified elsewhere,excludes1,spirochetal infection NEC with pneumonia (A69.8),A69.8,A69
10,J17,Pneumonia in diseases classified elsewhere,excludes1,tularemia pneumonia (A21.2),A21.2,A21
10,J17,Pneumonia in diseases classified elsewhere,excludes1,typhoid fever with pneumonia (A01.03),A01.03,A01
10,J17,Pneumonia in diseases classified elsewhere,excludes1,varicella pneumonia (B01.2),B01.2,B01
10,J17,Pneumonia in diseases classified elsewhere,excludes1,whooping cough with pneumonia (A37 with fifth-character 1),,
10,J18,"Pneumonia, unspecified organism",excludes1,congenital pneumonia (P23.0),P23.0,P23
10,J18,"Pneumonia, unspecified organism",excludes1,drug-induced interstitial lung disorder (J70.2-J70.4),J70.2-J70.4,J70
10,J18,"Pneumonia, unspecified organism",excludes1,interstitial pneumonia NOS (J84.9),J84.9,J84
10,J18,"Pneumonia, unspecified organism",excludes1,neonatal aspiration pneumonia (P24.-),P24.-,P24
10,J18,"Pneumonia, unspecified organism",excludes1,pneumonitis due to fumes and vapors (J68.0),J68.0,J68
10,J18,"Pneumonia, unspecified organism",excludes1,usual interstitial pneumonia (J84.178),J84.178,J84
10,J18.0,"Bronchopneumonia, unspecified organism",excludes1,hypostatic bronchopneumonia (J18.2),J18.2,J18
10,J18.0,"Bronchopneumonia, unspecified organism",excludes1,lipid pneumonia (J69.1),J69.1,J69
10,J20,Acute bronchitis,excludes1,bronchitis NOS (J40),J40,J40
10,J20,Acute bronchitis,excludes1,tracheobronchitis NOS (J40),J40,J40
10,J21.9,"Acute bronchiolitis, unspecified",excludes1,chronic bronchiolitis (J44.89),J44.89,J44
10,J22,Unspecified acute lower respiratory infection,excludes1,upper respiratory infection (acute) (J06.9),J06.9,J06
10,J30,Vasomotor and allergic rhinitis,excludes1,allergic rhinitis with asthma (bronchial) (J45.909),J45.909,J45
10,J30,Vasomotor and allergic rhinitis,excludes1,rhinitis NOS (J31.0),J31.0,J31
10,J31.0,Chronic rhinitis,excludes1,allergic rhinitis (J30.1-J30.9),J30.1-J30.9,J30
10,J31.0,Chronic rhinitis,excludes1,vasomotor rhinitis (J30.0),J30.0,J30
10,J32.2,Chronic ethmoidal sinusitis,excludes1,Woakes' ethmoiditis (J33.1),J33.1,J33
10,J33,Nasal polyp,excludes1,adenomatous polyps (D14.0),D14.0,D14
10,J34.2,Deviated nasal septum,excludes1,congenital deviated nasal septum (Q67.4),Q67.4,Q67
10,J35.1,Hypertrophy of tonsils,excludes1,hypertrophy of tonsils with tonsillitis (J35.0-),J35.0-,J35
10,J35.2,Hypertrophy of adenoids,excludes1,hypertrophy of adenoids with adenoiditis (J35.0-),J35.0-,J35
10,J35.3,Hypertrophy of tonsils with hypertrophy of adenoids,excludes1,hypertrophy of tonsils and adenoids with tonsillitis and adenoiditis (J35.03),J35.03,J35
10,J36,Peritonsillar abscess,excludes1,acute tonsillitis (J03.-),J03.-,J03
10,J36,Peritonsillar abscess,excludes1,chronic tonsillitis (J35.0),J35.0,J35
10,J36,Peritonsillar abscess,excludes1,retropharyngeal abscess (J39.0),J39.0,J39
10,J36,Peritonsillar abscess,excludes1,tonsillitis NOS (J03.9-),J03.9-,J03
10,J37.1,Chronic laryngotracheitis,excludes1,chronic tracheitis (J42),J42,J42
10,J38,"Diseases of vocal cords and larynx, not elsewhere classified",excludes1,congenital laryngeal stridor (P28.89),P28.89,P28
10,J38,"Diseases of vocal cords and larynx, not elsewhere classified",excludes1,obstructive laryngitis (acute) (J05.0),J05.0,J05
10,J38,"Diseases of vocal cords and larynx, not elsewhere classified",excludes1,postprocedural subglottic stenosis (J95.5),J95.5,J95
10,J38,"Diseases of vocal cords and larynx, not elsewhere classified",excludes1,stridor (R06.1),R06.1,R06
10,J38,"Diseases of vocal cords and larynx, not elsewhere classified",excludes1,ulcerative laryngitis (J04.0),J04.0,J04
10,J38.1,Polyp of vocal cord and larynx,excludes1,adenomatous polyps (D14.1),D14.1,D14
10,J38.4,Edema of larynx,excludes1,acute obstructive laryngitis [croup] (J05.0),J05.0,J05
10,J38.4,Edema of larynx,excludes1,edematous laryngitis (J04.0),J04.0,J04
10,J39,Other diseases of upper respiratory tract,excludes1,acute respiratory infection NOS (J22),J22,J22
10,J39,Other diseases of upper respiratory tract,excludes1,acute upper respiratory infection (J06.9),J06.9,J06
10,J39,Other diseases of upper respiratory tract,excludes1,"upper respiratory inflammation due to chemicals, gases, fumes or vapors (J68.2)",J68.2,J68
10,J39.0,Retropharyngeal and parapharyngeal abscess,excludes1,peritonsillar abscess (J36),J36,J36
10,J39.3,"Upper respiratory tract hypersensitivity reaction, site unspecified",excludes1,"hypersensitivity reaction of upper respiratory tract, such as:",,
10,J39.3,"Upper respiratory tract hypersensitivity reaction, site unspecified",excludes1,extrinsic allergic alveolitis (J67.9),J67.9,J67
10,J39.3,"Upper respiratory tract hypersensitivity reaction, site unspecified",excludes1,pneumoconiosis (J60-J67.9),J60-J67.9,J60
10,Block J40-J4B,Chronic lower respiratory diseases (J40-J4B),excludes1,"bronchitis due to chemicals, gases, fumes and vapors (J68.0)",J68.0,J68
10,J40,"Bronchitis, not specified as acute or chronic",excludes1,acute bronchitis (J20.-),J20.-,J20
10,J40,"Bronchitis, not specified as acute or chronic",excludes1,allergic bronchitis NOS (J45.909),J45.909,J45
10,J40,"Bronchitis, not specified as acute or chronic",excludes1,asthmatic bronchitis NOS (J45.9-),J45.9-,J45
10,J40,"Bronchitis, not specified as acute or chronic",excludes1,"bronchitis due to chemicals, gases, fumes and vapors (J68.0)",J68.0,J68
10,J42,Unspecified chronic bronchitis,excludes1,bronchiolitis obliterans and bronchiolitis obliterans syndrome (J44.81),J44.81,J44
10,J42,Unspecified chronic bronchitis,excludes1,chronic asthmatic bronchitis (J44.-),J44.-,J44
10,J42,Unspecified chronic bronchitis,excludes1,chronic bronchitis with airways obstruction (J44.-),J44.-,J44
10,J42,Unspecified chronic bronchitis,excludes1,chronic emphysematous bronchitis (J44.-),J44.-,J44
10,J42,Unspecified chronic bronchitis,excludes1,chronic obstructive pulmonary disease NOS (J44.9),J44.9,J44
10,J42,Unspecified chronic bronchitis,excludes1,simple and mucopurulent chronic bronchitis (J41.-),J41.-,J41
10,J43,Emphysema,excludes1,compensatory emphysema (J98.3),J98.3,J98
10,J43,Emphysema,excludes1,interstitial emphysema (J98.2),J98.2,J98
10,J43,Emphysema,excludes1,mediastinal emphysema (J98.2),J98.2,J98
10,J43,Emphysema,excludes1,neonatal interstitial emphysema (P25.0),P25.0,P25
10,J43,Emphysema,excludes1,surgical (subcutaneous) emphysema (T81.82),T81.82,T81
10,J45,Asthma,excludes1,detergent asthma (J69.8),J69.8,J69
10,J45,Asthma,excludes1,miner's asthma (J60),J60,J60
10,J45,Asthma,excludes1,wheezing NOS (R06.2),R06.2,R06
10,J45,Asthma,excludes1,wood asthma (J67.8),J67.8,J67
10,J47,Bronchiectasis,excludes1,congenital bronchiectasis (Q33.4),Q33.4,Q33
10,J47,Bronchiectasis,excludes1,tuberculous bronchiectasis (current disease) (A15.0),A15.0,A15
10,J60,Coalworker's pneumoconiosis,excludes1,"coalworker pneumoconiosis with tuberculosis, any type in A15 (J65)",J65,J65
10,J61,Pneumoconiosis due to asbestos and other mineral fibers,excludes1,pleural plaque with asbestosis (J92.0),J92.0,J92
10,J61,Pneumoconiosis due to asbestos and other mineral fibers,excludes1,"pneumoconiosis with tuberculosis, any type in A15 (J65)",J65,J65
10,J62,Pneumoconiosis due to dust containing silica,excludes1,"pneumoconiosis with tuberculosis, any type in A15 (J65)",J65,J65
10,J63,Pneumoconiosis due to other inorganic dusts,excludes1,"pneumoconiosis with tuberculosis, any type in A15 (J65)",J65,J65
10,J64,Unspecified pneumoconiosis,excludes1,"pneumonoconiosis with tuberculosis, any type in A15 (J65)",J65,J65
10,J67,Hypersensitivity pneumonitis due to organic dust,excludes1,"pneumonitis due to inhalation of chemicals, gases, fumes or vapors (J68.0)",J68.0,J68
10,J68.1,"Pulmonary edema due to chemicals, gases, fumes and vapors",excludes1,pulmonary edema (acute) (chronic) NOS (J81.-),J81.-,J81
10,J68.4,"Chronic respiratory conditions due to chemicals, gases, fumes and vapors",excludes1,"chronic pulmonary edema due to chemicals, gases, fumes and vapors (J68.1)",J68.1,J68
10,J69,Pneumonitis due to solids and liquids,excludes1,neonatal aspiration syndromes (P24.-),P24.-,P24
10,J69,Pneumonitis due to solids and liquids,excludes1,postprocedural pneumonitis (J95.4),J95.4,J95
10,J69.0,Pneumonitis due to inhalation of food and vomit,excludes1,chemical pneumonitis due to anesthesia (J95.4),J95.4,J95
10,J69.0,Pneumonitis due to inhalation of food and vomit,excludes1,obstetric aspiration pneumonitis (O74.0),O74.0,O74
10,J69.1,Pneumonitis due to inhalation of oils and essences,excludes1,endogenous lipoid pneumonia (J84.89),J84.89,J84
10,J70.2,Acute drug-induced interstitial lung disorders,excludes1,interstitial pneumonia NOS (J84.9),J84.9,J84
10,J70.2,Acute drug-induced interstitial lung disorders,excludes1,lymphoid interstitial pneumonia (J84.2),J84.2,J84
10,J70.3,Chronic drug-induced interstitial lung disorders,excludes1,interstitial pneumonia NOS (J84.9),J84.9,J84
10,J70.3,Chronic drug-induced interstitial lung disorders,excludes1,lymphoid interstitial pneumonia (J84.2),J84.2,J84
10,J70.4,"Drug-induced interstitial lung disorders, unspecified",excludes1,interstitial pneumonia NOS (J84.9),J84.9,J84
10,J70.4,"Drug-induced interstitial lung disorders, unspecified",excludes1,lymphoid interstitial pneumonia (J84.2),J84.2,J84
10,J80,Acute respiratory distress syndrome,excludes1,respiratory distress syndrome in newborn (perinatal) (P22.0),P22.0,P22
10,J81,Pulmonary edema,excludes1,chemical (acute) pulmonary edema (J68.1),J68.1,J68
10,J81,Pulmonary edema,excludes1,hypostatic pneumonia (J18.2),J18.2,J18
10,J81,Pulmonary edema,excludes1,passive pneumonia (J18.2),J18.2,J18
10,J81,Pulmonary edema,excludes1,pulmonary edema due to external agents (J60-J70),J60-J70,J60
10,J81,Pulmonary edema,excludes1,pulmonary edema with heart disease NOS (I50.1),I50.1,I50
10,J81,Pulmonary edema,excludes1,pulmonary edema with heart failure (I50.1),I50.1,I50
10,J84,Other interstitial pulmonary diseases,excludes1,drug-induced interstitial lung disorders (J70.2-J70.4),J70.2-J70.4,J70
10,J84,Other interstitial pulmonary diseases,excludes1,interstitial emphysema (J98.2),J98.2,J98
10,J84.03,Idiopathic pulmonary hemosiderosis,excludes1,acute idiopathic pulmonary hemorrhage in infants [AIPHI] (R04.81),R04.81,R04
10,J84.1,Other interstitial pulmonary diseases with fibrosis,excludes1,pulmonary fibrosis (chronic) following radiation (J70.1),J70.1,J70
10,J84.11,Idiopathic interstitial pneumonia,excludes1,lymphoid interstitial pneumonia (J84.2),J84.2,J84
10,J84.11,Idiopathic interstitial pneumonia,excludes1,pneumocystis pneumonia (B59),B59,B59
10,J84.113,Idiopathic non-specific interstitial pneumonitis,excludes1,"non-specific interstitial pneumonia NOS, or due to known underlying cause (J84.89)",J84.89,J84
10,J84.114,Acute interstitial pneumonitis,excludes1,pneumocystis pneumonia (B59),B59,B59
10,J84.116,Cryptogenic organizing pneumonia,excludes1,"organizing pneumonia NOS, or due to known underlying cause (J84.89)",J84.89,J84
10,J84.8,Other specified interstitial pulmonary diseases,excludes1,exogenous lipoid pneumonia (J69.1),J69.1,J69
10,J84.8,Other specified interstitial pulmonary diseases,excludes1,unspecified lipoid pneumonia (J69.1),J69.1,J69
10,J84.89,Other specified interstitial pulmonary diseases,excludes1,cryptogenic organizing pneumonia (J84.116),J84.116,J84
10,J84.89,Other specified interstitial pulmonary diseases,excludes1,idiopathic non-specific interstitial pneumonitis (J84.113),J84.113,J84
10,J84.89,Other specified interstitial pulmonary diseases,excludes1,"lipoid pneumonia, exogenous or unspecified (J69.1)",J69.1,J69
10,J84.89,Other specified interstitial pulmonary diseases,excludes1,lymphoid interstitial pneumonia (J84.2),J84.2,J84
10,J86,Pyothorax,excludes1,abscess of lung (J85.-),J85.-,J85
10,J86,Pyothorax,excludes1,pyothorax due to tuberculosis (A15.6),A15.6,A15
10,J90,"Pleural effusion, not elsewhere classified",excludes1,chylous (pleural) effusion (J94.0),J94.0,J94
10,J90,"Pleural effusion, not elsewhere classified",excludes1,malignant pleural effusion (J91.0)),J91.0,J91
10,J90,"Pleural effusion, not elsewhere classified",excludes1,pleurisy NOS (R09.1),R09.1,R09
10,J90,"Pleural effusion, not elsewhere classified",excludes1,tuberculous pleural effusion (A15.6),A15.6,A15
10,J93,Pneumothorax and air leak,excludes1,congenital or perinatal pneumothorax (P25.1),P25.1,P25
10,J93,Pneumothorax and air leak,excludes1,postprocedural air leak (J95.812),J95.812,J95
10,J93,Pneumothorax and air leak,excludes1,postprocedural pneumothorax (J95.811),J95.811,J95
10,J93,Pneumothorax and air leak,excludes1,traumatic pneumothorax (S27.0),S27.0,S27
10,J93,Pneumothorax and air leak,excludes1,tuberculous (current disease) pneumothorax (A15.-),A15.-,A15
10,J93,Pneumothorax and air leak,excludes1,pyopneumothorax (J86.-),J86.-,J86
10,J94,Other pleural conditions,excludes1,pleurisy NOS (R09.1),R09.1,R09
10,J94,Other pleural conditions,excludes1,traumatic hemopneumothorax (S27.2),S27.2,S27
10,J94,Other pleural conditions,excludes1,traumatic hemothorax (S27.1),S27.1,S27
10,J94,Other pleural conditions,excludes1,tuberculous pleural conditions (current disease) (A15.-),A15.-,A15
10,J95.4,Chemical pneumonitis due to anesthesia,excludes1,aspiration pneumonitis due to anesthesia complicating labor and delivery (O74.0),O74.0,O74
10,J95.4,Chemical pneumonitis due to anesthesia,excludes1,aspiration pneumonitis due to anesthesia complicating pregnancy (O29),O29,O29
10,J95.4,Chemical pneumonitis due to anesthesia,excludes1,aspiration pneumonitis due to anesthesia complicating the puerperium (O89.01),O89.01,O89
10,J95.6,Intraoperative hemorrhage and hematoma of a respiratory system organ or structure complicating a procedure,excludes1,intraoperative hemorrhage and hematoma of a respiratory system organ or structure due to accidental puncture and laceration during procedure (J95.7-),J95.7-,J95
10,J95.850,Mechanical complication of respirator,excludes1,encounter for respirator [ventilator] dependence during power failure (Z99.12),Z99.12,Z99
10,J95.851,Ventilator associated pneumonia,excludes1,ventilator lung in newborn (P27.8),P27.8,P27
10,J95.87,Transfusion-associated dyspnea (TAD),excludes1,transfusion associated circulatory overload (TACO) (E87.71),E87.71,E87
10,J95.87,Transfusion-associated dyspnea (TAD),excludes1,transfusion-related acute lung injury (TRALI) (J95.84),J95.84,J95
10,J96,"Respiratory failure, not elsewhere classified",excludes1,acute respiratory distress syndrome (J80),J80,J80
10,J96,"Respiratory failure, not elsewhere classified",excludes1,cardiorespiratory failure (R09.2),R09.2,R09
10,J96,"Respiratory failure, not elsewhere classified",excludes1,newborn respiratory distress syndrome (P22.0),P22.0,P22
10,J96,"Respiratory failure, not elsewhere classified",excludes1,postprocedural respiratory failure (J95.82-),J95.82-,J95
10,J96,"Respiratory failure, not elsewhere classified",excludes1,respiratory arrest (R09.2),R09.2,R09
10,J96,"Respiratory failure, not elsewhere classified",excludes1,respiratory arrest of newborn (P28.81),P28.81,P28
10,J96,"Respiratory failure, not elsewhere classified",excludes1,respiratory failure of newborn (P28.5),P28.5,P28
10,J98,Other respiratory disorders,excludes1,newborn apnea (P28.4-),P28.4-,P28
10,J98,Other respiratory disorders,excludes1,newborn sleep apnea (P28.3-),P28.3-,P28
10,J98.01,Acute bronchospasm,excludes1,acute bronchiolitis with bronchospasm (J21.-),J21.-,J21
10,J98.01,Acute bronchospasm,excludes1,acute bronchitis with bronchospasm (J20.-),J20.-,J20
10,J98.01,Acute bronchospasm,excludes1,asthma (J45.-),J45.-,J45
10,J98.01,Acute bronchospasm,excludes1,exercise induced bronchospasm (J45.990),J45.990,J45
10,J98.1,Pulmonary collapse,excludes1,therapeutic collapse of lung status (Z98.3),Z98.3,Z98
10,J98.11,Atelectasis,excludes1,newborn atelectasis,,
10,J98.11,Atelectasis,excludes1,tuberculous atelectasis (current disease) (A15),A15,A15
10,J98.2,Interstitial emphysema,excludes1,emphysema NOS (J43.9),J43.9,J43
10,J98.2,Interstitial emphysema,excludes1,emphysema in newborn (P25.0),P25.0,P25
10,J98.2,Interstitial emphysema,excludes1,surgical emphysema (subcutaneous) (T81.82),T81.82,T81
10,J98.2,Interstitial emphysema,excludes1,traumatic subcutaneous emphysema (T79.7),T79.7,T79
10,J98.4,Other disorders of lung,excludes1,acute interstitial pneumonitis (J84.114),J84.114,J84
10,J98.4,Other disorders of lung,excludes1,pulmonary insufficiency following surgery (J95.1-J95.2),J95.1-J95.2,J95
10,J98.6,Disorders of diaphragm,excludes1,congenital malformation of diaphragm NEC (Q79.1),Q79.1,Q79
10,J98.6,Disorders of diaphragm,excludes1,congenital diaphragmatic hernia (Q79.0),Q79.0,Q79
10,J99,Respiratory disorders in diseases classified elsewhere,excludes1,respiratory disorders in:,,
10,J99,Respiratory disorders in diseases classified elsewhere,excludes1,amebiasis (A06.5),A06.5,A06
10,J99,Respiratory disorders in diseases classified elsewhere,excludes1,blastomycosis (B40.0-B40.2),B40.0-B40.2,B40
10,J99,Respiratory disorders in diseases classified elsewhere,excludes1,candidiasis (B37.1),B37.1,B37
10,J99,Respiratory disorders in diseases classified elsewhere,excludes1,coccidioidomycosis (B38.0-B38.2),B38.0-B38.2,B38
10,J99,Respiratory disorders in diseases classified elsewhere,excludes1,cystic fibrosis with pulmonary manifestations (E84.0),E84.0,E84
10,J99,Respiratory disorders in diseases classified elsewhere,excludes1,"dermatomyositis (M33.01, M33.11)",M33.01; M33.11,M33
10,J99,Respiratory disorders in diseases classified elsewhere,excludes1,histoplasmosis (B39.0-B39.2),B39.0-B39.2,B39
10,J99,Respiratory disorders in diseases classified elsewhere,excludes1,"late syphilis (A52.72, A52.73)",A52.72; A52.73,A52
10,J99,Respiratory disorders in diseases classified elsewhere,excludes1,polymyositis (M33.21),M33.21,M33
10,J99,Respiratory disorders in diseases classified elsewhere,excludes1,Sjögren syndrome (M35.02),M35.02,M35
10,J99,Respiratory disorders in diseases classified elsewhere,excludes1,systemic lupus erythematosus (M32.13),M32.13,M32
10,J99,Respiratory disorders in diseases classified elsewhere,excludes1,systemic sclerosis (M34.81),M34.81,M34
10,J99,Respiratory disorders in diseases classified elsewhere,excludes1,Wegener's granulomatosis (M31.30-M31.31),M31.30-M31.31,M31
11,K00.0,Anodontia,excludes1,acquired absence of teeth (K08.1-),K08.1-,K08
11,K00.2,Abnormalities of size and form of teeth,excludes1,abnormalities of teeth due to congenital syphilis (A50.5),A50.5,A50
11,K00.2,Abnormalities of size and form of teeth,excludes1,"tuberculum Carabelli, which is regarded as a normal variation and should not be coded",,
11,K00.4,Disturbances in tooth formation,excludes1,Hutchinson's teeth and mulberry molars in congenital syphilis (A50.5),A50.5,A50
11,K01,Embedded and impacted teeth,excludes1,abnormal position of fully erupted teeth (M26.3-),M26.3-,M26
11,K03.81,Cracked tooth,excludes1,asymptomatic craze lines in enamel - omit code,,
11,K03.81,Cracked tooth,excludes1,broken or fractured tooth due to trauma (S02.5),S02.5,S02
11,K04.4,Acute apical periodontitis of pulpal origin,excludes1,acute periodontitis (K05.2-),K05.2-,K05
11,K04.5,Chronic apical periodontitis,excludes1,chronic periodontitis (K05.3-),K05.3-,K05
11,K05.0,Acute gingivitis,excludes1,acute necrotizing ulcerative gingivitis (A69.1),A69.1,A69
11,K05.0,Acute gingivitis,excludes1,herpesviral [herpes simplex] gingivostomatitis (B00.2),B00.2,B00
11,K05.2,Aggressive periodontitis,excludes1,acute apical periodontitis (K04.4),K04.4,K04
11,K05.2,Aggressive periodontitis,excludes1,periapical abscess (K04.7),K04.7,K04
11,K05.2,Aggressive periodontitis,excludes1,periapical abscess with sinus (K04.6),K04.6,K04
11,K05.3,Chronic periodontitis,excludes1,chronic apical periodontitis (K04.5),K04.5,K04
11,K08.1,Complete loss of teeth,excludes1,congenital absence of teeth (K00.0),K00.0,K00
11,K08.1,Complete loss of teeth,excludes1,exfoliation of teeth due to systemic causes (K08.0),K08.0,K08
11,K08.1,Complete loss of teeth,excludes1,partial loss of teeth (K08.4-),K08.4-,K08
11,K08.4,Partial loss of teeth,excludes1,complete loss of teeth (K08.1-),K08.1-,K08
11,K08.4,Partial loss of teeth,excludes1,congenital absence of teeth (K00.0),K00.0,K00
11,K08.5,Unsatisfactory restoration of tooth,excludes1,dental restoration status (Z98.811),Z98.811,Z98
11,K08.53,Fractured dental restorative material,excludes1,cracked tooth (K03.81),K03.81,K03
11,K08.53,Fractured dental restorative material,excludes1,traumatic fracture of tooth (S02.5),S02.5,S02
11,K11.2,Sialoadenitis,excludes1,epidemic parotitis (B26.-),B26.-,B26
11,K11.2,Sialoadenitis,excludes1,mumps (B26.-),B26.-,B26
11,K11.2,Sialoadenitis,excludes1,uveoparotid fever [Heerfordt] (D86.89),D86.89,D86
11,K11.21,Acute sialoadenitis,excludes1,acute recurrent sialoadenitis (K11.22),K11.22,K11
11,K11.4,Fistula of salivary gland,excludes1,congenital fistula of salivary gland (Q38.4),Q38.4,Q38
11,K11.8,Other diseases of salivary glands,excludes1,Sjögren syndrome (M35.0-),M35.0-,M35
11,K12,Stomatitis and related lesions,excludes1,cancrum oris (A69.0),A69.0,A69
11,K12,Stomatitis and related lesions,excludes1,cheilitis (K13.0),K13.0,K13
11,K12,Stomatitis and related lesions,excludes1,gangrenous stomatitis (A69.0),A69.0,A69
11,K12,Stomatitis and related lesions,excludes1,herpesviral [herpes simplex] gingivostomatitis (B00.2),B00.2,B00
11,K12,Stomatitis and related lesions,excludes1,noma (A69.0),A69.0,A69
11,K12.1,Other forms of stomatitis,excludes1,acute necrotizing ulcerative stomatitis (A69.1),A69.1,A69
11,K12.1,Other forms of stomatitis,excludes1,Vincent's stomatitis (A69.1),A69.1,A69
11,K13.0,Diseases of lips,excludes1,ariboflavinosis (E53.0),E53.0,E53
11,K13.0,Diseases of lips,excludes1,cheilitis due to radiation-related disorders (L55-L59),L55-L59,L55
11,K13.0,Diseases of lips,excludes1,congenital fistula of lips (Q38.0),Q38.0,Q38
11,K13.0,Diseases of lips,excludes1,congenital hypertrophy of lips (Q18.6),Q18.6,Q18
11,K13.0,Diseases of lips,excludes1,Perlèche due to candidiasis (B37.83),B37.83,B37
11,K13.0,Diseases of lips,excludes1,Perlèche due to riboflavin deficiency (E53.0),E53.0,E53
11,K13.2,"Leukoplakia and other disturbances of oral epithelium, including tongue",excludes1,carcinoma in situ of oral epithelium (D00.0-),D00.0-,D00
11,K13.2,"Leukoplakia and other disturbances of oral epithelium, including tongue",excludes1,hairy leukoplakia (K13.3),K13.3,K13
11,K13.21,"Leukoplakia of oral mucosa, including tongue",excludes1,hairy leukoplakia (K13.3),K13.3,K13
11,K13.21,"Leukoplakia of oral mucosa, including tongue",excludes1,leukokeratosis nicotina palati (K13.24),K13.24,K13
11,K14.0,Glossitis,excludes1,atrophic glossitis (K14.4),K14.4,K14
11,K14.5,Plicated tongue,excludes1,"fissured tongue, congenital (Q38.3)",Q38.3,Q38
11,K20,Esophagitis,excludes1,erosion of esophagus (K22.1-),K22.1-,K22
11,K20,Esophagitis,excludes1,esophagitis with gastro-esophageal reflux disease (K21.0-),K21.0-,K21
11,K20,Esophagitis,excludes1,reflux esophagitis (K21.0-),K21.0-,K21
11,K20,Esophagitis,excludes1,ulcerative esophagitis (K22.1-),K22.1-,K22
11,K21,Gastro-esophageal reflux disease,excludes1,newborn esophageal reflux (P78.83),P78.83,P78
11,K22.0,Achalasia of cardia,excludes1,congenital cardiospasm (Q39.5),Q39.5,Q39
11,K22.1,Ulcer of esophagus,excludes1,Barrett's esophagus (K22.7-),K22.7-,K22
11,K22.2,Esophageal obstruction,excludes1,congenital stenosis or stricture of esophagus (Q39.3),Q39.3,Q39
11,K22.3,Perforation of esophagus,excludes1,traumatic perforation of (thoracic) esophagus (S27.8-),S27.8-,S27
11,K22.4,Dyskinesia of esophagus,excludes1,cardiospasm (K22.0),K22.0,K22
11,K22.5,"Diverticulum of esophagus, acquired",excludes1,diverticulum of esophagus (congenital) (Q39.6),Q39.6,Q39
11,K22.7,Barrett's esophagus,excludes1,Barrett's ulcer (K22.1),K22.1,K22
11,K22.7,Barrett's esophagus,excludes1,malignant neoplasm of esophagus (C15.-),C15.-,C15
11,K22.81,Esophageal polyp,excludes1,benign neoplasm of esophagus (D13.0),D13.0,D13
11,K22.82,Esophagogastric junction polyp,excludes1,benign neoplasm of stomach (D13.1),D13.1,D13
11,K23,Disorders of esophagus in diseases classified elsewhere,excludes1,late syphilis (A52.79),A52.79,A52
11,K23,Disorders of esophagus in diseases classified elsewhere,excludes1,megaesophagus due to Chagas' disease (B57.31),B57.31,B57
11,K23,Disorders of esophagus in diseases classified elsewhere,excludes1,tuberculosis (A18.83),A18.83,A18
11,K25,Gastric ulcer,excludes1,acute gastritis (K29.0-),K29.0-,K29
11,K25,Gastric ulcer,excludes1,peptic ulcer NOS (K27.-),K27.-,K27
11,K26,Duodenal ulcer,excludes1,peptic ulcer NOS (K27.-),K27.-,K27
11,K27,"Peptic ulcer, site unspecified",excludes1,peptic ulcer of newborn (P78.82),P78.82,P78
11,K28,Gastrojejunal ulcer,excludes1,primary ulcer of small intestine (K63.3),K63.3,K63
11,K29,Gastritis and duodenitis,excludes1,eosinophilic gastritis or gastroenteritis (K52.81),K52.81,K52
11,K29,Gastritis and duodenitis,excludes1,Zollinger-Ellison syndrome (E16.4),E16.4,E16
11,K29.0,Acute gastritis,excludes1,erosion (acute) of stomach (K25.-),K25.-,K25
11,K30,Functional dyspepsia,excludes1,dyspepsia NOS (R10.13),R10.13,R10
11,K30,Functional dyspepsia,excludes1,heartburn (R12),R12,R12
11,K30,Functional dyspepsia,excludes1,nervous dyspepsia (F45.8),F45.8,F45
11,K30,Functional dyspepsia,excludes1,neurotic dyspepsia (F45.8),F45.8,F45
11,K30,Functional dyspepsia,excludes1,psychogenic dyspepsia (F45.8),F45.8,F45
11,K31.1,Adult hypertrophic pyloric stenosis,excludes1,congenital pyloric stenosis (Q40.0),Q40.0,Q40
11,K31.B,"Hypertrophic pyloric stenosis, in childhood",excludes1,congenital pyloric stenosis (Q40.0),Q40.0,Q40
11,K31.2,Hourglass stricture and stenosis of stomach,excludes1,congenital hourglass stomach (Q40.2),Q40.2,Q40
11,K31.2,Hourglass stricture and stenosis of stomach,excludes1,hourglass contraction of stomach (K31.89),K31.89,K31
11,K31.3,"Pylorospasm, not elsewhere classified",excludes1,congenital or infantile pylorospasm (Q40.0),Q40.0,Q40
11,K31.3,"Pylorospasm, not elsewhere classified",excludes1,neurotic pylorospasm (F45.8),F45.8,F45
11,K31.3,"Pylorospasm, not elsewhere classified",excludes1,psychogenic pylorospasm (F45.8),F45.8,F45
11,K31.4,Gastric diverticulum,excludes1,congenital diverticulum of stomach (Q40.2),Q40.2,Q40
11,K31.5,Obstruction of duodenum,excludes1,congenital stenosis of duodenum (Q41.0),Q41.0,Q41
11,K31.7,Polyp of stomach and duodenum,excludes1,adenomatous polyp of stomach (D13.1),D13.1,D13
11,K37,Unspecified appendicitis,excludes1,"unspecified appendicitis with peritonitis (K35.2-, K35.3-)",K35.2-; K35.3-,K35
11,K42,Umbilical hernia,excludes1,omphalocele (Q79.2),Q79.2,Q79
11,K44,Diaphragmatic hernia,excludes1,congenital diaphragmatic hernia (Q79.0),Q79.0,Q79
11,K44,Diaphragmatic hernia,excludes1,congenital hiatus hernia (Q40.1),Q40.1,Q40
11,K46,Unspecified abdominal hernia,excludes1,vaginal enterocele (N81.5),N81.5,N81
11,Block K50-K52,Noninfective enteritis and colitis (K50-K52),excludes1,irritable bowel syndrome (K58.-),K58.-,K58
11,Block K50-K52,Noninfective enteritis and colitis (K50-K52),excludes1,megacolon (K59.3-),K59.3-,K59
11,K50,Crohn's disease [regional enteritis],excludes1,ulcerative colitis (K51.-),K51.-,K51
11,K50.0,Crohn's disease of small intestine,excludes1,Crohn's disease of both small and large intestine (K50.8-),K50.8-,K50
11,K50.1,Crohn's disease of large intestine,excludes1,Crohn's disease of both small and large intestine (K50.8),K50.8,K50
11,K51,Ulcerative colitis,excludes1,Crohn's disease [regional enteritis] (K50.-),K50.-,K50
11,K52.3,Indeterminate colitis,excludes1,unspecified colitis (K52.9),K52.9,K52
11,K52.9,"Noninfective gastroenteritis and colitis, unspecified",excludes1,diarrhea NOS (R19.7),R19.7,R19
11,K52.9,"Noninfective gastroenteritis and colitis, unspecified",excludes1,functional diarrhea (K59.1),K59.1,K59
11,K52.9,"Noninfective gastroenteritis and colitis, unspecified",excludes1,infectious gastroenteritis and colitis NOS (A09),A09,A09
11,K52.9,"Noninfective gastroenteritis and colitis, unspecified",excludes1,neonatal diarrhea (noninfective) (P78.3),P78.3,P78
11,K52.9,"Noninfective gastroenteritis and colitis, unspecified",excludes1,psychogenic diarrhea (F45.8),F45.8,F45
11,K55,Vascular disorders of intestine,excludes1,necrotizing enterocolitis of newborn (P77.-),P77.-,P77
11,K55.3,Necrotizing enterocolitis,excludes1,necrotizing enterocolitis of newborn (P77.-),P77.-,P77
11,K56,Paralytic ileus and intestinal obstruction without hernia,excludes1,congenital stricture or stenosis of intestine (Q41-Q42),Q41-Q42,Q41
11,K56,Paralytic ileus and intestinal obstruction without hernia,excludes1,cystic fibrosis with meconium ileus (E84.11),E84.11,E84
11,K56,Paralytic ileus and intestinal obstruction without hernia,excludes1,ischemic stricture of intestine (K55.1),K55.1,K55
11,K56,Paralytic ileus and intestinal obstruction without hernia,excludes1,meconium ileus NOS (P76.0),P76.0,P76
11,K56,Paralytic ileus and intestinal obstruction without hernia,excludes1,neonatal intestinal obstructions classifiable to P76.-,,
11,K56,Paralytic ileus and intestinal obstruction without hernia,excludes1,obstruction of duodenum (K31.5),K31.5,K31
11,K56,Paralytic ileus and intestinal obstruction without hernia,excludes1,postprocedural intestinal obstruction (K91.3-),K91.3-,K91
11,K56.0,Paralytic ileus,excludes1,gallstone ileus (K56.3),K56.3,K56
11,K56.0,Paralytic ileus,excludes1,ileus NOS (K56.7),K56.7,K56
11,K56.0,Paralytic ileus,excludes1,obstructive ileus NOS (K56.69-),K56.69-,K56
11,K56.7,"Ileus, unspecified",excludes1,obstructive ileus (K56.69-),K56.69-,K56
11,K57,Diverticular disease of intestine,excludes1,congenital diverticulum of intestine (Q43.8),Q43.8,Q43
11,K57,Diverticular disease of intestine,excludes1,Meckel's diverticulum (Q43.0),Q43.0,Q43
11,K57.0,Diverticulitis of small intestine with perforation and abscess,excludes1,diverticulitis of both small and large intestine with perforation and abscess (K57.4-),K57.4-,K57
11,K57.1,Diverticular disease of small intestine without perforation or abscess,excludes1,diverticular disease of both small and large intestine without perforation or abscess (K57.5-),K57.5-,K57
11,K57.2,Diverticulitis of large intestine with perforation and abscess,excludes1,diverticulitis of both small and large intestine with perforation and abscess (K57.4-),K57.4-,K57
11,K57.3,Diverticular disease of large intestine without perforation or abscess,excludes1,diverticular disease of both small and large intestine without perforation or abscess (K57.5-),K57.5-,K57
11,K59,Other functional intestinal disorders,excludes1,change in bowel habit NOS (R19.4),R19.4,R19
11,K59,Other functional intestinal disorders,excludes1,intestinal malabsorption (K90.-),K90.-,K90
11,K59,Other functional intestinal disorders,excludes1,psychogenic intestinal disorders (F45.8),F45.8,F45
11,K59.0,Constipation,excludes1,fecal impaction (K56.41),K56.41,K56
11,K59.1,Functional diarrhea,excludes1,diarrhea NOS (R19.7),R19.7,R19
11,K59.1,Functional diarrhea,excludes1,irritable bowel syndrome with diarrhea (K58.0),K58.0,K58
11,K59.3,"Megacolon, not elsewhere classified",excludes1,congenital megacolon (aganglionic) (Q43.1),Q43.1,Q43
11,K59.3,"Megacolon, not elsewhere classified",excludes1,megacolon (due to) (in) Chagas' disease (B57.32),B57.32,B57
11,K59.3,"Megacolon, not elsewhere classified",excludes1,megacolon (due to) (in) Clostridium difficile (A04.7-),A04.7-,A04
11,K59.3,"Megacolon, not elsewhere classified",excludes1,megacolon (due to) (in) Hirschsprung's disease (Q43.1),Q43.1,Q43
11,K60.3,Anal fistula,excludes1,congenital fistula (Q43.6),Q43.6,Q43
11,K60.4,Rectal fistula,excludes1,congenital fistula (Q43.6),Q43.6,Q43
11,K60.4,Rectal fistula,excludes1,rectovaginal fistula (N82.3),N82.3,N82
11,K60.4,Rectal fistula,excludes1,vesicorectal fistual (N32.1),N32.1,N32
11,K60.5,Anorectal fistula,excludes1,congenital fistula (Q43.6),Q43.6,Q43
11,K61.1,Rectal abscess,excludes1,ischiorectal abscess (K61.39),K61.39,K61
11,K62.1,Rectal polyp,excludes1,adenomatous polyp (D12.8),D12.8,D12
11,K62.5,Hemorrhage of anus and rectum,excludes1,gastrointestinal bleeding NOS (K92.2),K92.2,K92
11,K62.5,Hemorrhage of anus and rectum,excludes1,melena (K92.1),K92.1,K92
11,K62.5,Hemorrhage of anus and rectum,excludes1,neonatal rectal hemorrhage (P54.2),P54.2,P54
11,K62.6,Ulcer of anus and rectum,excludes1,fissure and fistula of anus and rectum (K60.-),K60.-,K60
11,K62.6,Ulcer of anus and rectum,excludes1,ulcerative colitis (K51.-),K51.-,K51
11,K62.82,Dysplasia of anus,excludes1,abnormal results from anal cytologic examination without histologic confirmation (R85.61-),R85.61-,R85
11,K62.82,Dysplasia of anus,excludes1,anal intraepithelial neoplasia III (D01.3),D01.3,D01
11,K62.82,Dysplasia of anus,excludes1,carcinoma in situ of anus (D01.3),D01.3,D01
11,K62.82,Dysplasia of anus,excludes1,HGSIL of anus (R85.613),R85.613,R85
11,K62.82,Dysplasia of anus,excludes1,severe dysplasia of anus (D01.3),D01.3,D01
11,K63.0,Abscess of intestine,excludes1,"abscess of intestine with Crohn's disease (K50.014, K50.114, K50.814, K50.914,)",K50.014; K50.114; K50.814; K50.914,K50
11,K63.0,Abscess of intestine,excludes1,"abscess of intestine with diverticular disease (K57.0, K57.2, K57.4, K57.8)",K57.0; K57.2; K57.4; K57.8,K57
11,K63.0,Abscess of intestine,excludes1,"abscess of intestine with ulcerative colitis (K51.014, K51.214, K51.314, K51.414, K51.514, K51.814, K51.914)",K51.014; K51.214; K51.314; K51.414; K51.514; K51.814; K51.914,K51
11,K63.1,Perforation of intestine (nontraumatic),excludes1,perforation (nontraumatic) of duodenum (K26.-),K26.-,K26
11,K63.1,Perforation of intestine (nontraumatic),excludes1,"perforation (nontraumatic) of intestine with diverticular disease (K57.0, K57.2, K57.4, K57.8)",K57.0; K57.2; K57.4; K57.8,K57
11,K63.2,Fistula of intestine,excludes1,fistula of duodenum (K31.6),K31.6,K31
11,K63.2,Fistula of intestine,excludes1,"fistula of intestine with Crohn's disease (K50.013, K50.113, K50.813, K50.913,)",K50.013; K50.113; K50.813; K50.913,K50
11,K63.2,Fistula of intestine,excludes1,"fistula of intestine with ulcerative colitis (K51.013, K51.213, K51.313, K51.413, K51.513, K51.813, K51.913)",K51.013; K51.213; K51.313; K51.413; K51.513; K51.813; K51.913,K51
11,K63.3,Ulcer of intestine,excludes1,duodenal ulcer (K26.-),K26.-,K26
11,K63.3,Ulcer of intestine,excludes1,gastrointestinal ulcer (K28.-),K28.-,K28
11,K63.3,Ulcer of intestine,excludes1,gastrojejunal ulcer (K28.-),K28.-,K28
11,K63.3,Ulcer of intestine,excludes1,jejunal ulcer (K28.-),K28.-,K28
11,K63.3,Ulcer of intestine,excludes1,"peptic ulcer, site unspecified (K27.-)",K27.-,K27
11,K63.3,Ulcer of intestine,excludes1,ulcer of intestine with perforation (K63.1),K63.1,K63
11,K63.3,Ulcer of intestine,excludes1,ulcer of anus or rectum (K62.6),K62.6,K62
11,K63.3,Ulcer of intestine,excludes1,ulcerative colitis (K51.-),K51.-,K51
11,K64,Hemorrhoids and perianal venous thrombosis,excludes1,hemorrhoids complicating childbirth and the puerperium (O87.2),O87.2,O87
11,K64,Hemorrhoids and perianal venous thrombosis,excludes1,hemorrhoids complicating pregnancy (O22.4),O22.4,O22
11,K65,Peritonitis,excludes1,acute appendicitis with generalized peritonitis (K35.2-),K35.2-,K35
11,K65,Peritonitis,excludes1,aseptic peritonitis (T81.6),T81.6,T81
11,K65,Peritonitis,excludes1,benign paroxysmal peritonitis (E85.0),E85.0,E85
11,K65,Peritonitis,excludes1,chemical peritonitis (T81.6),T81.6,T81
11,K65,Peritonitis,excludes1,gonococcal peritonitis (A54.85),A54.85,A54
11,K65,Peritonitis,excludes1,neonatal peritonitis (P78.0-P78.1),P78.0-P78.1,P78
11,K65,Peritonitis,excludes1,"pelvic peritonitis, female (N73.3-N73.5)",N73.3-N73.5,N73
11,K65,Peritonitis,excludes1,periodic familial peritonitis (E85.0),E85.0,E85
11,K65,Peritonitis,excludes1,peritonitis due to talc or other foreign substance (T81.6),T81.6,T81
11,K65,Peritonitis,excludes1,peritonitis in chlamydia (A74.81),A74.81,A74
11,K65,Peritonitis,excludes1,peritonitis in diphtheria (A36.89),A36.89,A36
11,K65,Peritonitis,excludes1,peritonitis in syphilis (late) (A52.74),A52.74,A52
11,K65,Peritonitis,excludes1,peritonitis in tuberculosis (A18.31),A18.31,A18
11,K65,Peritonitis,excludes1,"peritonitis with or following abortion or ectopic or molar pregnancy (O00-O07, O08.0)",O00-O07; O08.0,O00; O08
11,K65,Peritonitis,excludes1,peritonitis with or following appendicitis (K35.-),K35.-,K35
11,K65,Peritonitis,excludes1,puerperal peritonitis (O85),O85,O85
11,K65,Peritonitis,excludes1,retroperitoneal infections (K68.-),K68.-,K68
11,K65.2,Spontaneous bacterial peritonitis,excludes1,bacterial peritonitis NOS (K65.9),K65.9,K65
11,K66.0,Peritoneal adhesions (postprocedural) (postinfection),excludes1,peritoneal adhesions with intestinal obstruction (K56.5-),K56.5-,K56
11,K66.1,Hemoperitoneum,excludes1,traumatic hemoperitoneum (S36.8-),S36.8-,S36
11,K67,Disorders of peritoneum in infectious diseases classified elsewhere,excludes1,peritonitis in chlamydia (A74.81),A74.81,A74
11,K67,Disorders of peritoneum in infectious diseases classified elsewhere,excludes1,peritonitis in diphtheria (A36.89),A36.89,A36
11,K67,Disorders of peritoneum in infectious diseases classified elsewhere,excludes1,peritonitis in gonococcal (A54.85),A54.85,A54
11,K67,Disorders of peritoneum in infectious diseases classified elsewhere,excludes1,peritonitis in syphilis (late) (A52.74),A52.74,A52
11,K67,Disorders of peritoneum in infectious diseases classified elsewhere,excludes1,peritonitis in tuberculosis (A18.31),A18.31,A18
11,Block K70-K77,Diseases of liver (K70-K77),excludes1,jaundice NOS (R17),R17,R17
11,K72,"Hepatic failure, not elsewhere classified",excludes1,alcoholic hepatic failure (K70.4),K70.4,K70
11,K72,"Hepatic failure, not elsewhere classified",excludes1,hepatic failure with toxic liver disease (K71.1-),K71.1-,K71
11,K72,"Hepatic failure, not elsewhere classified",excludes1,icterus of newborn (P55-P59),P55-P59,P55
11,K72,"Hepatic failure, not elsewhere classified",excludes1,postprocedural hepatic failure (K91.82),K91.82,K91
11,K73,"Chronic hepatitis, not elsewhere classified",excludes1,alcoholic hepatitis (chronic) (K70.1-),K70.1-,K70
11,K73,"Chronic hepatitis, not elsewhere classified",excludes1,drug-induced hepatitis (chronic) (K71.-),K71.-,K71
11,K73,"Chronic hepatitis, not elsewhere classified",excludes1,granulomatous hepatitis (chronic) NEC (K75.3),K75.3,K75
11,K73,"Chronic hepatitis, not elsewhere classified",excludes1,"reactive, nonspecific hepatitis (chronic) (K75.2)",K75.2,K75
11,K73,"Chronic hepatitis, not elsewhere classified",excludes1,viral hepatitis (chronic) (B15-B19),B15-B19,B15
11,K74,Fibrosis and cirrhosis of liver,excludes1,alcoholic cirrhosis (of liver) (K70.3),K70.3,K70
11,K74,Fibrosis and cirrhosis of liver,excludes1,alcoholic fibrosis of liver (K70.2),K70.2,K70
11,K74,Fibrosis and cirrhosis of liver,excludes1,cardiac sclerosis of liver (K76.1),K76.1,K76
11,K74,Fibrosis and cirrhosis of liver,excludes1,cirrhosis (of liver) with toxic liver disease (K71.7),K71.7,K71
11,K74,Fibrosis and cirrhosis of liver,excludes1,congenital cirrhosis (of liver) (P78.81),P78.81,P78
11,K74,Fibrosis and cirrhosis of liver,excludes1,pigmentary cirrhosis (of liver) (E83.110),E83.110,E83
11,K74.02,"Hepatic fibrosis, advanced fibrosis",excludes1,cirrhosis of liver (K74.6-),K74.6-,K74
11,K74.02,"Hepatic fibrosis, advanced fibrosis",excludes1,"hepatic fibrosis, stage F4 (K74.6-)",K74.6-,K74
11,K75.0,Abscess of liver,excludes1,amebic liver abscess (A06.4),A06.4,A06
11,K75.0,Abscess of liver,excludes1,cholangitis without liver abscess (K83.09),K83.09,K83
11,K75.0,Abscess of liver,excludes1,pylephlebitis without liver abscess (K75.1),K75.1,K75
11,K75.1,Phlebitis of portal vein,excludes1,pylephlebitic liver abscess (K75.0),K75.0,K75
11,K75.2,Nonspecific reactive hepatitis,excludes1,acute or subacute hepatitis (K72.0-),K72.0-,K72
11,K75.2,Nonspecific reactive hepatitis,excludes1,chronic hepatitis NEC (K73.-),K73.-,K73
11,K75.2,Nonspecific reactive hepatitis,excludes1,viral hepatitis (B15-B19),B15-B19,B15
11,K75.3,"Granulomatous hepatitis, not elsewhere classified",excludes1,acute or subacute hepatitis (K72.0-),K72.0-,K72
11,K75.3,"Granulomatous hepatitis, not elsewhere classified",excludes1,chronic hepatitis NEC (K73.-),K73.-,K73
11,K75.3,"Granulomatous hepatitis, not elsewhere classified",excludes1,viral hepatitis (B15-B19),B15-B19,B15
11,K75.9,"Inflammatory liver disease, unspecified",excludes1,acute or subacute hepatitis (K72.0-),K72.0-,K72
11,K75.9,"Inflammatory liver disease, unspecified",excludes1,chronic hepatitis NEC (K73.-),K73.-,K73
11,K75.9,"Inflammatory liver disease, unspecified",excludes1,viral hepatitis (B15-B19),B15-B19,B15
11,K76.0,"Fatty (change of) liver, not elsewhere classified",excludes1,nonalcoholic steatohepatitis (NASH) (K75.81),K75.81,K75
11,K76.2,Central hemorrhagic necrosis of liver,excludes1,liver necrosis with hepatic failure (K72.-),K72.-,K72
11,K76.5,Hepatic veno-occlusive disease,excludes1,Budd-Chiari syndrome (I82.0),I82.0,I82
11,K76.7,Hepatorenal syndrome,excludes1,hepatorenal syndrome following labor and delivery (O90.41),O90.41,O90
11,K76.7,Hepatorenal syndrome,excludes1,postprocedural hepatorenal syndrome (K91.83),K91.83,K91
11,K76.82,Hepatic encephalopathy,excludes1,acute and subacute hepatic failure with coma (K72.01),K72.01,K72
11,K76.82,Hepatic encephalopathy,excludes1,alcoholic hepatic failure with coma (K70.41),K70.41,K70
11,K76.82,Hepatic encephalopathy,excludes1,chronic hepatic failure with coma (K72.11),K72.11,K72
11,K76.82,Hepatic encephalopathy,excludes1,hepatic failure with coma (K72.91),K72.91,K72
11,K76.83,Intestinal failure-associated liver disease,excludes1,intestinal failure (K90.83),K90.83,K90
11,K77,Liver disorders in diseases classified elsewhere,excludes1,alcoholic hepatitis (K70.1-),K70.1-,K70
11,K77,Liver disorders in diseases classified elsewhere,excludes1,alcoholic liver disease (K70.-),K70.-,K70
11,K77,Liver disorders in diseases classified elsewhere,excludes1,cytomegaloviral hepatitis (B25.1),B25.1,B25
11,K77,Liver disorders in diseases classified elsewhere,excludes1,herpesviral [herpes simplex] hepatitis (B00.81),B00.81,B00
11,K77,Liver disorders in diseases classified elsewhere,excludes1,mumps hepatitis (B26.81),B26.81,B26
11,K77,Liver disorders in diseases classified elsewhere,excludes1,sarcoidosis with liver disease (D86.89),D86.89,D86
11,K77,Liver disorders in diseases classified elsewhere,excludes1,secondary syphilis with liver disease (A51.45),A51.45,A51
11,K77,Liver disorders in diseases classified elsewhere,excludes1,syphilis (late) with liver disease (A52.74),A52.74,A52
11,K77,Liver disorders in diseases classified elsewhere,excludes1,toxoplasmosis (acquired) hepatitis (B58.1),B58.1,B58
11,K77,Liver disorders in diseases classified elsewhere,excludes1,tuberculosis with liver disease (A18.83),A18.83,A18
11,K80,Cholelithiasis,excludes1,retained cholelithiasis following cholecystectomy (K91.86),K91.86,K91
11,K81,Cholecystitis,excludes1,cholecystitis with cholelithiasis (K80.-),K80.-,K80
11,K82,Other diseases of gallbladder,excludes1,nonvisualization of gallbladder (R93.2),R93.2,R93
11,K82,Other diseases of gallbladder,excludes1,postcholecystectomy syndrome (K91.5),K91.5,K91
11,K82.0,Obstruction of gallbladder,excludes1,obstruction of gallbladder with cholelithiasis (K80.-),K80.-,K80
11,K82.2,Perforation of gallbladder,excludes1,Perforation of gallbladder in cholecystitis (K82.A2),K82.A2,K82
11,K82.4,Cholesterolosis of gallbladder,excludes1,cholesterolosis of gallbladder with cholecystitis (K81.-),K81.-,K81
11,K82.4,Cholesterolosis of gallbladder,excludes1,cholesterolosis of gallbladder with cholelithiasis (K80.-),K80.-,K80
11,K83,Other diseases of biliary tract,excludes1,postcholecystectomy syndrome (K91.5),K91.5,K91
11,K83.0,Cholangitis,excludes1,cholangitic liver abscess (K75.0),K75.0,K75
11,K83.0,Cholangitis,excludes1,"cholangitis with choledocholithiasis (K80.3-, K80.4-)",K80.3-; K80.4-,K80
11,K83.1,Obstruction of bile duct,excludes1,congenital obstruction of bile duct (Q44.3),Q44.3,Q44
11,K83.1,Obstruction of bile duct,excludes1,obstruction of bile duct with cholelithiasis (K80.-),K80.-,K80
11,K87,"Disorders of gallbladder, biliary tract and pancreas in diseases classified elsewhere",excludes1,cytomegaloviral pancreatitis (B25.2),B25.2,B25
11,K87,"Disorders of gallbladder, biliary tract and pancreas in diseases classified elsewhere",excludes1,mumps pancreatitis (B26.3),B26.3,B26
11,K87,"Disorders of gallbladder, biliary tract and pancreas in diseases classified elsewhere",excludes1,syphilitic gallbladder (A52.74),A52.74,A52
11,K87,"Disorders of gallbladder, biliary tract and pancreas in diseases classified elsewhere",excludes1,syphilitic pancreas (A52.74),A52.74,A52
11,K87,"Disorders of gallbladder, biliary tract and pancreas in diseases classified elsewhere",excludes1,tuberculosis of gallbladder (A18.83),A18.83,A18
11,K87,"Disorders of gallbladder, biliary tract and pancreas in diseases classified elsewhere",excludes1,tuberculosis of pancreas (A18.83),A18.83,A18
11,K90,Intestinal malabsorption,excludes1,intestinal malabsorption following gastrointestinal surgery (K91.2),K91.2,K91
11,K90.2,"Blind loop syndrome, not elsewhere classified",excludes1,congenital blind loop syndrome (Q43.8),Q43.8,Q43
11,K90.2,"Blind loop syndrome, not elsewhere classified",excludes1,postsurgical blind loop syndrome (K91.2),K91.2,K91
11,K90.82,Short bowel syndrome,excludes1,"postsurgical malabsorption, not elsewhere classified (K91.2)",K91.2,K91
11,K91.2,"Postsurgical malabsorption, not elsewhere classified",excludes1,malabsorption osteomalacia in adults (M83.2),M83.2,M83
11,K91.2,"Postsurgical malabsorption, not elsewhere classified",excludes1,"malabsorption osteoporosis, postsurgical (M80.8-, M81.8)",M80.8-; M81.8,M80; M81
11,K91.6,Intraoperative hemorrhage and hematoma of a digestive system organ or structure complicating a procedure,excludes1,intraoperative hemorrhage and hematoma of a digestive system organ or structure due to accidental puncture and laceration during a procedure (K91.7-),K91.7-,K91
11,K92,Other diseases of digestive system,excludes1,neonatal gastrointestinal hemorrhage (P54.0-P54.3),P54.0-P54.3,P54
11,K92.1,Melena,excludes1,occult blood in feces (R19.5),R19.5,R19
11,K92.2,"Gastrointestinal hemorrhage, unspecified",excludes1,acute hemorrhagic gastritis (K29.01),K29.01,K29
11,K92.2,"Gastrointestinal hemorrhage, unspecified",excludes1,hemorrhage of anus and rectum (K62.5),K62.5,K62
11,K92.2,"Gastrointestinal hemorrhage, unspecified",excludes1,angiodysplasia of stomach with hemorrhage (K31.811),K31.811,K31
11,K92.2,"Gastrointestinal hemorrhage, unspecified",excludes1,diverticular disease with hemorrhage (K57.-),K57.-,K57
11,K92.2,"Gastrointestinal hemorrhage, unspecified",excludes1,gastritis and duodenitis with hemorrhage (K29.-),K29.-,K29
11,K92.2,"Gastrointestinal hemorrhage, unspecified",excludes1,peptic ulcer with hemorrhage (K25-K28),K25-K28,K25
11,K95.8,Complications of other bariatric procedure,excludes1,complications of gastric band surgery (K95.0-),K95.0-,K95
12,L00,Staphylococcal scalded skin syndrome,excludes1,bullous impetigo (L01.03),L01.03,L01
12,L00,Staphylococcal scalded skin syndrome,excludes1,pemphigus neonatorum (L01.03),L01.03,L01
12,L00,Staphylococcal scalded skin syndrome,excludes1,toxic epidermal necrolysis [Lyell] (L51.2),L51.2,L51
12,L01,Impetigo,excludes1,impetigo herpetiformis (L40.1),L40.1,L40
12,L02.2,"Cutaneous abscess, furuncle and carbuncle of trunk",excludes1,non-newborn omphalitis (L08.82),L08.82,L08
12,L02.2,"Cutaneous abscess, furuncle and carbuncle of trunk",excludes1,omphalitis of newborn (P38.-),P38.-,P38
12,L02.3,"Cutaneous abscess, furuncle and carbuncle of buttock",excludes1,pilonidal cyst with abscess (L05.01),L05.01,L05
12,L03.01,Cellulitis of finger,excludes1,herpetic whitlow (B00.89),B00.89,B00
12,L03.91,"Acute lymphangitis, unspecified",excludes1,lymphangitis NOS (I89.1),I89.1,I89
12,L04,Acute lymphadenitis,excludes1,"chronic or subacute lymphadenitis, except mesenteric (I88.1)",I88.1,I88
12,L04,Acute lymphadenitis,excludes1,enlarged lymph nodes (R59.-),R59.-,R59
12,L04,Acute lymphadenitis,excludes1,human immunodeficiency virus [HIV] disease resulting in generalized lymphadenopathy (B20),B20,B20
12,L04,Acute lymphadenitis,excludes1,lymphadenitis NOS (I88.9),I88.9,I88
12,L04,Acute lymphadenitis,excludes1,nonspecific mesenteric lymphadenitis (I88.0),I88.0,I88
12,L08.0,Pyoderma,excludes1,pyoderma gangrenosum (L88),L88,L88
12,L08.0,Pyoderma,excludes1,pyoderma vegetans (L08.81),L08.81,L08
12,L08.81,Pyoderma vegetans,excludes1,pyoderma gangrenosum (L88),L88,L88
12,L08.81,Pyoderma vegetans,excludes1,pyoderma NOS (L08.0),L08.0,L08
12,L08.82,Omphalitis not of newborn,excludes1,omphalitis of newborn (P38.-),P38.-,P38
12,Block L10-L14,Bullous disorders (L10-L14),excludes1,benign familial pemphigus [Hailey-Hailey] (Q82.8),Q82.8,Q82
12,Block L10-L14,Bullous disorders (L10-L14),excludes1,staphylococcal scalded skin syndrome (L00),L00,L00
12,Block L10-L14,Bullous disorders (L10-L14),excludes1,toxic epidermal necrolysis [Lyell] (L51.2),L51.2,L51
12,L10,Pemphigus,excludes1,pemphigus neonatorum (L01.03),L01.03,L01
12,L11.0,Acquired keratosis follicularis,excludes1,keratosis follicularis (congenital) [Darier-White] (Q82.8),Q82.8,Q82
12,L12,Pemphigoid,excludes1,herpes gestationis (O26.4-),O26.4-,O26
12,L12,Pemphigoid,excludes1,impetigo herpetiformis (L40.1),L40.1,L40
12,L12.3,Acquired epidermolysis bullosa,excludes1,epidermolysis bullosa (congenital) (Q81.-),Q81.-,Q81
12,L13.0,Dermatitis herpetiformis,excludes1,juvenile dermatitis herpetiformis (L12.2),L12.2,L12
12,L13.0,Dermatitis herpetiformis,excludes1,senile dermatitis herpetiformis (L12.0),L12.0,L12
12,L23,Allergic contact dermatitis,excludes1,allergy NOS (T78.40),T78.40,T78
12,L23,Allergic contact dermatitis,excludes1,contact dermatitis NOS (L25.9),L25.9,L25
12,L23,Allergic contact dermatitis,excludes1,dermatitis NOS (L30.9),L30.9,L30
12,L24,Irritant contact dermatitis,excludes1,allergy NOS (T78.40),T78.40,T78
12,L24,Irritant contact dermatitis,excludes1,contact dermatitis NOS (L25.9),L25.9,L25
12,L24,Irritant contact dermatitis,excludes1,dermatitis NOS (L30.9),L30.9,L30
12,L24.A,Irritant contact dermatitis due to friction or contact with body fluids,excludes1,irritant contact dermatitis related to stoma or fistula (L24.B-),L24.B-,L24
12,L24.A2,"Irritant contact dermatitis due to fecal, urinary or dual incontinence",excludes1,diaper dermatitis (L22),L22,L22
12,L25,Unspecified contact dermatitis,excludes1,allergic contact dermatitis (L23.-),L23.-,L23
12,L25,Unspecified contact dermatitis,excludes1,allergy NOS (T78.40),T78.40,T78
12,L25,Unspecified contact dermatitis,excludes1,dermatitis NOS (L30.9),L30.9,L30
12,L25,Unspecified contact dermatitis,excludes1,irritant contact dermatitis (L24.-),L24.-,L24
12,L25.5,"Unspecified contact dermatitis due to plants, except food",excludes1,nettle rash (L50.9),L50.9,L50
12,L26,Exfoliative dermatitis,excludes1,Ritter's disease (L00),L00,L00
12,L27,Dermatitis due to substances taken internally,excludes1,allergy NOS (T78.40),T78.40,T78
12,L29,Pruritus,excludes1,neurotic excoriation (L98.1),L98.1,L98
12,L29,Pruritus,excludes1,psychogenic pruritus (F45.8),F45.8,F45
12,L41,Parapsoriasis,excludes1,poikiloderma vasculare atrophicans (L94.5),L94.5,L94
12,L43,Lichen planus,excludes1,lichen planopilaris (L66.1-),L66.1-,L66
12,Block L49-L54,Urticaria and erythema (L49-L54),excludes1,Lyme disease (A69.2-),A69.2-,A69
12,Block L49-L54,Urticaria and erythema (L49-L54),excludes1,rosacea (L71.-),L71.-,L71
12,L50,Urticaria,excludes1,allergic contact dermatitis (L23.-),L23.-,L23
12,L50,Urticaria,excludes1,angioneurotic edema (T78.3),T78.3,T78
12,L50,Urticaria,excludes1,giant urticaria (T78.3),T78.3,T78
12,L50,Urticaria,excludes1,hereditary angio-edema (D84.1),D84.1,D84
12,L50,Urticaria,excludes1,Quincke's edema (T78.3),T78.3,T78
12,L50,Urticaria,excludes1,serum urticaria (T80.6-),T80.6-,T80
12,L50,Urticaria,excludes1,solar urticaria (L56.3),L56.3,L56
12,L50,Urticaria,excludes1,urticaria neonatorum (P83.8),P83.8,P83
12,L50,Urticaria,excludes1,urticaria papulosa (L28.2),L28.2,L28
12,L50,Urticaria,excludes1,urticaria pigmentosa (D47.01),D47.01,D47
12,L51,Erythema multiforme,excludes1,staphylococcal scalded skin syndrome (L00),L00,L00
12,L51,Erythema multiforme,excludes1,Ritter's disease (L00),L00,L00
12,L52,Erythema nodosum,excludes1,tuberculous erythema nodosum (A18.4),A18.4,A18
12,L53,Other erythematous conditions,excludes1,erythema ab igne (L59.0),L59.0,L59
12,L53,Other erythematous conditions,excludes1,erythema due to external agents in contact with skin (L23-L25),L23-L25,L23
12,L53,Other erythematous conditions,excludes1,erythema intertrigo (L30.4),L30.4,L30
12,L53.0,Toxic erythema,excludes1,neonatal erythema toxicum (P83.1),P83.1,P83
12,Block L60-L75,Disorders of skin appendages (L60-L75),excludes1,congenital malformations of integument (Q84.-),Q84.-,Q84
12,L65,Other nonscarring hair loss,excludes1,trichotillomania (F63.3),F63.3,F63
12,L67,Hair color and hair shaft abnormalities,excludes1,monilethrix (Q84.1),Q84.1,Q84
12,L67,Hair color and hair shaft abnormalities,excludes1,pili annulati (Q84.1),Q84.1,Q84
12,L67,Hair color and hair shaft abnormalities,excludes1,telogen effluvium (L65.0),L65.0,L65
12,L68,Hypertrichosis,excludes1,congenital hypertrichosis (Q84.2),Q84.2,Q84
12,L68,Hypertrichosis,excludes1,persistent lanugo (Q84.2),Q84.2,Q84
12,L75,Apocrine sweat disorders,excludes1,dyshidrosis (L30.1),L30.1,L30
12,L75,Apocrine sweat disorders,excludes1,hidradenitis suppurativa (L73.2),L73.2,L73
12,L76.0,Intraoperative hemorrhage and hematoma of skin and subcutaneous tissue complicating a procedure,excludes1,intraoperative hemorrhage and hematoma of skin and subcutaneous tissue due to accidental puncture and laceration during a procedure (L76.1-),L76.1-,L76
12,L81,Other disorders of pigmentation,excludes1,birthmark NOS (Q82.5),Q82.5,Q82
12,L81,Other disorders of pigmentation,excludes1,Peutz-Jeghers syndrome (Q85.89),Q85.89,Q85
12,L85.0,Acquired ichthyosis,excludes1,congenital ichthyosis (Q80.-),Q80.-,Q80
12,L85.1,Acquired keratosis [keratoderma] palmaris et plantaris,excludes1,inherited keratosis palmaris et plantaris (Q82.8),Q82.8,Q82
12,L86,Keratoderma in diseases classified elsewhere,excludes1,gonococcal keratoderma (A54.89),A54.89,A54
12,L86,Keratoderma in diseases classified elsewhere,excludes1,gonococcal keratosis (A54.89),A54.89,A54
12,L86,Keratoderma in diseases classified elsewhere,excludes1,keratoderma due to vitamin A deficiency (E50.8),E50.8,E50
12,L86,Keratoderma in diseases classified elsewhere,excludes1,keratosis due to vitamin A deficiency (E50.8),E50.8,E50
12,L86,Keratoderma in diseases classified elsewhere,excludes1,xeroderma due to vitamin A deficiency (E50.8),E50.8,E50
12,L87,Transepidermal elimination disorders,excludes1,granuloma annulare (perforating) (L92.0),L92.0,L92
12,L88,Pyoderma gangrenosum,excludes1,dermatitis gangrenosa (L08.0),L08.0,L08
12,L92.1,"Necrobiosis lipoidica, not elsewhere classified",excludes1,necrobiosis lipoidica associated with diabetes mellitus (E08-E13 with .620),,
12,L93,Lupus erythematosus,excludes1,lupus exedens (A18.4),A18.4,A18
12,L93,Lupus erythematosus,excludes1,lupus vulgaris (A18.4),A18.4,A18
12,L93,Lupus erythematosus,excludes1,scleroderma (M34.-),M34.-,M34
12,L93,Lupus erythematosus,excludes1,systemic lupus erythematosus (M32.-),M32.-,M32
12,L94,Other localized connective tissue disorders,excludes1,systemic connective tissue disorders (M30-M36),M30-M36,M30
12,L95,"Vasculitis limited to skin, not elsewhere classified",excludes1,angioma serpiginosum (L81.7),L81.7,L81
12,L95,"Vasculitis limited to skin, not elsewhere classified",excludes1,Henoch(-Schönlein) purpura (D69.0),D69.0,D69
12,L95,"Vasculitis limited to skin, not elsewhere classified",excludes1,hypersensitivity angiitis (M31.0),M31.0,M31
12,L95,"Vasculitis limited to skin, not elsewhere classified",excludes1,lupus panniculitis (L93.2),L93.2,L93
12,L95,"Vasculitis limited to skin, not elsewhere classified",excludes1,panniculitis NOS (M79.3),M79.3,M79
12,L95,"Vasculitis limited to skin, not elsewhere classified",excludes1,panniculitis of neck and back (M54.0-),M54.0-,M54
12,L95,"Vasculitis limited to skin, not elsewhere classified",excludes1,polyarteritis nodosa (M30.0),M30.0,M30
12,L95,"Vasculitis limited to skin, not elsewhere classified",excludes1,relapsing panniculitis (M35.6),M35.6,M35
12,L95,"Vasculitis limited to skin, not elsewhere classified",excludes1,rheumatoid vasculitis (M05.2),M05.2,M05
12,L95,"Vasculitis limited to skin, not elsewhere classified",excludes1,serum sickness (T80.6-),T80.6-,T80
12,L95,"Vasculitis limited to skin, not elsewhere classified",excludes1,urticaria (L50.-),L50.-,L50
12,L95,"Vasculitis limited to skin, not elsewhere classified",excludes1,Wegener's granulomatosis (M31.3-),M31.3-,M31
12,L98.1,Factitial dermatitis,excludes1,Excoriation (skin-picking) disorder (F42.4),F42.4,F42
12,L98.5,Mucinosis of the skin,excludes1,focal oral mucinosis (K13.79),K13.79,K13
12,L98.5,Mucinosis of the skin,excludes1,myxedema (E03.9),E03.9,E03
12,L98.6,Other infiltrative disorders of the skin and subcutaneous tissue,excludes1,hyalinosis cutis et mucosae (E78.89),E78.89,E78
12,L99,Other disorders of skin and subcutaneous tissue in diseases classified elsewhere,excludes1,skin disorders in diabetes (E08-E13 with .62-),,
12,L99,Other disorders of skin and subcutaneous tissue in diseases classified elsewhere,excludes1,skin disorders in gonorrhea (A54.89),A54.89,A54
12,L99,Other disorders of skin and subcutaneous tissue in diseases classified elsewhere,excludes1,"skin disorders in syphilis (A51.31, A52.79)",A51.31; A52.79,A51; A52
13,M01,Direct infections of joint in infectious and parasitic diseases classified elsewhere,excludes1,arthropathy in Lyme disease (A69.23),A69.23,A69
13,M01,Direct infections of joint in infectious and parasitic diseases classified elsewhere,excludes1,gonococcal arthritis (A54.42),A54.42,A54
13,M01,Direct infections of joint in infectious and parasitic diseases classified elsewhere,excludes1,meningococcal arthritis (A39.83),A39.83,A39
13,M01,Direct infections of joint in infectious and parasitic diseases classified elsewhere,excludes1,mumps arthritis (B26.85),B26.85,B26
13,M01,Direct infections of joint in infectious and parasitic diseases classified elsewhere,excludes1,postinfective arthropathy (M02.-),M02.-,M02
13,M01,Direct infections of joint in infectious and parasitic diseases classified elsewhere,excludes1,postmeningococcal arthritis (A39.84),A39.84,A39
13,M01,Direct infections of joint in infectious and parasitic diseases classified elsewhere,excludes1,reactive arthritis (M02.3),M02.3,M02
13,M01,Direct infections of joint in infectious and parasitic diseases classified elsewhere,excludes1,rubella arthritis (B06.82),B06.82,B06
13,M01,Direct infections of joint in infectious and parasitic diseases classified elsewhere,excludes1,sarcoidosis arthritis (D86.86),D86.86,D86
13,M01,Direct infections of joint in infectious and parasitic diseases classified elsewhere,excludes1,typhoid fever arthritis (A01.04),A01.04,A01
13,M01,Direct infections of joint in infectious and parasitic diseases classified elsewhere,excludes1,tuberculosis arthritis (A18.01-A18.02),A18.01-A18.02,A18
13,M02,Postinfective and reactive arthropathies,excludes1,Behçet's disease (M35.2),M35.2,M35
13,M02,Postinfective and reactive arthropathies,excludes1,direct infections of joint in infectious and parasitic diseases classified elsewhere (M01.-),M01.-,M01
13,M02,Postinfective and reactive arthropathies,excludes1,postmeningococcal arthritis (A39.84),A39.84,A39
13,M02,Postinfective and reactive arthropathies,excludes1,mumps arthritis (B26.85),B26.85,B26
13,M02,Postinfective and reactive arthropathies,excludes1,rubella arthritis (B06.82),B06.82,B06
13,M02,Postinfective and reactive arthropathies,excludes1,syphilis arthritis (late) (A52.77),A52.77,A52
13,M02,Postinfective and reactive arthropathies,excludes1,rheumatic fever (I00),I00,I00
13,M02,Postinfective and reactive arthropathies,excludes1,tabetic arthropathy [Charcôt's] (A52.16),A52.16,A52
13,M05,Rheumatoid arthritis with rheumatoid factor,excludes1,rheumatic fever (I00),I00,I00
13,M05,Rheumatoid arthritis with rheumatoid factor,excludes1,juvenile rheumatoid arthritis (M08.-),M08.-,M08
13,M05,Rheumatoid arthritis with rheumatoid factor,excludes1,rheumatoid arthritis of spine (M45.-),M45.-,M45
13,M06.1,Adult-onset Still's disease,excludes1,Still's disease NOS (M08.2-),M08.2-,M08
13,M06.4,Inflammatory polyarthropathy,excludes1,polyarthritis NOS (M13.0),M13.0,M13
13,M07,Enteropathic arthropathies,excludes1,psoriatic arthropathies (L40.5-),L40.5-,L40
13,M08,Juvenile arthritis,excludes1,arthropathy in Whipple's disease (M14.8),M14.8,M14
13,M08,Juvenile arthritis,excludes1,Felty's syndrome (M05.0),M05.0,M05
13,M08,Juvenile arthritis,excludes1,juvenile dermatomyositis (M33.0-),M33.0-,M33
13,M08,Juvenile arthritis,excludes1,psoriatic juvenile arthropathy (L40.54),L40.54,L40
13,M08.1,Juvenile ankylosing spondylitis,excludes1,ankylosing spondylitis in adults (M45.0-),M45.0-,M45
13,M08.2,Juvenile rheumatoid arthritis with systemic onset,excludes1,adult-onset Still's disease (M06.1-),M06.1-,M06
13,M08.9,"Juvenile arthritis, unspecified",excludes1,"juvenile rheumatoid arthritis, unspecified (M08.0-)",M08.0-,M08
13,M1A,Chronic gout,excludes1,gout NOS (M10.-),M10.-,M10
13,M12,Other and unspecified arthropathy,excludes1,arthrosis (M15-M19),M15-M19,M15
13,M12,Other and unspecified arthropathy,excludes1,cricoarytenoid arthropathy (J38.7),J38.7,J38
13,M12.5,Traumatic arthropathy,excludes1,current injury-see Alphabetic Index,,
13,M12.5,Traumatic arthropathy,excludes1,post-traumatic osteoarthritis of first carpometacarpal joint (M18.2-M18.3),M18.2-M18.3,M18
13,M12.5,Traumatic arthropathy,excludes1,post-traumatic osteoarthritis of hip (M16.4-M16.5),M16.4-M16.5,M16
13,M12.5,Traumatic arthropathy,excludes1,post-traumatic osteoarthritis of knee (M17.2-M17.3),M17.2-M17.3,M17
13,M12.5,Traumatic arthropathy,excludes1,post-traumatic osteoarthritis NOS (M19.1-),M19.1-,M19
13,M12.5,Traumatic arthropathy,excludes1,post-traumatic osteoarthritis of other single joints (M19.1-),M19.1-,M19
13,M13,Other arthritis,excludes1,arthrosis (M15-M19),M15-M19,M15
13,M13,Other arthritis,excludes1,osteoarthritis (M15-M19),M15-M19,M15
13,M13.8,Other specified arthritis,excludes1,osteoarthritis (M15-M19),M15-M19,M15
13,M14,Arthropathies in other diseases classified elsewhere,excludes1,arthropathy in:,,
13,M14,Arthropathies in other diseases classified elsewhere,excludes1,diabetes mellitus (E08-E13 with .61-),,
13,M14,Arthropathies in other diseases classified elsewhere,excludes1,hematological disorders (M36.2-M36.3),M36.2-M36.3,M36
13,M14,Arthropathies in other diseases classified elsewhere,excludes1,hypersensitivity reactions (M36.4),M36.4,M36
13,M14,Arthropathies in other diseases classified elsewhere,excludes1,neoplastic disease (M36.1),M36.1,M36
13,M14,Arthropathies in other diseases classified elsewhere,excludes1,neurosyphillis (A52.16),A52.16,A52
13,M14,Arthropathies in other diseases classified elsewhere,excludes1,sarcoidosis (D86.86),D86.86,D86
13,M14,Arthropathies in other diseases classified elsewhere,excludes1,enteropathic arthropathies (M07.-),M07.-,M07
13,M14,Arthropathies in other diseases classified elsewhere,excludes1,juvenile psoriatic arthropathy (L40.54),L40.54,L40
13,M14,Arthropathies in other diseases classified elsewhere,excludes1,lipoid dermatoarthritis (E78.81),E78.81,E78
13,M14.6,Charcôt's joint,excludes1,Charcôt's joint in diabetes mellitus (E08-E13 with .610),,
13,M14.6,Charcôt's joint,excludes1,Charcôt's joint in tabes dorsalis (A52.16),A52.16,A52
13,M15,Polyosteoarthritis,excludes1,bilateral involvement of single joint (M16-M19),M16-M19,M16
13,M19,Other and unspecified osteoarthritis,excludes1,polyarthritis (M15.-),M15.-,M15
13,M20,Acquired deformities of fingers and toes,excludes1,acquired absence of fingers and toes (Z89.-),Z89.-,Z89
13,M20,Acquired deformities of fingers and toes,excludes1,"congenital absence of fingers and toes (Q71.3-, Q72.3-)",Q71.3-; Q72.3-,Q71; Q72
13,M20,Acquired deformities of fingers and toes,excludes1,"congenital deformities and malformations of fingers and toes (Q66.-, Q68-Q70, Q74.-)",Q66.-; Q68-Q70; Q74.-,Q66; Q68; Q74
13,M20.0,Deformity of finger(s),excludes1,clubbing of fingers (R68.3),R68.3,R68
13,M20.0,Deformity of finger(s),excludes1,palmar fascial fibromatosis [Dupuytren] (M72.0),M72.0,M72
13,M20.0,Deformity of finger(s),excludes1,trigger finger (M65.3),M65.3,M65
13,M21,Other acquired deformities of limbs,excludes1,acquired absence of limb (Z89.-),Z89.-,Z89
13,M21,Other acquired deformities of limbs,excludes1,congenital absence of limbs (Q71-Q73),Q71-Q73,Q71
13,M21,Other acquired deformities of limbs,excludes1,"congenital deformities and malformations of limbs (Q65-Q66, Q68-Q74)",Q65-Q66; Q68-Q74,Q65; Q68
13,M21.0,"Valgus deformity, not elsewhere classified",excludes1,metatarsus valgus (Q66.6),Q66.6,Q66
13,M21.0,"Valgus deformity, not elsewhere classified",excludes1,talipes calcaneovalgus (Q66.4-),Q66.4-,Q66
13,M21.1,"Varus deformity, not elsewhere classified",excludes1,metatarsus varus (Q66.22-),Q66.22-,Q66
13,M21.1,"Varus deformity, not elsewhere classified",excludes1,tibia vara (M92.51-),M92.51-,M92
13,M21.4,Flat foot [pes planus] (acquired),excludes1,congenital pes planus (Q66.5-),Q66.5-,Q66
13,M21.5,"Acquired clawhand, clubhand, clawfoot and clubfoot",excludes1,"clubfoot, not specified as acquired (Q66.89)",Q66.89,Q66
13,M23,Internal derangement of knee,excludes1,ankylosis (M24.66),M24.66,M24
13,M23,Internal derangement of knee,excludes1,deformity of knee (M21.-),M21.-,M21
13,M23,Internal derangement of knee,excludes1,osteochondritis dissecans (M93.2),M93.2,M93
13,M24,Other specific joint derangements,excludes1,current injury - see injury of joint by body region,,
13,M24.2,Disorder of ligament,excludes1,familial ligamentous laxity (M35.7),M35.7,M35
13,M24.3,"Pathological dislocation of joint, not elsewhere classified",excludes1,congenital dislocation or displacement of joint- see congenital malformations and deformations of the musculoskeletal system (Q65-Q79),Q65-Q79,Q65
13,M24.3,"Pathological dislocation of joint, not elsewhere classified",excludes1,current injury - see injury of joints and ligaments by body region,,
13,M24.3,"Pathological dislocation of joint, not elsewhere classified",excludes1,recurrent dislocation of joint (M24.4-),M24.4-,M24
13,M24.5,Contracture of joint,excludes1,contracture of muscle without contracture of joint (M62.4-),M62.4-,M62
13,M24.5,Contracture of joint,excludes1,contracture of tendon (sheath) without contracture of joint (M62.4-),M62.4-,M62
13,M24.5,Contracture of joint,excludes1,Dupuytren's contracture (M72.0),M72.0,M72
13,M24.6,Ankylosis of joint,excludes1,stiffness of joint without ankylosis (M25.6-),M25.6-,M25
13,M25.0,Hemarthrosis,excludes1,current injury - see injury of joint by body region,,
13,M25.0,Hemarthrosis,excludes1,hemophilic arthropathy (M36.2),M36.2,M36
13,M25.3,Other instability of joint,excludes1,instability of joint secondary to old ligament injury (M24.2-),M24.2-,M24
13,M25.3,Other instability of joint,excludes1,instability of joint secondary to removal of joint prosthesis (M96.8-),M96.8-,M96
13,M25.4,Effusion of joint,excludes1,hydrarthrosis in yaws (A66.6),A66.6,A66
13,M25.4,Effusion of joint,excludes1,intermittent hydrarthrosis (M12.4-),M12.4-,M12
13,M25.4,Effusion of joint,excludes1,other infective (teno)synovitis (M65.1-),M65.1-,M65
13,M25.6,"Stiffness of joint, not elsewhere classified",excludes1,ankylosis of joint (M24.6-),M24.6-,M24
13,M25.6,"Stiffness of joint, not elsewhere classified",excludes1,contracture of joint (M24.5-),M24.5-,M24
13,Block M26-M27,Dentofacial anomalies [including malocclusion] and other disorders of jaw (M26-M27),excludes1,hemifacial atrophy or hypertrophy (Q67.4),Q67.4,Q67
13,Block M26-M27,Dentofacial anomalies [including malocclusion] and other disorders of jaw (M26-M27),excludes1,unilateral condylar hyperplasia or hypoplasia (M27.8),M27.8,M27
13,M26.0,Major anomalies of jaw size,excludes1,acromegaly (E22.0),E22.0,E22
13,M26.0,Major anomalies of jaw size,excludes1,Robin's syndrome (Q87.0),Q87.0,Q87
13,M26.5,Dentofacial functional abnormalities,excludes1,bruxism (F45.8),F45.8,F45
13,M26.5,Dentofacial functional abnormalities,excludes1,teeth-grinding NOS (F45.8),F45.8,F45
13,M26.55,Centric occlusion maximum intercuspation discrepancy,excludes1,centric occlusion NOS (M26.59),M26.59,M26
13,M27.1,"Giant cell granuloma, central",excludes1,peripheral giant cell granuloma (K06.8),K06.8,K06
13,M27.4,Other and unspecified cysts of jaw,excludes1,cysts of oral region (K09.-),K09.-,K09
13,M27.4,Other and unspecified cysts of jaw,excludes1,latent bone cyst of jaw (M27.0),M27.0,M27
13,M27.4,Other and unspecified cysts of jaw,excludes1,Stafne's cyst (M27.0),M27.0,M27
13,M27.8,Other specified diseases of jaws,excludes1,jaw pain (R68.84),R68.84,R68
13,Block M30-M36,Systemic connective tissue disorders (M30-M36),excludes1,"autoimmune disease, single organ or single cell-type -code to relevant condition category",,
13,M30,Polyarteritis nodosa and related conditions,excludes1,microscopic polyarteritis (M31.7),M31.7,M31
13,M31.7,Microscopic polyangiitis,excludes1,polyarteritis nodosa (M30.0),M30.0,M30
13,M32,Systemic lupus erythematosus (SLE),excludes1,lupus erythematosus (discoid) (NOS) (L93.0),L93.0,L93
13,M34,Systemic sclerosis [scleroderma],excludes1,circumscribed scleroderma (L94.0),L94.0,L94
13,M34,Systemic sclerosis [scleroderma],excludes1,neonatal scleroderma (P83.88),P83.88,P83
13,M35,Other systemic involvement of connective tissue,excludes1,reactive perforating collagenosis (L87.1),L87.1,L87
13,M35.0,Sjögren syndrome,excludes1,"dry mouth, unspecified (R68.2)",R68.2,R68
13,M35.1,Other overlap syndromes,excludes1,polyangiitis overlap syndrome (M30.8),M30.8,M30
13,M35.3,Polymyalgia rheumatica,excludes1,polymyalgia rheumatica with giant cell arteritis (M31.5),M31.5,M31
13,M35.6,Relapsing panniculitis [Weber-Christian],excludes1,lupus panniculitis (L93.2),L93.2,L93
13,M35.6,Relapsing panniculitis [Weber-Christian],excludes1,panniculitis NOS (M79.3-),M79.3-,M79
13,M35.7,Hypermobility syndrome,excludes1,"ligamentous laxity, NOS (M24.2-)",M24.2-,M24
13,M40,Kyphosis and lordosis,excludes1,congenital kyphosis and lordosis (Q76.4),Q76.4,Q76
13,M40,Kyphosis and lordosis,excludes1,kyphoscoliosis (M41.-),M41.-,M41
13,M40,Kyphosis and lordosis,excludes1,postprocedural kyphosis and lordosis (M96.-),M96.-,M96
13,M40.0,Postural kyphosis,excludes1,osteochondrosis of spine (M42.-),M42.-,M42
13,M41,Scoliosis,excludes1,congenital scoliosis NOS (Q67.5),Q67.5,Q67
13,M41,Scoliosis,excludes1,congenital scoliosis due to bony malformation (Q76.3),Q76.3,Q76
13,M41,Scoliosis,excludes1,postural congenital scoliosis (Q67.5),Q67.5,Q67
13,M41,Scoliosis,excludes1,kyphoscoliotic heart disease (I27.1),I27.1,I27
13,M42.0,Juvenile osteochondrosis of spine,excludes1,postural kyphosis (M40.0),M40.0,M40
13,M43,Other deforming dorsopathies,excludes1,congenital spondylolysis and spondylolisthesis (Q76.2),Q76.2,Q76
13,M43,Other deforming dorsopathies,excludes1,hemivertebra (Q76.3-Q76.4),Q76.3-Q76.4,Q76
13,M43,Other deforming dorsopathies,excludes1,Klippel-Feil syndrome (Q76.1),Q76.1,Q76
13,M43,Other deforming dorsopathies,excludes1,lumbarization and sacralization (Q76.4),Q76.4,Q76
13,M43,Other deforming dorsopathies,excludes1,platyspondylisis (Q76.4),Q76.4,Q76
13,M43,Other deforming dorsopathies,excludes1,spina bifida occulta (Q76.0),Q76.0,Q76
13,M43,Other deforming dorsopathies,excludes1,spinal curvature in osteoporosis (M80.-),M80.-,M80
13,M43,Other deforming dorsopathies,excludes1,spinal curvature in Paget's disease of bone [osteitis deformans] (M88.-),M88.-,M88
13,M43.0,Spondylolysis,excludes1,congenital spondylolysis (Q76.2),Q76.2,Q76
13,M43.0,Spondylolysis,excludes1,spondylolisthesis (M43.1),M43.1,M43
13,M43.1,Spondylolisthesis,excludes1,acute traumatic of lumbosacral region (S33.1),S33.1,S33
13,M43.1,Spondylolisthesis,excludes1,"acute traumatic of sites other than lumbosacral- code to Fracture, vertebra, by region",,
13,M43.1,Spondylolisthesis,excludes1,congenital spondylolisthesis (Q76.2),Q76.2,Q76
13,M43.2,Fusion of spine,excludes1,ankylosing spondylitis (M45.0-),M45.0-,M45
13,M43.2,Fusion of spine,excludes1,congenital fusion of spine (Q76.4),Q76.4,Q76
13,M43.5,Other recurrent vertebral dislocation,excludes1,biomechanical lesions NEC (M99.-),M99.-,M99
13,M43.6,Torticollis,excludes1,congenital (sternomastoid) torticollis (Q68.0),Q68.0,Q68
13,M43.6,Torticollis,excludes1,"current injury - see Injury, of spine, by body region",,
13,M43.6,Torticollis,excludes1,ocular torticollis (R29.891),R29.891,R29
13,M43.6,Torticollis,excludes1,psychogenic torticollis (F45.8),F45.8,F45
13,M43.6,Torticollis,excludes1,spasmodic torticollis (G24.3),G24.3,G24
13,M43.6,Torticollis,excludes1,torticollis due to birth injury (P15.2),P15.2,P15
13,M45,Ankylosing spondylitis,excludes1,arthropathy in Reiter's disease (M02.3-),M02.3-,M02
13,M45,Ankylosing spondylitis,excludes1,juvenile (ankylosing) spondylitis (M08.1),M08.1,M08
13,M47.1,Other spondylosis with myelopathy,excludes1,vertebral subluxation (M43.3-M43.5X9),M43.3-M43.5X9,M43
13,M48.4,Fatigue fracture of vertebra,excludes1,pathological fracture NOS (M84.4-),M84.4-,M84
13,M48.4,Fatigue fracture of vertebra,excludes1,pathological fracture of vertebra due to neoplasm (M84.58),M84.58,M84
13,M48.4,Fatigue fracture of vertebra,excludes1,pathological fracture of vertebra due to other diagnosis (M84.68),M84.68,M84
13,M48.4,Fatigue fracture of vertebra,excludes1,pathological fracture of vertebra due to osteoporosis (M80.-),M80.-,M80
13,M48.4,Fatigue fracture of vertebra,excludes1,"traumatic fracture of vertebrae (S12.0-S12.3-, S22.0-, S32.0-)",S12.0-S12.3-; S22.0-; S32.0-,S12; S22; S32
13,M48.5,"Collapsed vertebra, not elsewhere classified",excludes1,"current injury - see Injury of spine, by body region",,
13,M48.5,"Collapsed vertebra, not elsewhere classified",excludes1,fatigue fracture of vertebra (M48.4),M48.4,M48
13,M48.5,"Collapsed vertebra, not elsewhere classified",excludes1,pathological fracture of vertebra due to neoplasm (M84.58),M84.58,M84
13,M48.5,"Collapsed vertebra, not elsewhere classified",excludes1,pathological fracture of vertebra due to other diagnosis (M84.68),M84.68,M84
13,M48.5,"Collapsed vertebra, not elsewhere classified",excludes1,pathological fracture of vertebra due to osteoporosis (M80.-),M80.-,M80
13,M48.5,"Collapsed vertebra, not elsewhere classified",excludes1,pathological fracture NOS (M84.4-),M84.4-,M84
13,M48.5,"Collapsed vertebra, not elsewhere classified",excludes1,stress fracture of vertebra (M48.4-),M48.4-,M48
13,M48.5,"Collapsed vertebra, not elsewhere classified",excludes1,"traumatic fracture of vertebra (S12.-, S22.-, S32.-)",S12.-; S22.-; S32.-,S12; S22; S32
13,M49,Spondylopathies in diseases classified elsewhere,excludes1,curvature of spine in tuberculosis [Pott's] (A18.01),A18.01,A18
13,M49,Spondylopathies in diseases classified elsewhere,excludes1,enteropathic arthropathies (M07.-),M07.-,M07
13,M49,Spondylopathies in diseases classified elsewhere,excludes1,gonococcal spondylitis (A54.41),A54.41,A54
13,M49,Spondylopathies in diseases classified elsewhere,excludes1,neuropathic [tabes dorsalis] spondylitis (A52.11),A52.11,A52
13,M49,Spondylopathies in diseases classified elsewhere,excludes1,neuropathic spondylopathy in syringomyelia (G95.0),G95.0,G95
13,M49,Spondylopathies in diseases classified elsewhere,excludes1,neuropathic spondylopathy in tabes dorsalis (A52.11),A52.11,A52
13,M49,Spondylopathies in diseases classified elsewhere,excludes1,nonsyphilitic neuropathic spondylopathy NEC (G98.0),G98.0,G98
13,M49,Spondylopathies in diseases classified elsewhere,excludes1,spondylitis in syphilis (acquired) (A52.77),A52.77,A52
13,M49,Spondylopathies in diseases classified elsewhere,excludes1,tuberculous spondylitis (A18.01),A18.01,A18
13,M49,Spondylopathies in diseases classified elsewhere,excludes1,typhoid fever spondylitis (A01.05),A01.05,A01
13,Block M50-M54,Other dorsopathies (M50-M54),excludes1,current injury - see injury of spine by body region,,
13,Block M50-M54,Other dorsopathies (M50-M54),excludes1,discitis NOS (M46.4-),M46.4-,M46
13,M51.1,"Thoracic, thoracolumbar and lumbosacral intervertebral disc disorders with radiculopathy",excludes1,lumbar radiculitis NOS (M54.16),M54.16,M54
13,M51.1,"Thoracic, thoracolumbar and lumbosacral intervertebral disc disorders with radiculopathy",excludes1,sciatica NOS (M54.3),M54.3,M54
13,M54,Dorsalgia,excludes1,psychogenic dorsalgia (F45.41),F45.41,F45
13,M54.0,Panniculitis affecting regions of neck and back,excludes1,lupus panniculitis (L93.2),L93.2,L93
13,M54.0,Panniculitis affecting regions of neck and back,excludes1,panniculitis NOS (M79.3),M79.3,M79
13,M54.0,Panniculitis affecting regions of neck and back,excludes1,relapsing [Weber-Christian] panniculitis (M35.6),M35.6,M35
13,M54.1,Radiculopathy,excludes1,neuralgia and neuritis NOS (M79.2),M79.2,M79
13,M54.1,Radiculopathy,excludes1,radiculopathy with cervical disc disorder (M50.1),M50.1,M50
13,M54.1,Radiculopathy,excludes1,radiculopathy with lumbar and other intervertebral disc disorder (M51.1-),M51.1-,M51
13,M54.1,Radiculopathy,excludes1,radiculopathy with spondylosis (M47.2-),M47.2-,M47
13,M54.2,Cervicalgia,excludes1,cervicalgia due to intervertebral cervical disc disorder (M50.-),M50.-,M50
13,M54.3,Sciatica,excludes1,"intervertebral disc degeneration, lumbar region with lower extremity pain only (M51.361)",M51.361,M51
13,M54.3,Sciatica,excludes1,"intervertebral disc degeneration, lumbosacral region with lower extremity pain only (M51.371)",M51.371,M51
13,M54.3,Sciatica,excludes1,lesion of sciatic nerve (G57.0),G57.0,G57
13,M54.3,Sciatica,excludes1,sciatica due to intervertebral disc disorder (M51.1-),M51.1-,M51
13,M54.3,Sciatica,excludes1,sciatica with lumbago (M54.4-),M54.4-,M54
13,M54.4,Lumbago with sciatica,excludes1,"intervertebral disc degeneration, lumbar region with discogenic back pain and lower extremity pain (M51.362)",M51.362,M51
13,M54.4,Lumbago with sciatica,excludes1,"intervertebral disc degeneration, lumbosacral region with discogenic back pain and lower extremity pain (M51.372)",M51.372,M51
13,M54.4,Lumbago with sciatica,excludes1,lumbago with sciatica due to intervertebral disc disorder (M51.1-),M51.1-,M51
13,M54.5,Low back pain,excludes1,"intervertebral disc degeneration, lumbar region with discogenic back pain only (M51.360)",M51.360,M51
13,M54.5,Low back pain,excludes1,"intervertebral disc degeneration, lumbosacral region with discogenic back pain only (M51.370)",M51.370,M51
13,M54.5,Low back pain,excludes1,low back strain (S39.012),S39.012,S39
13,M54.5,Low back pain,excludes1,lumbago due to intervertebral disc displacement (M51.2-),M51.2-,M51
13,M54.5,Low back pain,excludes1,lumbago with sciatica (M54.4-),M54.4-,M54
13,M54.6,Pain in thoracic spine,excludes1,pain in thoracic spine due to intervertebral disc disorder (M51.-),M51.-,M51
13,M54.8,Other dorsalgia,excludes1,dorsalgia in thoracic region (M54.6),M54.6,M54
13,M54.8,Other dorsalgia,excludes1,low back pain (M54.5-),M54.5-,M54
13,Block M60-M63,Disorders of muscles (M60-M63),excludes1,dermatopolymyositis (M33.-),M33.-,M33
13,Block M60-M63,Disorders of muscles (M60-M63),excludes1,myopathy in amyloidosis (E85.-),E85.-,E85
13,Block M60-M63,Disorders of muscles (M60-M63),excludes1,myopathy in polyarteritis nodosa (M30.0),M30.0,M30
13,Block M60-M63,Disorders of muscles (M60-M63),excludes1,myopathy in rheumatoid arthritis (M05.32),M05.32,M05
13,Block M60-M63,Disorders of muscles (M60-M63),excludes1,myopathy in scleroderma (M34.-),M34.-,M34
13,Block M60-M63,Disorders of muscles (M60-M63),excludes1,myopathy in Sjögren's syndrome (M35.03),M35.03,M35
13,Block M60-M63,Disorders of muscles (M60-M63),excludes1,myopathy in systemic lupus erythematosus (M32.-),M32.-,M32
13,M60.2,"Foreign body granuloma of soft tissue, not elsewhere classified",excludes1,foreign body granuloma of skin and subcutaneous tissue (L92.3),L92.3,L92
13,M61.4,Other calcification of muscle,excludes1,calcific tendinitis NOS (M65.2-),M65.2-,M65
13,M61.4,Other calcification of muscle,excludes1,calcific tendinitis of shoulder (M75.3),M75.3,M75
13,M62,Other disorders of muscle,excludes1,alcoholic myopathy (G72.1),G72.1,G72
13,M62,Other disorders of muscle,excludes1,cramp and spasm (R25.2),R25.2,R25
13,M62,Other disorders of muscle,excludes1,drug-induced myopathy (G72.0),G72.0,G72
13,M62,Other disorders of muscle,excludes1,myalgia (M79.1-),M79.1-,M79
13,M62,Other disorders of muscle,excludes1,stiff-man syndrome (G25.82),G25.82,G25
13,M62.0,Separation of muscle (nontraumatic),excludes1,"diastasis recti complicating pregnancy, labor and delivery (O71.8)",O71.8,O71
13,M62.0,Separation of muscle (nontraumatic),excludes1,traumatic separation of muscle- see strain of muscle by body region,,
13,M62.1,Other rupture of muscle (nontraumatic),excludes1,traumatic rupture of muscle - see strain of muscle by body region,,
13,M62.2,Nontraumatic ischemic infarction of muscle,excludes1,compartment syndrome (traumatic) (T79.A-),T79.A-,T79
13,M62.2,Nontraumatic ischemic infarction of muscle,excludes1,nontraumatic compartment syndrome (M79.A-),M79.A-,M79
13,M62.2,Nontraumatic ischemic infarction of muscle,excludes1,traumatic ischemia of muscle (T79.6),T79.6,T79
13,M62.2,Nontraumatic ischemic infarction of muscle,excludes1,rhabdomyolysis (M62.82),M62.82,M62
13,M62.2,Nontraumatic ischemic infarction of muscle,excludes1,Volkmann's ischemic contracture (T79.6),T79.6,T79
13,M62.4,Contracture of muscle,excludes1,contracture of joint (M24.5-),M24.5-,M24
13,M62.5,"Muscle wasting and atrophy, not elsewhere classified",excludes1,neuralgic amyotrophy (G54.5),G54.5,G54
13,M62.5,"Muscle wasting and atrophy, not elsewhere classified",excludes1,progressive muscular atrophy (G12.21),G12.21,G12
13,M62.5,"Muscle wasting and atrophy, not elsewhere classified",excludes1,sarcopenia (M62.84),M62.84,M62
13,M62.81,Muscle weakness (generalized),excludes1,muscle weakness in sarcopenia (M62.84),M62.84,M62
13,M62.82,Rhabdomyolysis,excludes1,traumatic rhabdomyolysis (T79.6),T79.6,T79
13,M63,Disorders of muscle in diseases classified elsewhere,excludes1,myopathy in cysticercosis (B69.81),B69.81,B69
13,M63,Disorders of muscle in diseases classified elsewhere,excludes1,myopathy in endocrine diseases (G73.7),G73.7,G73
13,M63,Disorders of muscle in diseases classified elsewhere,excludes1,myopathy in metabolic diseases (G73.7),G73.7,G73
13,M63,Disorders of muscle in diseases classified elsewhere,excludes1,myopathy in sarcoidosis (D86.87),D86.87,D86
13,M63,Disorders of muscle in diseases classified elsewhere,excludes1,myopathy in secondary syphilis (A51.49),A51.49,A51
13,M63,Disorders of muscle in diseases classified elsewhere,excludes1,myopathy in syphilis (late) (A52.78),A52.78,A52
13,M63,Disorders of muscle in diseases classified elsewhere,excludes1,myopathy in toxoplasmosis (B58.82),B58.82,B58
13,M63,Disorders of muscle in diseases classified elsewhere,excludes1,myopathy in tuberculosis (A18.09),A18.09,A18
13,M65,Synovitis and tenosynovitis,excludes1,chronic crepitant synovitis of hand and wrist (M70.0-),M70.0-,M70
13,M65,Synovitis and tenosynovitis,excludes1,current injury - see injury of ligament or tendon by body region,,
13,M65,Synovitis and tenosynovitis,excludes1,"soft tissue disorders related to use, overuse and pressure (M70.-)",M70.-,M70
13,M65.2,Calcific tendinitis,excludes1,tendinitis as classified in M75-M77,,
13,M65.2,Calcific tendinitis,excludes1,calcified tendinitis of shoulder (M75.3),M75.3,M75
13,M67,Other disorders of synovium and tendon,excludes1,palmar fascial fibromatosis [Dupuytren] (M72.0),M72.0,M72
13,M67,Other disorders of synovium and tendon,excludes1,tendinitis NOS (M77.9-),M77.9-,M77
13,M67,Other disorders of synovium and tendon,excludes1,xanthomatosis localized to tendons (E78.2),E78.2,E78
13,M67.2,"Synovial hypertrophy, not elsewhere classified",excludes1,villonodular synovitis (pigmented) (M12.2-),M12.2-,M12
13,M67.3,Transient synovitis,excludes1,palindromic rheumatism (M12.3-),M12.3-,M12
13,M67.4,Ganglion,excludes1,ganglion in yaws (A66.6),A66.6,A66
13,M70,"Soft tissue disorders related to use, overuse and pressure",excludes1,bursitis NOS (M71.9-),M71.9-,M71
13,M71,Other bursopathies,excludes1,bunion (M20.1),M20.1,M20
13,M71,Other bursopathies,excludes1,"bursitis related to use, overuse or pressure (M70.-)",M70.-,M70
13,M71,Other bursopathies,excludes1,enthesopathies (M76-M77),M76-M77,M76
13,M71.2,Synovial cyst of popliteal space [Baker],excludes1,synovial cyst of popliteal space with rupture (M66.0),M66.0,M66
13,M71.3,Other bursal cyst,excludes1,synovial cyst with rupture (M66.1-),M66.1-,M66
13,M71.5,"Other bursitis, not elsewhere classified",excludes1,bursitis NOS (M71.9-),M71.9-,M71
13,M72.8,Other fibroblastic disorders,excludes1,diffuse (eosinophilic) fasciitis (M35.4),M35.4,M35
13,M72.8,Other fibroblastic disorders,excludes1,necrotizing fasciitis (M72.6),M72.6,M72
13,M72.8,Other fibroblastic disorders,excludes1,nodular fasciitis (M72.4),M72.4,M72
13,M72.8,Other fibroblastic disorders,excludes1,perirenal fasciitis NOS (N13.5),N13.5,N13
13,M72.8,Other fibroblastic disorders,excludes1,perirenal fasciitis with infection (N13.6),N13.6,N13
13,M72.8,Other fibroblastic disorders,excludes1,plantar fasciitis (M67.A0-),M67.A0-,M67
13,M75.1,"Rotator cuff tear or rupture, not specified as traumatic",excludes1,"tear of rotator cuff, traumatic (S46.01-)",S46.01-,S46
13,M77,Other enthesopathies,excludes1,bursitis NOS (M71.9-),M71.9-,M71
13,M77.4,Metatarsalgia,excludes1,Morton's metatarsalgia (G57.6),G57.6,G57
13,M79,"Other and unspecified soft tissue disorders, not elsewhere classified",excludes1,psychogenic rheumatism (F45.8),F45.8,F45
13,M79,"Other and unspecified soft tissue disorders, not elsewhere classified",excludes1,"soft tissue pain, psychogenic (F45.41)",F45.41,F45
13,M79.0,"Rheumatism, unspecified",excludes1,fibromyalgia (M79.7),M79.7,M79
13,M79.0,"Rheumatism, unspecified",excludes1,palindromic rheumatism (M12.3-),M12.3-,M12
13,M79.1,Myalgia,excludes1,fibromyalgia (M79.7),M79.7,M79
13,M79.1,Myalgia,excludes1,myositis (M60.-),M60.-,M60
13,M79.2,"Neuralgia and neuritis, unspecified",excludes1,brachial radiculitis NOS (M54.1),M54.1,M54
13,M79.2,"Neuralgia and neuritis, unspecified",excludes1,lumbosacral radiculitis NOS (M54.1),M54.1,M54
13,M79.2,"Neuralgia and neuritis, unspecified",excludes1,mononeuropathies (G56-G58),G56-G58,G56
13,M79.2,"Neuralgia and neuritis, unspecified",excludes1,radiculitis NOS (M54.1),M54.1,M54
13,M79.2,"Neuralgia and neuritis, unspecified",excludes1,sciatica (M54.3-M54.4),M54.3-M54.4,M54
13,M79.3,"Panniculitis, unspecified",excludes1,lupus panniculitis (L93.2),L93.2,L93
13,M79.3,"Panniculitis, unspecified",excludes1,neck and back panniculitis (M54.0-),M54.0-,M54
13,M79.3,"Panniculitis, unspecified",excludes1,relapsing [Weber-Christian] panniculitis (M35.6),M35.6,M35
13,M79.5,Residual foreign body in soft tissue,excludes1,foreign body granuloma of skin and subcutaneous tissue (L92.3),L92.3,L92
13,M79.5,Residual foreign body in soft tissue,excludes1,foreign body granuloma of soft tissue (M60.2-),M60.2-,M60
13,M79.A,Nontraumatic compartment syndrome,excludes1,compartment syndrome NOS (T79.A-),T79.A-,T79
13,M79.A,Nontraumatic compartment syndrome,excludes1,fibromyalgia (M79.7),M79.7,M79
13,M79.A,Nontraumatic compartment syndrome,excludes1,nontraumatic ischemic infarction of muscle (M62.2-),M62.2-,M62
13,M79.A,Nontraumatic compartment syndrome,excludes1,traumatic compartment syndrome (T79.A-),T79.A-,T79
13,M80,Osteoporosis with current pathological fracture,excludes1,collapsed vertebra NOS (M48.5),M48.5,M48
13,M80,Osteoporosis with current pathological fracture,excludes1,pathological fracture NOS (M84.4),M84.4,M84
13,M80,Osteoporosis with current pathological fracture,excludes1,wedging of vertebra NOS (M48.5),M48.5,M48
13,M81,Osteoporosis without current pathological fracture,excludes1,osteoporosis with current pathological fracture (M80.-),M80.-,M80
13,M81,Osteoporosis without current pathological fracture,excludes1,Sudeck's atrophy (M89.0),M89.0,M89
13,M81.6,Localized osteoporosis [Lequesne],excludes1,Sudeck's atrophy (M89.0),M89.0,M89
13,M83,Adult osteomalacia,excludes1,infantile and juvenile osteomalacia (E55.0),E55.0,E55
13,M83,Adult osteomalacia,excludes1,renal osteodystrophy (N25.0),N25.0,N25
13,M83,Adult osteomalacia,excludes1,rickets (active) (E55.0),E55.0,E55
13,M83,Adult osteomalacia,excludes1,rickets (active) sequelae (E64.3),E64.3,E64
13,M83,Adult osteomalacia,excludes1,vitamin D-resistant osteomalacia (E83.31),E83.31,E83
13,M83,Adult osteomalacia,excludes1,vitamin D-resistant rickets (active) (E83.31),E83.31,E83
13,M84.3,Stress fracture,excludes1,pathological fracture NOS (M84.4.-),,
13,M84.3,Stress fracture,excludes1,pathological fracture due to osteoporosis (M80.-),M80.-,M80
13,M84.3,Stress fracture,excludes1,"traumatic fracture (S12.-, S22.-, S32.-, S42.-, S52.-, S62.-, S72.-, S82.-, S92.-)",S12.-; S22.-; S32.-; S42.-; S52.-; S62.-; S72.-; S82.-; S92.-,S12; S22; S32; S42; S52; S62; S72; S82; S92
13,M84.4,"Pathological fracture, not elsewhere classified",excludes1,collapsed vertebra NEC (M48.5),M48.5,M48
13,M84.4,"Pathological fracture, not elsewhere classified",excludes1,pathological fracture in neoplastic disease (M84.5-),M84.5-,M84
13,M84.4,"Pathological fracture, not elsewhere classified",excludes1,pathological fracture in osteoporosis (M80.-),M80.-,M80
13,M84.4,"Pathological fracture, not elsewhere classified",excludes1,pathological fracture in other disease (M84.6-),M84.6-,M84
13,M84.4,"Pathological fracture, not elsewhere classified",excludes1,stress fracture (M84.3-),M84.3-,M84
13,M84.4,"Pathological fracture, not elsewhere classified",excludes1,"traumatic fracture (S12.-, S22.-, S32.-, S42.-, S52.-, S62.-, S72.-, S82.-, S92.-)",S12.-; S22.-; S32.-; S42.-; S52.-; S62.-; S72.-; S82.-; S92.-,S12; S22; S32; S42; S52; S62; S72; S82; S92
13,M84.6,Pathological fracture in other disease,excludes1,pathological fracture in osteoporosis (M80.-),M80.-,M80
13,M85,Other disorders of bone density and structure,excludes1,osteogenesis imperfecta (Q78.0),Q78.0,Q78
13,M85,Other disorders of bone density and structure,excludes1,osteopetrosis (Q78.2),Q78.2,Q78
13,M85,Other disorders of bone density and structure,excludes1,osteopoikilosis (Q78.8),Q78.8,Q78
13,M85,Other disorders of bone density and structure,excludes1,polyostotic fibrous dysplasia (Q78.1),Q78.1,Q78
13,M85.6,Other cyst of bone,excludes1,cyst of jaw NEC (M27.4),M27.4,M27
13,M85.6,Other cyst of bone,excludes1,osteitis fibrosa cystica generalisata [von Recklinghausen's disease of bone] (E21.0),E21.0,E21
13,M85.8,Other specified disorders of bone density and structure,excludes1,diffuse idiopathic skeletal hyperostosis [DISH] (M48.1),M48.1,M48
13,M85.8,Other specified disorders of bone density and structure,excludes1,osteosclerosis congenita (Q77.4),Q77.4,Q77
13,M85.8,Other specified disorders of bone density and structure,excludes1,osteosclerosis fragilitas (generalista) (Q78.2),Q78.2,Q78
13,M85.8,Other specified disorders of bone density and structure,excludes1,osteosclerosis myelofibrosis (D75.81),D75.81,D75
13,Block M86-M90,Other osteopathies (M86-M90),excludes1,postprocedural osteopathies (M96.-),M96.-,M96
13,M86,Osteomyelitis,excludes1,osteomyelitis due to:,,
13,M86,Osteomyelitis,excludes1,echinococcus (B67.2),B67.2,B67
13,M86,Osteomyelitis,excludes1,gonococcus (A54.43),A54.43,A54
13,M86,Osteomyelitis,excludes1,salmonella (A02.24),A02.24,A02
13,M87,Osteonecrosis,excludes1,juvenile osteonecrosis (M91-M92),M91-M92,M91
13,M87,Osteonecrosis,excludes1,osteochondropathies (M90-M93),M90-M93,M90
13,M88,Osteitis deformans [Paget's disease of bone],excludes1,osteitis deformans in neoplastic disease (M90.6),M90.6,M90
13,M89.0,Algoneurodystrophy,excludes1,"causalgia, lower limb (G57.7-)",G57.7-,G57
13,M89.0,Algoneurodystrophy,excludes1,"causalgia, upper limb (G56.4-)",G56.4-,G56
13,M89.0,Algoneurodystrophy,excludes1,"complex regional pain syndrome II, lower limb (G57.7-)",G57.7-,G57
13,M89.0,Algoneurodystrophy,excludes1,"complex regional pain syndrome II, upper limb (G56.4-)",G56.4-,G56
13,M89.0,Algoneurodystrophy,excludes1,reflex sympathetic dystrophy (G90.5-),G90.5-,G90
13,M89.6,Osteopathy after poliomyelitis,excludes1,postpolio syndrome (G14),G14,G14
13,M90,Osteopathies in diseases classified elsewhere,excludes1,"osteochondritis, osteomyelitis, and osteopathy (in):",,
13,M90,Osteopathies in diseases classified elsewhere,excludes1,cryptococcosis (B45.3),B45.3,B45
13,M90,Osteopathies in diseases classified elsewhere,excludes1,diabetes mellitus (E08-E13 with .69-),,
13,M90,Osteopathies in diseases classified elsewhere,excludes1,gonococcal (A54.43),A54.43,A54
13,M90,Osteopathies in diseases classified elsewhere,excludes1,neurogenic syphilis (A52.11),A52.11,A52
13,M90,Osteopathies in diseases classified elsewhere,excludes1,renal osteodystrophy (N25.0),N25.0,N25
13,M90,Osteopathies in diseases classified elsewhere,excludes1,salmonellosis (A02.24),A02.24,A02
13,M90,Osteopathies in diseases classified elsewhere,excludes1,secondary syphilis (A51.46),A51.46,A51
13,M90,Osteopathies in diseases classified elsewhere,excludes1,syphilis (late) (A52.77),A52.77,A52
13,M90.6,Osteitis deformans in neoplastic diseases,excludes1,osteitis deformans [Paget's disease of bone] (M88.-),M88.-,M88
13,Block M91-M94,Chondropathies (M91-M94),excludes1,postprocedural chondropathies (M96.-),M96.-,M96
13,M91,Juvenile osteochondrosis of hip and pelvis,excludes1,slipped upper femoral epiphysis (nontraumatic) (M93.0-),M93.0-,M93
13,M94.2,Chondromalacia,excludes1,chondromalacia patellae (M22.4),M22.4,M22
13,M95.5,Acquired deformity of pelvis,excludes1,maternal care for known or suspected disproportion (O33.-),O33.-,O33
13,M96.81,Intraoperative hemorrhage and hematoma of a musculoskeletal structure complicating a procedure,excludes1,intraoperative hemorrhage and hematoma of a musculoskeletal structure due to accidental puncture and laceration during a procedure (M96.82-),M96.82-,M96
14,Block N00-N08,Glomerular diseases (N00-N08),excludes1,hypertensive chronic kidney disease (I12.-),I12.-,I12
14,N00,Acute nephritic syndrome,excludes1,acute tubulo-interstitial nephritis (N10),N10,N10
14,N00,Acute nephritic syndrome,excludes1,nephritic syndrome NOS (N05.-),N05.-,N05
14,N00.5,Acute nephritic syndrome with diffuse mesangiocapillary glomerulonephritis,excludes1,Acute nephritic syndrome with C3 glomerulonephritis (N00.A),N00.A,N00
14,N00.5,Acute nephritic syndrome with diffuse mesangiocapillary glomerulonephritis,excludes1,Acute nephritic syndrome with C3 glomerulopathy (N00.A),N00.A,N00
14,N00.A,Acute nephritic syndrome with C3 glomerulonephritis,excludes1,Acute nephritic syndrome (with C3 glomerulopathy) with dense deposit disease (N00.6),N00.6,N00
14,N01,Rapidly progressive nephritic syndrome,excludes1,nephritic syndrome NOS (N05.-),N05.-,N05
14,N01.5,Rapidly progressive nephritic syndrome with diffuse mesangiocapillary glomerulonephritis,excludes1,Rapidly progressive nephritic syndrome with C3 glomerulonephritis (N01.A),N01.A,N01
14,N01.5,Rapidly progressive nephritic syndrome with diffuse mesangiocapillary glomerulonephritis,excludes1,Rapidly progressive nephritic syndrome with C3 glomerulopathy (N01.A),N01.A,N01
14,N01.A,Rapidly progressive nephritic syndrome with C3 glomerulonephritis,excludes1,Rapidly progressive nephritic syndrome (with C3 glomerulopathy) with dense deposit disease (N01.6),N01.6,N01
14,N02,Recurrent and persistent hematuria,excludes1,acute cystitis with hematuria (N30.01),N30.01,N30
14,N02,Recurrent and persistent hematuria,excludes1,hematuria NOS (R31.9),R31.9,R31
14,N02,Recurrent and persistent hematuria,excludes1,hematuria not associated with specified morphologic lesions (R31.-),R31.-,R31
14,N02.5,Recurrent and persistent hematuria with diffuse mesangiocapillary glomerulonephritis,excludes1,Recurrent and persistent hematuria with C3 glomerulonephritis (N02.A),N02.A,N02
14,N02.5,Recurrent and persistent hematuria with diffuse mesangiocapillary glomerulonephritis,excludes1,Recurrent and persistent hematuria with C3 glomerulopathy (N02.A),N02.A,N02
14,N02.A,Recurrent and persistent hematuria with C3 glomerulonephritis,excludes1,Recurrent and persistent hematuria (with C3 glomerulopathy) with dense deposit disease (N02.6),N02.6,N02
14,N03,Chronic nephritic syndrome,excludes1,chronic tubulo-interstitial nephritis (N11.-),N11.-,N11
14,N03,Chronic nephritic syndrome,excludes1,diffuse sclerosing glomerulonephritis (N05.8-),N05.8-,N05
14,N03,Chronic nephritic syndrome,excludes1,nephritic syndrome NOS (N05.-),N05.-,N05
14,N03.5,Chronic nephritic syndrome with diffuse mesangiocapillary glomerulonephritis,excludes1,Chronic nephritic syndrome with C3 glomerulonephritis (N03.A),N03.A,N03
14,N03.5,Chronic nephritic syndrome with diffuse mesangiocapillary glomerulonephritis,excludes1,Chronic nephritic syndrome with C3 glomerulopathy (N03.A),N03.A,N03
14,N03.A,Chronic nephritic syndrome with C3 glomerulonephritis,excludes1,Chronic nephritic syndrome (with C3 glomerulopathy) with dense deposit disease (N03.6),N03.6,N03
14,N04.5,Nephrotic syndrome with diffuse mesangiocapillary glomerulonephritis,excludes1,Nephrotic syndrome with C3 glomerulonephritis (N04.A),N04.A,N04
14,N04.5,Nephrotic syndrome with diffuse mesangiocapillary glomerulonephritis,excludes1,Nephrotic syndrome with C3 glomerulopathy (N04.A),N04.A,N04
14,N04.A,Nephrotic syndrome with C3 glomerulonephritis,excludes1,Nephrotic syndrome (with C3 glomerulopathy) with dense deposit disease (N04.6),N04.6,N04
14,N05,Unspecified nephritic syndrome,excludes1,nephropathy NOS with no stated morphological lesion (N28.9),N28.9,N28
14,N05,Unspecified nephritic syndrome,excludes1,renal disease NOS with no stated morphological lesion (N28.9),N28.9,N28
14,N05,Unspecified nephritic syndrome,excludes1,tubulo-interstitial nephritis NOS (N12),N12,N12
14,N05.5,Unspecified nephritic syndrome with diffuse mesangiocapillary glomerulonephritis,excludes1,Unspecified nephritic syndrome with C3 glomerulonephritis (N05.A),N05.A,N05
14,N05.5,Unspecified nephritic syndrome with diffuse mesangiocapillary glomerulonephritis,excludes1,Unspecified nephritic syndrome with C3 glomerulopathy (N05.A),N05.A,N05
14,N05.A,Unspecified nephritic syndrome with C3 glomerulonephritis,excludes1,Unspecified nephritic syndrome (with C3 glomerulopathy) with dense deposit disease (N05.6),N05.6,N05
14,N06,Isolated proteinuria with specified morphological lesion,excludes1,Proteinuria not associated with specific morphologic lesions (R80.0),R80.0,R80
14,N06.20,"Isolated proteinuria with diffuse membranous glomerulonephritis, unspecified",excludes1,membranous nephropathy NOS with nephrotic syndrome (N04.20),N04.20,N04
14,N06.21,Primary membranous nephropathy with isolated proteinuria,excludes1,primary membranous nephropathy with nephrotic syndrome (N04.21),N04.21,N04
14,N06.22,Secondary membranous nephropathy with isolated proteinuria,excludes1,secondary membranous nephropathy with nephrotic syndrome (N04.22),N04.22,N04
14,N06.5,Isolated proteinuria with diffuse mesangiocapillary glomerulonephritis,excludes1,Isolated proteinuria with C3 glomerulonephritis (N06.A),N06.A,N06
14,N06.5,Isolated proteinuria with diffuse mesangiocapillary glomerulonephritis,excludes1,Isolated proteinuria with C3 glomerulopathy (N06.A),N06.A,N06
14,N06.A,Isolated proteinuria with C3 glomerulonephritis,excludes1,Isolated proteinuria (with C3 glomerulopathy) with dense deposit disease (N06.6),N06.6,N06
14,N07.5,"Hereditary nephropathy, not elsewhere classified with diffuse mesangiocapillary glomerulonephritis",excludes1,"Hereditary nephropathy, not elsewhere classified with C3 glomerulonephritis (N07.A)",N07.A,N07
14,N07.5,"Hereditary nephropathy, not elsewhere classified with diffuse mesangiocapillary glomerulonephritis",excludes1,"Hereditary nephropathy, not elsewhere classified with C3 glomerulopathy (N07.A)",N07.A,N07
14,N07.A,"Hereditary nephropathy, not elsewhere classified with C3 glomerulonephritis",excludes1,"Hereditary nephropathy, not elsewhere classified (with C3 glomerulopathy) with dense deposit disease (N07.6)",N07.6,N07
14,N08,Glomerular disorders in diseases classified elsewhere,excludes1,"glomerulonephritis, nephritis and nephropathy (in):",,
14,N08,Glomerular disorders in diseases classified elsewhere,excludes1,antiglomerular basement membrane disease (M31.0),M31.0,M31
14,N08,Glomerular disorders in diseases classified elsewhere,excludes1,diabetes (E08-E13 with .21),,
14,N08,Glomerular disorders in diseases classified elsewhere,excludes1,gonococcal (A54.21),A54.21,A54
14,N08,Glomerular disorders in diseases classified elsewhere,excludes1,Goodpasture's syndrome (M31.0),M31.0,M31
14,N08,Glomerular disorders in diseases classified elsewhere,excludes1,hemolytic-uremic syndrome (D59.3-),D59.3-,D59
14,N08,Glomerular disorders in diseases classified elsewhere,excludes1,lupus (M32.14),M32.14,M32
14,N08,Glomerular disorders in diseases classified elsewhere,excludes1,mumps (B26.83),B26.83,B26
14,N08,Glomerular disorders in diseases classified elsewhere,excludes1,syphilis (A52.75),A52.75,A52
14,N08,Glomerular disorders in diseases classified elsewhere,excludes1,systemic lupus erythematosus (M32.14),M32.14,M32
14,N08,Glomerular disorders in diseases classified elsewhere,excludes1,Wegener's granulomatosis (M31.31),M31.31,M31
14,N08,Glomerular disorders in diseases classified elsewhere,excludes1,pyelonephritis in diseases classified elsewhere (N16),N16,N16
14,N08,Glomerular disorders in diseases classified elsewhere,excludes1,renal tubulo-interstitial disorders classified elsewhere (N16),N16,N16
14,Block N10-N16,Renal tubulo-interstitial diseases (N10-N16),excludes1,pyeloureteritis cystica (N28.85),N28.85,N28
14,N11.0,Nonobstructive reflux-associated chronic pyelonephritis,excludes1,vesicoureteral reflux NOS (N13.70),N13.70,N13
14,N11.1,Chronic obstructive pyelonephritis,excludes1,calculous pyelonephritis (N20.9),N20.9,N20
14,N11.1,Chronic obstructive pyelonephritis,excludes1,obstructive uropathy (N13.-),N13.-,N13
14,N12,"Tubulo-interstitial nephritis, not specified as acute or chronic",excludes1,calculous pyelonephritis (N20.9),N20.9,N20
14,N13.1,"Hydronephrosis with ureteral stricture, not elsewhere classified",excludes1,Hydronephrosis with ureteral stricture with infection (N13.6),N13.6,N13
14,N13.2,Hydronephrosis with renal and ureteral calculous obstruction,excludes1,Hydronephrosis with renal and ureteral calculous obstruction with infection (N13.6),N13.6,N13
14,N13.3,Other and unspecified hydronephrosis,excludes1,hydronephrosis with infection (N13.6),N13.6,N13
14,N13.4,Hydroureter,excludes1,congenital hydroureter (Q62.3-),Q62.3-,Q62
14,N13.4,Hydroureter,excludes1,hydroureter with infection (N13.6),N13.6,N13
14,N13.4,Hydroureter,excludes1,vesicoureteral-reflux with hydroureter (N13.73-),N13.73-,N13
14,N13.5,Crossing vessel and stricture of ureter without hydronephrosis,excludes1,Crossing vessel and stricture of ureter without hydronephrosis with infection (N13.6),N13.6,N13
14,N13.7,Vesicoureteral-reflux,excludes1,reflux-associated pyelonephritis (N11.0),N11.0,N11
14,N15.9,"Renal tubulo-interstitial disease, unspecified",excludes1,urinary tract infection NOS (N39.0),N39.0,N39
14,N16,Renal tubulo-interstitial disorders in diseases classified elsewhere,excludes1,diphtheritic pyelonephritis and tubulo-interstitial nephritis (A36.84),A36.84,A36
14,N16,Renal tubulo-interstitial disorders in diseases classified elsewhere,excludes1,pyelonephritis and tubulo-interstitial nephritis in candidiasis (B37.49),B37.49,B37
14,N16,Renal tubulo-interstitial disorders in diseases classified elsewhere,excludes1,pyelonephritis and tubulo-interstitial nephritis in cystinosis (E72.04),E72.04,E72
14,N16,Renal tubulo-interstitial disorders in diseases classified elsewhere,excludes1,pyelonephritis and tubulo-interstitial nephritis in salmonella infection (A02.25),A02.25,A02
14,N16,Renal tubulo-interstitial disorders in diseases classified elsewhere,excludes1,pyelonephritis and tubulo-interstitial nephritis in sarcoidosis (D86.84),D86.84,D86
14,N16,Renal tubulo-interstitial disorders in diseases classified elsewhere,excludes1,pyelonephritis and tubulo-interstitial nephritis in Sjogren syndrome (M35.04),M35.04,M35
14,N16,Renal tubulo-interstitial disorders in diseases classified elsewhere,excludes1,pyelonephritis and tubulo-interstitial nephritis in systemic lupus erythematosus (M32.15),M32.15,M32
14,N16,Renal tubulo-interstitial disorders in diseases classified elsewhere,excludes1,pyelonephritis and tubulo-interstitial nephritis in toxoplasmosis (B58.83),B58.83,B58
14,N16,Renal tubulo-interstitial disorders in diseases classified elsewhere,excludes1,renal tubular degeneration in diabetes (E08-E13 with .29),,
14,N16,Renal tubulo-interstitial disorders in diseases classified elsewhere,excludes1,syphilitic pyelonephritis and tubulo-interstitial nephritis (A52.75),A52.75,A52
14,N17,Acute kidney failure,excludes1,posttraumatic renal failure (T79.5),T79.5,T79
14,N18.5,"Chronic kidney disease, stage 5",excludes1,"chronic kidney disease, stage 5 requiring chronic dialysis (N18.6)",N18.6,N18
14,N19,Unspecified kidney failure,excludes1,acute kidney failure (N17.-),N17.-,N17
14,N19,Unspecified kidney failure,excludes1,chronic kidney disease (N18.-),N18.-,N18
14,N19,Unspecified kidney failure,excludes1,chronic uremia (N18.9),N18.9,N18
14,N19,Unspecified kidney failure,excludes1,extrarenal uremia (R39.2),R39.2,R39
14,N19,Unspecified kidney failure,excludes1,prerenal uremia (R39.2),R39.2,R39
14,N19,Unspecified kidney failure,excludes1,renal insufficiency (acute) (N28.9),N28.9,N28
14,N19,Unspecified kidney failure,excludes1,uremia of newborn (P96.0),P96.0,P96
14,N20,Calculus of kidney and ureter,excludes1,nephrocalcinosis (E83.59),E83.59,E83
14,N20,Calculus of kidney and ureter,excludes1,that with hydronephrosis (N13.2),N13.2,N13
14,N21.9,"Calculus of lower urinary tract, unspecified",excludes1,calculus of urinary tract NOS (N20.9),N20.9,N20
14,N25.1,Nephrogenic diabetes insipidus,excludes1,diabetes insipidus NOS (E23.2),E23.2,E23
14,N25.81,Secondary hyperparathyroidism of renal origin,excludes1,"secondary hyperparathyroidism, non-renal (E21.1)",E21.1,E21
14,N26,Unspecified contracted kidney,excludes1,contracted kidney due to hypertension (I12.-),I12.-,I12
14,N26,Unspecified contracted kidney,excludes1,diffuse sclerosing glomerulonephritis (N05.8.-),,
14,N26,Unspecified contracted kidney,excludes1,hypertensive nephrosclerosis (arteriolar) (arteriosclerotic) (I12.-),I12.-,I12
14,N26,Unspecified contracted kidney,excludes1,small kidney of unknown cause (N27.-),N27.-,N27
14,N28.0,Ischemia and infarction of kidney,excludes1,atherosclerosis of renal artery (extrarenal part) (I70.1),I70.1,I70
14,N28.0,Ischemia and infarction of kidney,excludes1,congenital stenosis of renal artery (Q27.1),Q27.1,Q27
14,N28.0,Ischemia and infarction of kidney,excludes1,Goldblatt's kidney (I70.1),I70.1,I70
14,N28.1,"Cyst of kidney, acquired",excludes1,cystic kidney disease (congenital) (Q61.-),Q61.-,Q61
14,N28.8,Other specified disorders of kidney and ureter,excludes1,hydroureter (N13.4),N13.4,N13
14,N28.8,Other specified disorders of kidney and ureter,excludes1,ureteric stricture with hydronephrosis (N13.1),N13.1,N13
14,N28.8,Other specified disorders of kidney and ureter,excludes1,ureteric stricture without hydronephrosis (N13.5),N13.5,N13
14,N28.9,"Disorder of kidney and ureter, unspecified",excludes1,chronic renal insufficiency (N18.9),N18.9,N18
14,N28.9,"Disorder of kidney and ureter, unspecified",excludes1,unspecified nephritic syndrome (N05.-),N05.-,N05
14,N29,Other disorders of kidney and ureter in diseases classified elsewhere,excludes1,disorders of kidney and ureter in:,,
14,N29,Other disorders of kidney and ureter in diseases classified elsewhere,excludes1,cystinosis (E72.0),E72.0,E72
14,N29,Other disorders of kidney and ureter in diseases classified elsewhere,excludes1,gonorrhea (A54.21),A54.21,A54
14,N29,Other disorders of kidney and ureter in diseases classified elsewhere,excludes1,syphilis (A52.75),A52.75,A52
14,N29,Other disorders of kidney and ureter in diseases classified elsewhere,excludes1,tuberculosis (A18.11),A18.11,A18
14,N30,Cystitis,excludes1,prostatocystitis (N41.3),N41.3,N41
14,N30.0,Acute cystitis,excludes1,irradiation cystitis (N30.4-),N30.4-,N30
14,N30.0,Acute cystitis,excludes1,trigonitis (N30.3-),N30.3-,N30
14,N31,"Neuromuscular dysfunction of bladder, not elsewhere classified",excludes1,cord bladder NOS (G95.89),G95.89,G95
14,N31,"Neuromuscular dysfunction of bladder, not elsewhere classified",excludes1,neurogenic bladder due to cauda equina syndrome (G83.4),G83.4,G83
14,N31,"Neuromuscular dysfunction of bladder, not elsewhere classified",excludes1,neuromuscular dysfunction due to spinal cord lesion (G95.89),G95.89,G95
14,N32.0,Bladder-neck obstruction,excludes1,congenital bladder-neck obstruction (Q64.3-),Q64.3-,Q64
14,N32.2,"Vesical fistula, not elsewhere classified",excludes1,fistula between bladder and female genital tract (N82.0-N82.1),N82.0-N82.1,N82
14,N32.3,Diverticulum of bladder,excludes1,congenital diverticulum of bladder (Q64.6),Q64.6,Q64
14,N32.3,Diverticulum of bladder,excludes1,diverticulitis of bladder (N30.8-),N30.8-,N30
14,N32.81,Overactive bladder,excludes1,frequent urination due to specified bladder condition- code to condition,,
14,N33,Bladder disorders in diseases classified elsewhere,excludes1,bladder disorder in syphilis (A52.76),A52.76,A52
14,N33,Bladder disorders in diseases classified elsewhere,excludes1,bladder disorder in tuberculosis (A18.12),A18.12,A18
14,N33,Bladder disorders in diseases classified elsewhere,excludes1,candidal cystitis (B37.41),B37.41,B37
14,N33,Bladder disorders in diseases classified elsewhere,excludes1,chlamydial cystitis (A56.01),A56.01,A56
14,N33,Bladder disorders in diseases classified elsewhere,excludes1,cystitis in gonorrhea (A54.01),A54.01,A54
14,N33,Bladder disorders in diseases classified elsewhere,excludes1,cystitis in neurogenic bladder (N31.-),N31.-,N31
14,N33,Bladder disorders in diseases classified elsewhere,excludes1,diphtheritic cystitis (A36.85),A36.85,A36
14,N33,Bladder disorders in diseases classified elsewhere,excludes1,syphilitic cystitis (A52.76),A52.76,A52
14,N33,Bladder disorders in diseases classified elsewhere,excludes1,trichomonal cystitis (A59.03),A59.03,A59
14,N34.0,Urethral abscess,excludes1,urethral caruncle (N36.2),N36.2,N36
14,N35,Urethral stricture,excludes1,congenital urethral stricture (Q64.3-),Q64.3-,Q64
14,N35,Urethral stricture,excludes1,postprocedural urethral stricture (N99.1-),N99.1-,N99
14,N35.0,Post-traumatic urethral stricture,excludes1,postprocedural urethral stricture (N99.1-),N99.1-,N99
14,N35.1,"Postinfective urethral stricture, not elsewhere classified",excludes1,"urethral stricture associated with schistosomiasis (B65.-, N29)",B65.-; N29,B65; N29
14,N35.1,"Postinfective urethral stricture, not elsewhere classified",excludes1,gonococcal urethral stricture (A54.01),A54.01,A54
14,N35.1,"Postinfective urethral stricture, not elsewhere classified",excludes1,syphilitic urethral stricture (A52.76),A52.76,A52
14,N35.8,Other urethral stricture,excludes1,postprocedural urethral stricture (N99.1-),N99.1-,N99
14,N36.0,Urethral fistula,excludes1,urethroscrotal fistula (N50.89),N50.89,N50
14,N36.0,Urethral fistula,excludes1,urethrovaginal fistula (N82.1),N82.1,N82
14,N36.0,Urethral fistula,excludes1,urethrovesicovaginal fistula (N82.1),N82.1,N82
14,N36.8,Other specified disorders of urethra,excludes1,congenital urethrocele (Q64.7),Q64.7,Q64
14,N36.8,Other specified disorders of urethra,excludes1,female urethrocele (N81.0),N81.0,N81
14,N37,Urethral disorders in diseases classified elsewhere,excludes1,urethritis (in):,,
14,N37,Urethral disorders in diseases classified elsewhere,excludes1,candidal infection (B37.41),B37.41,B37
14,N37,Urethral disorders in diseases classified elsewhere,excludes1,chlamydial (A56.01),A56.01,A56
14,N37,Urethral disorders in diseases classified elsewhere,excludes1,gonorrhea (A54.01),A54.01,A54
14,N37,Urethral disorders in diseases classified elsewhere,excludes1,syphilis (A52.76),A52.76,A52
14,N37,Urethral disorders in diseases classified elsewhere,excludes1,trichomonal infection (A59.03),A59.03,A59
14,N37,Urethral disorders in diseases classified elsewhere,excludes1,tuberculosis (A18.13),A18.13,A18
14,N39.0,"Urinary tract infection, site not specified",excludes1,candidiasis of urinary tract (B37.4-),B37.4-,B37
14,N39.0,"Urinary tract infection, site not specified",excludes1,neonatal urinary tract infection (P39.3),P39.3,P39
14,N39.0,"Urinary tract infection, site not specified",excludes1,pyuria (R82.81),R82.81,R82
14,N39.0,"Urinary tract infection, site not specified",excludes1,"urinary tract infection of specified site, such as:",,
14,N39.0,"Urinary tract infection, site not specified",excludes1,cystitis (N30.-),N30.-,N30
14,N39.0,"Urinary tract infection, site not specified",excludes1,pyonephrosis (N13.6),N13.6,N13
14,N39.0,"Urinary tract infection, site not specified",excludes1,urethritis (N34.-),N34.-,N34
14,N39.3,Stress incontinence (female) (male),excludes1,mixed incontinence (N39.46),N39.46,N39
14,N39.4,Other specified urinary incontinence,excludes1,enuresis NOS (R32),R32,R32
14,N39.4,Other specified urinary incontinence,excludes1,functional urinary incontinence (R39.81),R39.81,R39
14,N39.4,Other specified urinary incontinence,excludes1,urinary incontinence associated with cognitive impairment (R39.81),R39.81,R39
14,N39.4,Other specified urinary incontinence,excludes1,urinary incontinence NOS (R32),R32,R32
14,N39.4,Other specified urinary incontinence,excludes1,urinary incontinence of nonorganic origin (F98.0),F98.0,F98
14,N39.41,Urge incontinence,excludes1,mixed incontinence (N39.46),N39.46,N39
14,N40,Benign prostatic hyperplasia,excludes1,"benign neoplasms of prostate (adenoma, benign) (fibroadenoma) (fibroma) (myoma) (D29.1)",D29.1,D29
14,N42.1,Congestion and hemorrhage of prostate,excludes1,enlarged prostate (N40.-),N40.-,N40
14,N42.1,Congestion and hemorrhage of prostate,excludes1,hematuria (R31.-),R31.-,R31
14,N42.1,Congestion and hemorrhage of prostate,excludes1,hyperplasia of prostate (N40.-),N40.-,N40
14,N42.1,Congestion and hemorrhage of prostate,excludes1,inflammatory diseases of prostate (N41.-),N41.-,N41
14,N42.31,Prostatic intraepithelial neoplasia,excludes1,prostatic intraepithelial neoplasia III (PIN III) (D07.5),D07.5,D07
14,N43,Hydrocele and spermatocele,excludes1,congenital hydrocele (P83.5),P83.5,P83
14,N46,Male infertility,excludes1,vasectomy status (Z98.52),Z98.52,Z98
14,N47.6,Balanoposthitis,excludes1,balanitis (N48.1),N48.1,N48
14,N48.0,Leukoplakia of penis,excludes1,carcinoma in situ of penis (D07.4),D07.4,D07
14,N48.1,Balanitis,excludes1,amebic balanitis (A06.8),A06.8,A06
14,N48.1,Balanitis,excludes1,balanitis xerotica obliterans (N48.0),N48.0,N48
14,N48.1,Balanitis,excludes1,candidal balanitis (B37.42),B37.42,B37
14,N48.1,Balanitis,excludes1,gonococcal balanitis (A54.23),A54.23,A54
14,N48.1,Balanitis,excludes1,herpesviral [herpes simplex] balanitis (A60.01),A60.01,A60
14,N48.2,Other inflammatory disorders of penis,excludes1,balanitis (N48.1),N48.1,N48
14,N48.2,Other inflammatory disorders of penis,excludes1,balanitis xerotica obliterans (N48.0),N48.0,N48
14,N48.2,Other inflammatory disorders of penis,excludes1,balanoposthitis (N47.6),N47.6,N47
14,N48.82,Acquired torsion of penis,excludes1,congenital torsion of penis (Q55.63),Q55.63,Q55
14,N48.83,Acquired buried penis,excludes1,congenital hidden penis (Q55.64),Q55.64,Q55
14,N49,"Inflammatory disorders of male genital organs, not elsewhere classified",excludes1,"inflammation of penis (N48.1, N48.2-)",N48.1; N48.2-,N48
14,N49,"Inflammatory disorders of male genital organs, not elsewhere classified",excludes1,orchitis and epididymitis (N45.-),N45.-,N45
14,N51,Disorders of male genital organs in diseases classified elsewhere,excludes1,amebic balanitis (A06.8),A06.8,A06
14,N51,Disorders of male genital organs in diseases classified elsewhere,excludes1,candidal balanitis (B37.42),B37.42,B37
14,N51,Disorders of male genital organs in diseases classified elsewhere,excludes1,gonococcal balanitis (A54.23),A54.23,A54
14,N51,Disorders of male genital organs in diseases classified elsewhere,excludes1,gonococcal prostatitis (A54.22),A54.22,A54
14,N51,Disorders of male genital organs in diseases classified elsewhere,excludes1,herpesviral [herpes simplex] balanitis (A60.01),A60.01,A60
14,N51,Disorders of male genital organs in diseases classified elsewhere,excludes1,trichomonal prostatitis (A59.02),A59.02,A59
14,N51,Disorders of male genital organs in diseases classified elsewhere,excludes1,tuberculous prostatitis (A18.14),A18.14,A18
14,N52,Male erectile dysfunction,excludes1,psychogenic impotence (F52.21),F52.21,F52
14,N53,Other male sexual dysfunction,excludes1,psychogenic sexual dysfunction (F52.-),F52.-,F52
14,N53.1,Ejaculatory dysfunction,excludes1,premature ejaculation (F52.4),F52.4,F52
14,Block N60-N65,Disorders of breast (N60-N65),excludes1,disorders of breast associated with childbirth (O91-O92),O91-O92,O91
14,N60.1,Diffuse cystic mastopathy,excludes1,diffuse cystic mastopathy with epithelial proliferation (N60.3-),N60.3-,N60
14,N61,Inflammatory disorders of breast,excludes1,inflammatory carcinoma of breast (C50.A-),C50.A-,C50
14,N61,Inflammatory disorders of breast,excludes1,inflammatory disorder of breast associated with childbirth (O91.-),O91.-,O91
14,N61,Inflammatory disorders of breast,excludes1,neonatal infective mastitis (P39.0),P39.0,P39
14,N61,Inflammatory disorders of breast,excludes1,thrombophlebitis of breast [Mondor's disease] (I80.8),I80.8,I80
14,N62,Hypertrophy of breast,excludes1,breast engorgement of newborn (P83.4),P83.4,P83
14,N62,Hypertrophy of breast,excludes1,disproportion of reconstructed breast (N65.1),N65.1,N65
14,N64.52,Nipple discharge,excludes1,abnormal findings in nipple discharge (R89.-),R89.-,R89
14,N64.81,Ptosis of breast,excludes1,ptosis of native breast in relation to reconstructed breast (N65.1),N65.1,N65
14,N64.82,Hypoplasia of breast,excludes1,congenital absence of breast (Q83.0),Q83.0,Q83
14,N64.82,Hypoplasia of breast,excludes1,hypoplasia of native breast in relation to reconstructed breast (N65.1),N65.1,N65
14,Block N70-N77,Inflammatory diseases of female pelvic organs (N70-N77),excludes1,inflammatory diseases of female pelvic organs complicating:,,
14,Block N70-N77,Inflammatory diseases of female pelvic organs (N70-N77),excludes1,"abortion or ectopic or molar pregnancy (O00-O07, O08.0)",O00-O07; O08.0,O00; O08
14,Block N70-N77,Inflammatory diseases of female pelvic organs (N70-N77),excludes1,"pregnancy, childbirth and the puerperium (O23.-, O75.3, O85, O86.-)",O23.-; O75.3; O85; O86.-,O23; O75; O85; O86
14,N70,Salpingitis and oophoritis,excludes1,gonococcal infection (A54.24),A54.24,A54
14,N70,Salpingitis and oophoritis,excludes1,tuberculous infection (A18.17),A18.17,A18
14,N71,"Inflammatory disease of uterus, except cervix",excludes1,hyperplastic endometritis (N85.0-),N85.0-,N85
14,N71,"Inflammatory disease of uterus, except cervix",excludes1,"infection of uterus following delivery (O85, O86.-)",O85; O86.-,O85; O86
14,N72,Inflammatory disease of cervix uteri,excludes1,erosion and ectropion of cervix without cervicitis (N86),N86,N86
14,N73.1,Chronic parametritis and pelvic cellulitis,excludes1,tuberculous parametritis and pelvic cellultis (A18.17),A18.17,A18
14,N73.4,Female chronic pelvic peritonitis,excludes1,tuberculous pelvic (female) peritonitis (A18.17),A18.17,A18
14,N74,Female pelvic inflammatory disorders in diseases classified elsewhere,excludes1,chlamydial cervicitis (A56.02),A56.02,A56
14,N74,Female pelvic inflammatory disorders in diseases classified elsewhere,excludes1,chlamydial pelvic inflammatory disease (A56.11),A56.11,A56
14,N74,Female pelvic inflammatory disorders in diseases classified elsewhere,excludes1,gonococcal cervicitis (A54.03),A54.03,A54
14,N74,Female pelvic inflammatory disorders in diseases classified elsewhere,excludes1,gonococcal pelvic inflammatory disease (A54.24),A54.24,A54
14,N74,Female pelvic inflammatory disorders in diseases classified elsewhere,excludes1,herpesviral [herpes simplex] cervicitis (A60.03),A60.03,A60
14,N74,Female pelvic inflammatory disorders in diseases classified elsewhere,excludes1,herpesviral [herpes simplex] pelvic inflammatory disease (A60.09),A60.09,A60
14,N74,Female pelvic inflammatory disorders in diseases classified elsewhere,excludes1,syphilitic cervicitis (A52.76),A52.76,A52
14,N74,Female pelvic inflammatory disorders in diseases classified elsewhere,excludes1,syphilitic pelvic inflammatory disease (A52.76),A52.76,A52
14,N74,Female pelvic inflammatory disorders in diseases classified elsewhere,excludes1,trichomonal cervicitis (A59.09),A59.09,A59
14,N74,Female pelvic inflammatory disorders in diseases classified elsewhere,excludes1,tuberculous cervicitis (A18.16),A18.16,A18
14,N74,Female pelvic inflammatory disorders in diseases classified elsewhere,excludes1,tuberculous pelvic inflammatory disease (A18.17),A18.17,A18
14,N76.82,Fournier disease of vagina and vulva,excludes1,gangrene in diabetes mellitus (E08-E13 with .52),,
14,N77.0,Ulceration of vulva in diseases classified elsewhere,excludes1,ulceration of vulva in gonococcal infection (A54.02),A54.02,A54
14,N77.0,Ulceration of vulva in diseases classified elsewhere,excludes1,ulceration of vulva in herpesviral [herpes simplex] infection (A60.04),A60.04,A60
14,N77.0,Ulceration of vulva in diseases classified elsewhere,excludes1,ulceration of vulva in syphilis (A51.0),A51.0,A51
14,N77.0,Ulceration of vulva in diseases classified elsewhere,excludes1,ulceration of vulva in tuberculosis (A18.18),A18.18,A18
14,N77.1,"Vaginitis, vulvitis and vulvovaginitis in diseases classified elsewhere",excludes1,candidal vulvovaginitis (B37.3-),B37.3-,B37
14,N77.1,"Vaginitis, vulvitis and vulvovaginitis in diseases classified elsewhere",excludes1,chlamydial vulvovaginitis (A56.02),A56.02,A56
14,N77.1,"Vaginitis, vulvitis and vulvovaginitis in diseases classified elsewhere",excludes1,gonococcal vulvovaginitis (A54.02),A54.02,A54
14,N77.1,"Vaginitis, vulvitis and vulvovaginitis in diseases classified elsewhere",excludes1,herpesviral [herpes simplex] vulvovaginitis (A60.04),A60.04,A60
14,N77.1,"Vaginitis, vulvitis and vulvovaginitis in diseases classified elsewhere",excludes1,trichomonal vulvovaginitis (A59.01),A59.01,A59
14,N77.1,"Vaginitis, vulvitis and vulvovaginitis in diseases classified elsewhere",excludes1,tuberculous vulvovaginitis (A18.18),A18.18,A18
14,N77.1,"Vaginitis, vulvitis and vulvovaginitis in diseases classified elsewhere",excludes1,vulvovaginitis in early syphilis (A51.0),A51.0,A51
14,N77.1,"Vaginitis, vulvitis and vulvovaginitis in diseases classified elsewhere",excludes1,vulvovaginitis in late syphilis (A52.76),A52.76,A52
14,N80.0,Endometriosis of uterus,excludes1,stromal endometriosis (D39.0),D39.0,D39
14,N81,Female genital prolapse,excludes1,"genital prolapse complicating pregnancy, labor or delivery (O34.5-)",O34.5-,O34
14,N81,Female genital prolapse,excludes1,prolapse and hernia of ovary and fallopian tube (N83.4-),N83.4-,N83
14,N81,Female genital prolapse,excludes1,prolapse of vaginal vault after hysterectomy (N99.3),N99.3,N99
14,N81.0,Urethrocele,excludes1,urethrocele with cystocele (N81.1-),N81.1-,N81
14,N81.0,Urethrocele,excludes1,urethrocele with prolapse of uterus (N81.2-N81.4),N81.2-N81.4,N81
14,N81.1,Cystocele,excludes1,cystocele with prolapse of uterus (N81.2-N81.4),N81.2-N81.4,N81
14,N81.2,Incomplete uterovaginal prolapse,excludes1,cervical stump prolapse (N81.85),N81.85,N81
14,N81.5,Vaginal enterocele,excludes1,enterocele with prolapse of uterus (N81.2-N81.4),N81.2-N81.4,N81
14,N81.6,Rectocele,excludes1,rectocele with prolapse of uterus (N81.2-N81.4),N81.2-N81.4,N81
14,N82,Fistulae involving female genital tract,excludes1,vesicointestinal fistulae (N32.1),N32.1,N32
14,N83.2,Other and unspecified ovarian cysts,excludes1,developmental ovarian cyst (Q50.1),Q50.1,Q50
14,N83.2,Other and unspecified ovarian cysts,excludes1,neoplastic ovarian cyst (D27.-),D27.-,D27
14,N83.2,Other and unspecified ovarian cysts,excludes1,polycystic ovarian syndrome (E28.2),E28.2,E28
14,N83.2,Other and unspecified ovarian cysts,excludes1,Stein-Leventhal syndrome (E28.2),E28.2,E28
14,N83.6,Hematosalpinx,excludes1,hematosalpinx (with) (in):,,
14,N83.6,Hematosalpinx,excludes1,hematocolpos (N89.7),N89.7,N89
14,N83.6,Hematosalpinx,excludes1,hematometra (N85.7),N85.7,N85
14,N83.6,Hematosalpinx,excludes1,tubal pregnancy (O00.1-),O00.1-,O00
14,N84,Polyp of female genital tract,excludes1,adenomatous polyp (D28.-),D28.-,D28
14,N84,Polyp of female genital tract,excludes1,placental polyp (O90.89),O90.89,O90
14,N84.0,Polyp of corpus uteri,excludes1,polypoid endometrial hyperplasia (N85.0-),N85.0-,N85
14,N85,"Other noninflammatory disorders of uterus, except cervix",excludes1,endometriosis (N80.-),N80.-,N80
14,N85,"Other noninflammatory disorders of uterus, except cervix",excludes1,inflammatory diseases of uterus (N71.-),N71.-,N71
14,N85,"Other noninflammatory disorders of uterus, except cervix",excludes1,"noninflammatory disorders of cervix, except malposition (N86-N88)",N86-N88,N86
14,N85,"Other noninflammatory disorders of uterus, except cervix",excludes1,polyp of corpus uteri (N84.0),N84.0,N84
14,N85,"Other noninflammatory disorders of uterus, except cervix",excludes1,uterine prolapse (N81.-),N81.-,N81
14,N85.02,Endometrial intraepithelial neoplasia [EIN],excludes1,malignant neoplasm of endometrium (with endometrial intraepithelial neoplasia [EIN]) (C54.1),C54.1,C54
14,N85.2,Hypertrophy of uterus,excludes1,puerperal hypertrophy of uterus (O90.89),O90.89,O90
14,N85.3,Subinvolution of uterus,excludes1,puerperal subinvolution of uterus (O90.89),O90.89,O90
14,N85.4,Malposition of uterus,excludes1,"malposition of uterus complicating pregnancy, labor or delivery (O34.5-, O65.5)",O34.5-; O65.5,O34; O65
14,N85.5,Inversion of uterus,excludes1,current obstetric trauma (O71.2),O71.2,O71
14,N85.5,Inversion of uterus,excludes1,postpartum inversion of uterus (O71.2),O71.2,O71
14,N85.7,Hematometra,excludes1,hematometra with hematocolpos (N89.7),N89.7,N89
14,N85.A,Isthmocele,excludes1,maternal care for cesarean scar defect (isthmocele) (O34.22),O34.22,O34
14,N86,Erosion and ectropion of cervix uteri,excludes1,erosion and ectropion of cervix with cervicitis (N72),N72,N72
14,N87,Dysplasia of cervix uteri,excludes1,abnormal results from cervical cytologic examination without histologic confirmation (R87.61-),R87.61-,R87
14,N87,Dysplasia of cervix uteri,excludes1,carcinoma in situ of cervix uteri (D06.-),D06.-,D06
14,N87,Dysplasia of cervix uteri,excludes1,cervical intraepithelial neoplasia III [CIN III] (D06.-),D06.-,D06
14,N87,Dysplasia of cervix uteri,excludes1,HGSIL of cervix (R87.613),R87.613,R87
14,N87,Dysplasia of cervix uteri,excludes1,severe dysplasia of cervix uteri (D06.-),D06.-,D06
14,N88.1,Old laceration of cervix uteri,excludes1,current obstetric trauma (O71.3),O71.3,O71
14,N88.2,Stricture and stenosis of cervix uteri,excludes1,stricture and stenosis of cervix uteri complicating labor (O65.5),O65.5,O65
14,N88.3,Incompetence of cervix uteri,excludes1,cervical incompetence complicating pregnancy (O34.3-),O34.3-,O34
14,N88.8,Other specified noninflammatory disorders of cervix uteri,excludes1,current obstetric trauma (O71.3),O71.3,O71
14,N89,Other noninflammatory disorders of vagina,excludes1,abnormal results from vaginal cytologic examination without histologic confirmation (R87.62-),R87.62-,R87
14,N89,Other noninflammatory disorders of vagina,excludes1,carcinoma in situ of vagina (D07.2),D07.2,D07
14,N89,Other noninflammatory disorders of vagina,excludes1,HGSIL of vagina (R87.623),R87.623,R87
14,N89,Other noninflammatory disorders of vagina,excludes1,inflammation of vagina (N76.-),N76.-,N76
14,N89,Other noninflammatory disorders of vagina,excludes1,severe dysplasia of vagina (D07.2),D07.2,D07
14,N89,Other noninflammatory disorders of vagina,excludes1,trichomonal leukorrhea (A59.00),A59.00,A59
14,N89,Other noninflammatory disorders of vagina,excludes1,"vaginal intraepithelial neoplasia [VAIN], grade III (D07.2)",D07.2,D07
14,N89.5,Stricture and atresia of vagina,excludes1,congenital atresia or stricture (Q52.4),Q52.4,Q52
14,N89.5,Stricture and atresia of vagina,excludes1,postprocedural adhesions of vagina (N99.2),N99.2,N99
14,N89.6,Tight hymenal ring,excludes1,imperforate hymen (Q52.3),Q52.3,Q52
14,N89.8,Other specified noninflammatory disorders of vagina,excludes1,"current obstetric trauma (O70.-, O71.4, O71.7-O71.8)",O70.-; O71.4; O71.7-O71.8,O70; O71
14,N89.8,Other specified noninflammatory disorders of vagina,excludes1,old laceration involving muscles of pelvic floor (N81.8),N81.8,N81
14,N90,Other noninflammatory disorders of vulva and perineum,excludes1,anogenital (venereal) warts (A63.0),A63.0,A63
14,N90,Other noninflammatory disorders of vulva and perineum,excludes1,carcinoma in situ of vulva (D07.1),D07.1,D07
14,N90,Other noninflammatory disorders of vulva and perineum,excludes1,condyloma acuminatum (A63.0),A63.0,A63
14,N90,Other noninflammatory disorders of vulva and perineum,excludes1,"current obstetric trauma (O70.-, O71.7-O71.8)",O70.-; O71.7-O71.8,O70; O71
14,N90,Other noninflammatory disorders of vulva and perineum,excludes1,inflammation of vulva (N76.-),N76.-,N76
14,N90,Other noninflammatory disorders of vulva and perineum,excludes1,severe dysplasia of vulva (D07.1),D07.1,D07
14,N90,Other noninflammatory disorders of vulva and perineum,excludes1,vulvar intraepithelial neoplasm III [VIN III] (D07.1),D07.1,D07
14,N91,"Absent, scanty and rare menstruation",excludes1,ovarian dysfunction (E28.-),E28.-,E28
14,N92,"Excessive, frequent and irregular menstruation",excludes1,postmenopausal bleeding (N95.0),N95.0,N95
14,N92,"Excessive, frequent and irregular menstruation",excludes1,precocious puberty (menstruation) (E30.1),E30.1,E30
14,N92.6,"Irregular menstruation, unspecified",excludes1,irregular menstruation with:,,
14,N92.6,"Irregular menstruation, unspecified",excludes1,lengthened intervals or scanty bleeding (N91.3-N91.5),N91.3-N91.5,N91
14,N92.6,"Irregular menstruation, unspecified",excludes1,shortened intervals or excessive bleeding (N92.1),N92.1,N92
14,N93,Other abnormal uterine and vaginal bleeding,excludes1,neonatal vaginal hemorrhage (P54.6),P54.6,P54
14,N93,Other abnormal uterine and vaginal bleeding,excludes1,precocious puberty (menstruation) (E30.1),E30.1,E30
14,N93,Other abnormal uterine and vaginal bleeding,excludes1,pseudomenses (P54.6),P54.6,P54
14,N94.1,Dyspareunia,excludes1,psychogenic dyspareunia (F52.6),F52.6,F52
14,N94.2,Vaginismus,excludes1,psychogenic vaginismus (F52.5),F52.5,F52
14,N94.3,Premenstrual tension syndrome,excludes1,Premenstrual dysphoric disorder (F32.81),F32.81,F32
14,N94.6,"Dysmenorrhea, unspecified",excludes1,psychogenic dysmenorrhea (F45.8),F45.8,F45
14,N95,Menopausal and other perimenopausal disorders,excludes1,excessive bleeding in the premenopausal period (N92.4),N92.4,N92
14,N95,Menopausal and other perimenopausal disorders,excludes1,"menopausal and perimenopausal disorders due to artificial or premature menopause (E89.4-, E28.31-)",E89.4-; E28.31-,E28; E89
14,N95,Menopausal and other perimenopausal disorders,excludes1,premature menopause (E28.31-),E28.31-,E28
14,N95.1,Menopausal and female climacteric states,excludes1,asymptomatic menopausal state (Z78.0),Z78.0,Z78
14,N95.1,Menopausal and female climacteric states,excludes1,symptoms associated with artificial menopause (E89.41),E89.41,E89
14,N95.1,Menopausal and female climacteric states,excludes1,symptoms associated with premature menopause (E28.310),E28.310,E28
14,N96,Recurrent pregnancy loss,excludes1,recurrent pregancy loss with current pregnancy (O26.2-),O26.2-,O26
14,N99.6,Intraoperative hemorrhage and hematoma of a genitourinary system organ or structure complicating a procedure,excludes1,intraoperative hemorrhage and hematoma of a genitourinary system organ or structure due to accidental puncture or laceration during a procedure (N99.7-),N99.7-,N99
15,Chapter 15,"Pregnancy, childbirth and the puerperium",excludes1,supervision of normal pregnancy (Z34.-),Z34.-,Z34
15,Block O00-O08,Pregnancy with abortive outcome (O00-O08),excludes1,"continuing pregnancy in multiple gestation after abortion of one fetus or more (O31.1-, O31.3-)",O31.1-; O31.3-,O31
15,O00.0,Abdominal pregnancy,excludes1,maternal care for viable fetus in abdominal pregnancy (O36.7-),O36.7-,O36
15,O01,Hydatidiform mole,excludes1,chorioadenoma (destruens) (D39.2),D39.2,D39
15,O01,Hydatidiform mole,excludes1,malignant hydatidiform mole (D39.2),D39.2,D39
15,O02,Other abnormal products of conception,excludes1,papyraceous fetus (O31.0-),O31.0-,O31
15,O02.1,Missed abortion,excludes1,failed induced abortion (O07.-),O07.-,O07
15,O02.1,Missed abortion,excludes1,fetal death (intrauterine) (late) (O36.4),O36.4,O36
15,O02.1,Missed abortion,excludes1,missed abortion with blighted ovum (O02.0),O02.0,O02
15,O02.1,Missed abortion,excludes1,missed abortion with hydatidiform mole (O01.-),O01.-,O01
15,O02.1,Missed abortion,excludes1,missed abortion with nonhydatidiform (O02.0),O02.0,O02
15,O02.1,Missed abortion,excludes1,missed abortion with other abnormal products of conception (O02.8-),O02.8-,O02
15,O02.1,Missed abortion,excludes1,missed delivery (O36.4),O36.4,O36
15,O02.1,Missed abortion,excludes1,stillbirth (P95),P95,P95
15,O02.8,Other specified abnormal products of conception,excludes1,abnormal products of conception with blighted ovum (O02.0),O02.0,O02
15,O02.8,Other specified abnormal products of conception,excludes1,abnormal products of conception with hydatidiform mole (O01.-),O01.-,O01
15,O02.8,Other specified abnormal products of conception,excludes1,abnormal products of conception with nonhydatidiform mole (O02.0),O02.0,O02
15,O03.0,Genital tract and pelvic infection following incomplete spontaneous abortion,excludes1,sepsis following incomplete spontaneous abortion (O03.37),O03.37,O03
15,O03.0,Genital tract and pelvic infection following incomplete spontaneous abortion,excludes1,urinary tract infection following incomplete spontaneous abortion (O03.38),O03.38,O03
15,O03.31,Shock following incomplete spontaneous abortion,excludes1,shock due to infection following incomplete spontaneous abortion (O03.37),O03.37,O03
15,O03.37,Sepsis following incomplete spontaneous abortion,excludes1,septic or septicopyemic embolism following incomplete spontaneous abortion (O03.2),O03.2,O03
15,O03.5,Genital tract and pelvic infection following complete or unspecified spontaneous abortion,excludes1,sepsis following complete or unspecified spontaneous abortion (O03.87),O03.87,O03
15,O03.5,Genital tract and pelvic infection following complete or unspecified spontaneous abortion,excludes1,urinary tract infection following complete or unspecified spontaneous abortion (O03.88),O03.88,O03
15,O03.81,Shock following complete or unspecified spontaneous abortion,excludes1,shock due to infection following complete or unspecified spontaneous abortion (O03.87),O03.87,O03
15,O03.87,Sepsis following complete or unspecified spontaneous abortion,excludes1,septic or septicopyemic embolism following complete or unspecified spontaneous abortion (O03.7),O03.7,O03
15,O04.5,Genital tract and pelvic infection following (induced) termination of pregnancy,excludes1,sepsis following (induced) termination of pregnancy (O04.87),O04.87,O04
15,O04.5,Genital tract and pelvic infection following (induced) termination of pregnancy,excludes1,urinary tract infection following (induced) termination of pregnancy (O04.88),O04.88,O04
15,O04.81,Shock following (induced) termination of pregnancy,excludes1,shock due to infection following (induced) termination of pregnancy (O04.87),O04.87,O04
15,O04.87,Sepsis following (induced) termination of pregnancy,excludes1,septic or septicopyemic embolism following (induced) termination of pregnancy (O04.7),O04.7,O04
15,O07,Failed attempted termination of pregnancy,excludes1,incomplete spontaneous abortion (O03.0-),O03.0-,O03
15,O07.0,Genital tract and pelvic infection following failed attempted termination of pregnancy,excludes1,sepsis following failed attempted termination of pregnancy (O07.37),O07.37,O07
15,O07.0,Genital tract and pelvic infection following failed attempted termination of pregnancy,excludes1,urinary tract infection following failed attempted termination of pregnancy (O07.38),O07.38,O07
15,O07.31,Shock following failed attempted termination of pregnancy,excludes1,shock due to infection following failed attempted termination of pregnancy (O07.37),O07.37,O07
15,O07.37,Sepsis following failed attempted termination of pregnancy,excludes1,septic or septicopyemic embolism following failed attempted termination of pregnancy (O07.2),O07.2,O07
15,O08.0,Genital tract and pelvic infection following ectopic and molar pregnancy,excludes1,sepsis following ectopic and molar pregnancy (O08.82),O08.82,O08
15,O08.0,Genital tract and pelvic infection following ectopic and molar pregnancy,excludes1,urinary tract infection (O08.83),O08.83,O08
15,O08.1,Delayed or excessive hemorrhage following ectopic and molar pregnancy,excludes1,delayed or excessive hemorrhage due to incomplete abortion (O03.1),O03.1,O03
15,O08.3,Shock following ectopic and molar pregnancy,excludes1,shock due to infection following ectopic and molar pregnancy (O08.82),O08.82,O08
15,O08.82,Sepsis following ectopic and molar pregnancy,excludes1,septic or septicopyemic embolism following ectopic and molar pregnancy (O08.2),O08.2,O08
15,O09.829,"Supervision of pregnancy with history of in utero procedure during previous pregnancy, unspecified trimester",excludes1,supervision of pregnancy affected by in utero procedure during current pregnancy (O35.7),O35.7,O35
15,O14,Pre-eclampsia,excludes1,pre-existing hypertension with pre-eclampsia (O11),O11,O11
15,O14.1,Severe pre-eclampsia,excludes1,HELLP syndrome (O14.2-),O14.2-,O14
15,O20,Hemorrhage in early pregnancy,excludes1,pregnancy with abortive outcome (O00-O08),O00-O08,O00
15,O22,Venous complications and hemorrhoids in pregnancy,excludes1,venous complications of:,,
15,O22,Venous complications and hemorrhoids in pregnancy,excludes1,abortion NOS (O03.9),O03.9,O03
15,O22,Venous complications and hemorrhoids in pregnancy,excludes1,ectopic or molar pregnancy (O08.7),O08.7,O08
15,O22,Venous complications and hemorrhoids in pregnancy,excludes1,failed attempted abortion (O07.35),O07.35,O07
15,O22,Venous complications and hemorrhoids in pregnancy,excludes1,induced abortion (O04.85),O04.85,O04
15,O22,Venous complications and hemorrhoids in pregnancy,excludes1,spontaneous abortion (O03.89),O03.89,O03
15,O26.7,"Subluxation of symphysis (pubis) in pregnancy, childbirth and the puerperium",excludes1,traumatic separation of symphysis (pubis) during childbirth (O71.6),O71.6,O71
15,O26.84,Uterine size-date discrepancy complicating pregnancy,excludes1,encounter for suspected problem with fetal growth ruled out (Z03.74),Z03.74,Z03
15,O26.87,Cervical shortening,excludes1,encounter for suspected cervical shortening ruled out (Z03.75),Z03.75,Z03
15,O28,Abnormal findings on antenatal screening of mother,excludes1,diagnostic findings classified elsewhere - see Alphabetical Index,,
15,O30.01,"Twin pregnancy, monochorionic/monoamniotic",excludes1,conjoined twins (O30.02-),O30.02-,O30
15,O32,Maternal care for malpresentation of fetus,excludes1,malpresentation of fetus with obstructed labor (O64.-),O64.-,O64
15,O32.1,Maternal care for breech presentation,excludes1,footling presentation (O32.8),O32.8,O32
15,O32.1,Maternal care for breech presentation,excludes1,incomplete breech (O32.8),O32.8,O32
15,O33,Maternal care for disproportion,excludes1,disproportion with obstructed labor (O65-O66),O65-O66,O65
15,O33.7,Maternal care for disproportion due to other fetal deformities,excludes1,obstructed labor due to other fetal deformities (O66.3),O66.3,O66
15,O35,Maternal care for known or suspected fetal abnormality and damage,excludes1,encounter for suspected maternal and fetal conditions ruled out (Z03.7-),Z03.7-,Z03
15,O36,Maternal care for other fetal problems,excludes1,encounter for suspected maternal and fetal conditions ruled out (Z03.7-),Z03.7-,Z03
15,O36,Maternal care for other fetal problems,excludes1,placental transfusion syndromes (O43.0-),O43.0-,O43
15,O36.2,Maternal care for hydrops fetalis,excludes1,hydrops fetalis associated with ABO isoimmunization (O36.1-),O36.1-,O36
15,O36.2,Maternal care for hydrops fetalis,excludes1,hydrops fetalis associated with rhesus isoimmunization (O36.0-),O36.0-,O36
15,O36.4,Maternal care for intrauterine death,excludes1,missed abortion (O02.1),O02.1,O02
15,O36.4,Maternal care for intrauterine death,excludes1,stillbirth (P95),P95,P95
15,O40,Polyhydramnios,excludes1,encounter for suspected maternal and fetal conditions ruled out (Z03.7-),Z03.7-,Z03
15,O41,Other disorders of amniotic fluid and membranes,excludes1,encounter for suspected maternal and fetal conditions ruled out (Z03.7-),Z03.7-,Z03
15,O43.2,Morbidly adherent placenta,excludes1,retained placenta (O73.-),O73.-,O73
15,O44.1,Complete placenta previa with hemorrhage,excludes1,labor and delivery complicated by hemorrhage from vasa previa (O69.4),O69.4,O69
15,O46,"Antepartum hemorrhage, not elsewhere classified",excludes1,hemorrhage in early pregnancy (O20.-),O20.-,O20
15,O46,"Antepartum hemorrhage, not elsewhere classified",excludes1,intrapartum hemorrhage NEC (O67.-),O67.-,O67
15,O46,"Antepartum hemorrhage, not elsewhere classified",excludes1,placenta previa (O44.-),O44.-,O44
15,O46,"Antepartum hemorrhage, not elsewhere classified",excludes1,premature separation of placenta [abruptio placentae] (O45.-),O45.-,O45
15,O47,False labor,excludes1,preterm labor (O60.-),O60.-,O60
15,O60,Preterm labor,excludes1,false labor (O47.0-),O47.0-,O47
15,O60,Preterm labor,excludes1,threatened labor NOS (O47.0-),O47.0-,O47
15,O62.2,Other uterine inertia,excludes1,atony of uterus with hemorrhage (postpartum) (O72.1),O72.1,O72
15,O62.2,Other uterine inertia,excludes1,postpartum atony of uterus without hemorrhage (O75.89),O75.89,O75
15,O62.4,"Hypertonic, incoordinate, and prolonged uterine contractions",excludes1,dystocia (fetal) (maternal) NOS (O66.9),O66.9,O66
15,O64.4,Obstructed labor due to shoulder presentation,excludes1,impacted shoulders (O66.0),O66.0,O66
15,O64.4,Obstructed labor due to shoulder presentation,excludes1,shoulder dystocia (O66.0),O66.0,O66
15,O65.4,"Obstructed labor due to fetopelvic disproportion, unspecified",excludes1,dystocia due to abnormality of fetus (O66.2-O66.3),O66.2-O66.3,O66
15,O67,"Labor and delivery complicated by intrapartum hemorrhage, not elsewhere classified",excludes1,antepartum hemorrhage NEC (O46.-),O46.-,O46
15,O67,"Labor and delivery complicated by intrapartum hemorrhage, not elsewhere classified",excludes1,placenta previa (O44.-),O44.-,O44
15,O67,"Labor and delivery complicated by intrapartum hemorrhage, not elsewhere classified",excludes1,premature separation of placenta [abruptio placentae] (O45.-),O45.-,O45
15,O68,Labor and delivery complicated by abnormality of fetal acid-base balance,excludes1,fetal stress NOS (O77.9),O77.9,O77
15,O68,Labor and delivery complicated by abnormality of fetal acid-base balance,excludes1,labor and delivery complicated by electrocardiographic evidence of fetal stress (O77.8),O77.8,O77
15,O68,Labor and delivery complicated by abnormality of fetal acid-base balance,excludes1,labor and delivery complicated by ultrasonic evidence of fetal stress (O77.8),O77.8,O77
15,O69.1,"Labor and delivery complicated by cord around neck, with compression",excludes1,"labor and delivery complicated by cord around neck, without compression (O69.81)",O69.81,O69
15,O69.2,"Labor and delivery complicated by other cord entanglement, with compression",excludes1,"labor and delivery complicated by other cord entanglement, without compression (O69.82)",O69.82,O69
15,O70,Perineal laceration during delivery,excludes1,obstetric high vaginal laceration alone (O71.4),O71.4,O71
15,O70.1,Second degree perineal laceration during delivery,excludes1,perineal laceration involving anal sphincter (O70.2-),O70.2-,O70
15,O70.2,Third degree perineal laceration during delivery,excludes1,anal sphincter tear during delivery without third degree perineal laceration (O70.4),O70.4,O70
15,O70.2,Third degree perineal laceration during delivery,excludes1,perineal laceration involving anal or rectal mucosa (O70.3),O70.3,O70
15,O70.4,"Anal sphincter tear complicating delivery, not associated with third degree laceration",excludes1,anal sphincter tear with third degree perineal laceration (O70.2-),O70.2-,O70
15,O71.0,Rupture of uterus (spontaneous) before onset of labor,excludes1,disruption of (current) cesarean delivery wound (O90.0),O90.0,O90
15,O71.0,Rupture of uterus (spontaneous) before onset of labor,excludes1,"laceration of uterus, NEC (O71.81)",O71.81,O71
15,O71.1,Rupture of uterus during labor,excludes1,disruption of cesarean delivery wound (O90.0),O90.0,O90
15,O71.1,Rupture of uterus during labor,excludes1,"laceration of uterus, NEC (O71.81)",O71.81,O71
15,O71.4,Obstetric high vaginal laceration alone,excludes1,obstetric high vaginal laceration with perineal laceration (O70.-),O70.-,O70
15,O72.1,Other immediate postpartum hemorrhage,excludes1,uterine atony NOS (O62.2),O62.2,O62
15,O72.1,Other immediate postpartum hemorrhage,excludes1,uterine atony without hemorrhage (O62.2),O62.2,O62
15,O72.1,Other immediate postpartum hemorrhage,excludes1,postpartum atony of uterus without hemorrhage (O75.89),O75.89,O75
15,O73,"Retained placenta and membranes, without hemorrhage",excludes1,placenta accreta (O43.21-),O43.21-,O43
15,O73,"Retained placenta and membranes, without hemorrhage",excludes1,placenta increta (O43.22-),O43.22-,O43
15,O73,"Retained placenta and membranes, without hemorrhage",excludes1,placenta percreta (O43.23-),O43.23-,O43
15,O76,Abnormality in fetal heart rate and rhythm complicating labor and delivery,excludes1,fetal stress NOS (O77.9),O77.9,O77
15,O76,Abnormality in fetal heart rate and rhythm complicating labor and delivery,excludes1,labor and delivery complicated by electrocardiographic evidence of fetal stress (O77.8),O77.8,O77
15,O76,Abnormality in fetal heart rate and rhythm complicating labor and delivery,excludes1,labor and delivery complicated by ultrasonic evidence of fetal stress (O77.8),O77.8,O77
15,O77.8,Labor and delivery complicated by other evidence of fetal stress,excludes1,abnormality of fetal acid-base balance (O68),O68,O68
15,O77.8,Labor and delivery complicated by other evidence of fetal stress,excludes1,abnormality in fetal heart rate or rhythm (O76),O76,O76
15,O77.8,Labor and delivery complicated by other evidence of fetal stress,excludes1,fetal metabolic acidemia (O68),O68,O68
15,O77.9,"Labor and delivery complicated by fetal stress, unspecified",excludes1,abnormality of fetal acid-base balance (O68),O68,O68
15,O77.9,"Labor and delivery complicated by fetal stress, unspecified",excludes1,abnormality in fetal heart rate or rhythm (O76),O76,O76
15,O77.9,"Labor and delivery complicated by fetal stress, unspecified",excludes1,fetal metabolic acidemia (O68),O68,O68
15,O85,Puerperal sepsis,excludes1,fever of unknown origin following delivery (O86.4),O86.4,O86
15,O85,Puerperal sepsis,excludes1,obstetric pyemic and septic embolism (O88.3-),O88.3-,O88
15,O85,Puerperal sepsis,excludes1,puerperal septic thrombophlebitis (O86.81),O86.81,O86
15,O86.0,Infection of obstetric surgical wound,excludes1,"complications of procedures, not elsewhere classified (T81.4-)",T81.4-,T81
15,O86.0,Infection of obstetric surgical wound,excludes1,postprocedural fever NOS (R50.82),R50.82,R50
15,O86.0,Infection of obstetric surgical wound,excludes1,postprocedural retroperitoneal abscess (K68.11),K68.11,K68
15,O88,Obstetric embolism,excludes1,embolism complicating abortion NOS (O03.2),O03.2,O03
15,O88,Obstetric embolism,excludes1,embolism complicating ectopic or molar pregnancy (O08.2),O08.2,O08
15,O88,Obstetric embolism,excludes1,embolism complicating failed attempted abortion (O07.2),O07.2,O07
15,O88,Obstetric embolism,excludes1,embolism complicating induced abortion (O04.7),O04.7,O04
15,O88,Obstetric embolism,excludes1,"embolism complicating spontaneous abortion (O03.2, O03.7)",O03.2; O03.7,O03
15,O90.0,Disruption of cesarean delivery wound,excludes1,rupture of uterus (spontaneous) before onset of labor (O71.0-),O71.0-,O71
15,O90.0,Disruption of cesarean delivery wound,excludes1,rupture of uterus during labor (O71.1),O71.1,O71
15,O90.3,Peripartum cardiomyopathy,excludes1,pre-existing heart disease complicating pregnancy and the puerperium (O99.4-),O99.4-,O99
15,O90.4,Postpartum acute kidney failure,excludes1,anuria and oliguria (R34),R34,R34
15,O90.6,Postpartum mood disturbance,excludes1,postpartum depression (F53.0),F53.0,F53
15,O90.6,Postpartum mood disturbance,excludes1,puerperal psychosis (F53.1),F53.1,F53
15,O90.81,Anemia of the puerperium,excludes1,pre-existing anemia complicating the puerperium (O99.03),O99.03,O99
15,O92.3,Agalactia,excludes1,Elective agalactia (O92.5),O92.5,O92
15,O92.3,Agalactia,excludes1,Secondary agalactia (O92.5),O92.5,O92
15,O92.3,Agalactia,excludes1,Therapeutic agalactia (O92.5),O92.5,O92
15,O92.5,Suppressed lactation,excludes1,primary agalactia (O92.3),O92.3,O92
15,O98.5,"Other viral diseases complicating pregnancy, childbirth and the puerperium",excludes1,"human immunodeficiency virus [HIV] disease complicating pregnancy, childbirth and the puerperium (O98.7-)",O98.7-,O98
15,O99.0,"Anemia complicating pregnancy, childbirth and the puerperium",excludes1,anemia arising in the puerperium (O90.81),O90.81,O90
15,O99.0,"Anemia complicating pregnancy, childbirth and the puerperium",excludes1,postpartum anemia NOS (O90.81),O90.81,O90
15,O99.03,Anemia complicating the puerperium,excludes1,postpartum anemia not pre-existing prior to delivery (O90.81),O90.81,O90
15,O99.1,"Other diseases of the blood and blood-forming organs and certain disorders involving the immune mechanism complicating pregnancy, childbirth and the puerperium",excludes1,"hemorrhage with coagulation defects (O45.-, O46.0-, O67.0, O72.3)",O45.-; O46.0-; O67.0; O72.3,O45; O46; O67; O72
15,O99.4,"Diseases of the circulatory system complicating pregnancy, childbirth and the puerperium",excludes1,peripartum cardiomyopathy (O90.3),O90.3,O90
15,O99.81,"Abnormal glucose complicating pregnancy, childbirth and the puerperium",excludes1,gestational diabetes (O24.4-),O24.4-,O24
15,O99.82,"Streptococcus B carrier state complicating pregnancy, childbirth and the puerperium",excludes1,Carrier of streptococcus group B (GBS) in a nonpregnant woman (Z22.330),Z22.330,Z22
16,P00.2,Newborn affected by maternal infectious and parasitic diseases,excludes1,maternal genital tract or other localized infections (P00.8),P00.8,P00
16,P00.6,Newborn affected by surgical procedure on mother,excludes1,Cesarean delivery for present delivery (P03.4),P03.4,P03
16,P00.6,Newborn affected by surgical procedure on mother,excludes1,"damage to placenta from amniocentesis, Cesarean delivery or surgical induction (P02.1)",P02.1,P02
16,P00.6,Newborn affected by surgical procedure on mother,excludes1,previous surgery to uterus or pelvic organs (P03.89),P03.89,P03
16,P00.7,"Newborn affected by other medical procedures on mother, not elsewhere classified",excludes1,"damage to placenta from amniocentesis, cesarean delivery or surgical induction (P02.1)",P02.1,P02
16,P00.7,"Newborn affected by other medical procedures on mother, not elsewhere classified",excludes1,newborn affected by other complications of labor and delivery (P03.-),P03.-,P03
16,P01.2,Newborn affected by oligohydramnios,excludes1,oligohydramnios due to premature rupture of membranes (P01.1),P01.1,P01
16,P02.69,Newborn affected by other conditions of umbilical cord,excludes1,newborn affected by single umbilical artery (Q27.0),Q27.0,Q27
16,P03.81,Newborn affected by abnormality in fetal (intrauterine) heart rate or rhythm,excludes1,neonatal cardiac dysrhythmia (P29.1-),P29.1-,P29
16,P03.82,Meconium passage during delivery,excludes1,"meconium aspiration (P24.00, P24.01)",P24.00; P24.01,P24
16,P03.82,Meconium passage during delivery,excludes1,meconium staining (P96.83),P96.83,P96
16,P04.1,Newborn affected by other maternal medication,excludes1,dysmorphism due to warfarin (Q86.2),Q86.2,Q86
16,P04.1,Newborn affected by other maternal medication,excludes1,fetal hydantoin syndrome (Q86.1),Q86.1,Q86
16,P04.3,Newborn affected by maternal use of alcohol,excludes1,fetal alcohol syndrome (Q86.0),Q86.0,Q86
16,P05.2,Newborn affected by fetal (intrauterine) malnutrition not light or small for gestational age,excludes1,newborn affected by fetal malnutrition with light for gestational age (P05.0-),P05.0-,P05
16,P05.2,Newborn affected by fetal (intrauterine) malnutrition not light or small for gestational age,excludes1,newborn affected by fetal malnutrition with small for gestational age (P05.1-),P05.1-,P05
16,P07.0,Extremely low birth weight newborn,excludes1,low birth weight due to slow fetal growth and fetal malnutrition (P05.-),P05.-,P05
16,P07.1,Other low birth weight newborn,excludes1,low birth weight due to slow fetal growth and fetal malnutrition (P05.-),P05.-,P05
16,P08.0,Exceptionally large newborn baby,excludes1,syndrome of infant of diabetic mother (P70.1),P70.1,P70
16,P08.0,Exceptionally large newborn baby,excludes1,syndrome of infant of mother with gestational diabetes (P70.0),P70.0,P70
16,P08.1,Other heavy for gestational age newborn,excludes1,newborn with a birth weight of 4500 or more (P08.0),P08.0,P08
16,P08.1,Other heavy for gestational age newborn,excludes1,syndrome of infant of diabetic mother (P70.1),P70.1,P70
16,P08.1,Other heavy for gestational age newborn,excludes1,syndrome of infant of mother with gestational diabetes (P70.0),P70.0,P70
16,P10,Intracranial laceration and hemorrhage due to birth injury,excludes1,intracranial hemorrhage of newborn NOS (P52.9),P52.9,P52
16,P10,Intracranial laceration and hemorrhage due to birth injury,excludes1,intracranial hemorrhage of newborn due to anoxia or hypoxia (P52.-),P52.-,P52
16,P10,Intracranial laceration and hemorrhage due to birth injury,excludes1,nontraumatic intracranial hemorrhage of newborn (P52.-),P52.-,P52
16,P10.0,Subdural hemorrhage due to birth injury,excludes1,subdural hemorrhage accompanying tentorial tear (P10.4),P10.4,P10
16,P13.1,Other birth injuries to skull,excludes1,cephalhematoma (P12.0),P12.0,P12
16,P22.8,Other respiratory distress of newborn,excludes1,respiratory arrest of newborn (P28.81),P28.81,P28
16,P22.8,Other respiratory distress of newborn,excludes1,respiratory failure of newborn NOS (P28.5),P28.5,P28
16,P22.9,"Respiratory distress of newborn, unspecified",excludes1,respiratory arrest of newborn (P28.81),P28.81,P28
16,P22.9,"Respiratory distress of newborn, unspecified",excludes1,respiratory failure of newborn NOS (P28.5),P28.5,P28
16,P23,Congenital pneumonia,excludes1,neonatal pneumonia resulting from aspiration (P24.-),P24.-,P24
16,P23.0,Congenital pneumonia due to viral agent,excludes1,congenital rubella pneumonitis (P35.0),P35.0,P35
16,P24.0,Meconium aspiration,excludes1,meconium passage (without aspiration) during delivery (P03.82 ),P03.82,P03
16,P24.0,Meconium aspiration,excludes1,meconium staining (P96.83 ),P96.83,P96
16,P26,Pulmonary hemorrhage originating in the perinatal period,excludes1,acute idiopathic hemorrhage in infants over 28 days old (R04.81),R04.81,R04
16,P28.11,Resorption atelectasis without respiratory distress syndrome,excludes1,resorption atelectasis with respiratory distress syndrome (P22.0),P22.0,P22
16,P28.2,Cyanotic attacks of newborn,excludes1,apnea of newborn (P28.3- - P28.4-),P28.3--P28.4-,P28
16,P28.89,Other specified respiratory conditions of newborn,excludes1,early congenital syphilitic rhinitis (A50.05),A50.05,A50
16,P38,Omphalitis of newborn,excludes1,omphalitis not of newborn (L08.82),L08.82,L08
16,P38,Omphalitis of newborn,excludes1,tetanus omphalitis (A33),A33,A33
16,P38,Omphalitis of newborn,excludes1,umbilical hemorrhage of newborn (P51.-),P51.-,P51
16,P39.0,Neonatal infective mastitis,excludes1,breast engorgement of newborn (P83.4),P83.4,P83
16,P39.0,Neonatal infective mastitis,excludes1,noninfective mastitis of newborn (P83.4),P83.4,P83
16,P39.1,Neonatal conjunctivitis and dacryocystitis,excludes1,gonococcal conjunctivitis (A54.31),A54.31,A54
16,P39.4,Neonatal skin infection,excludes1,pemphigus neonatorum (L00),L00,L00
16,P39.4,Neonatal skin infection,excludes1,staphylococcal scalded skin syndrome (L00),L00,L00
16,Block P50-P61,Hemorrhagic and hematological disorders of newborn (P50-P61),excludes1,congenital stenosis and stricture of bile ducts (Q44.3),Q44.3,Q44
16,Block P50-P61,Hemorrhagic and hematological disorders of newborn (P50-P61),excludes1,Crigler-Najjar syndrome (E80.5),E80.5,E80
16,Block P50-P61,Hemorrhagic and hematological disorders of newborn (P50-P61),excludes1,Dubin-Johnson syndrome (E80.6),E80.6,E80
16,Block P50-P61,Hemorrhagic and hematological disorders of newborn (P50-P61),excludes1,Gilbert syndrome (E80.4),E80.4,E80
16,Block P50-P61,Hemorrhagic and hematological disorders of newborn (P50-P61),excludes1,hereditary hemolytic anemias (D55-D58),D55-D58,D55
16,P50,Newborn affected by intrauterine (fetal) blood loss,excludes1,congenital anemia from intrauterine (fetal) blood loss (P61.3),P61.3,P61
16,P51,Umbilical hemorrhage of newborn,excludes1,omphalitis with mild hemorrhage (P38.1),P38.1,P38
16,P51,Umbilical hemorrhage of newborn,excludes1,umbilical hemorrhage from cut end of co-twins cord (P50.5),P50.5,P50
16,P52,Intracranial nontraumatic hemorrhage of newborn,excludes1,intracranial hemorrhage due to birth injury (P10.-),P10.-,P10
16,P52,Intracranial nontraumatic hemorrhage of newborn,excludes1,intracranial hemorrhage due to other injury (S06.-),S06.-,S06
16,P54,Other neonatal hemorrhages,excludes1,newborn affected by (intrauterine) blood loss (P50.-),P50.-,P50
16,P54,Other neonatal hemorrhages,excludes1,pulmonary hemorrhage originating in the perinatal period (P26.-),P26.-,P26
16,P54.0,Neonatal hematemesis,excludes1,neonatal hematemesis due to swallowed maternal blood (P78.2),P78.2,P78
16,P54.1,Neonatal melena,excludes1,neonatal melena due to swallowed maternal blood (P78.2),P78.2,P78
16,P56,Hydrops fetalis due to hemolytic disease,excludes1,hydrops fetalis NOS (P83.2),P83.2,P83
16,P57.8,Other specified kernicterus,excludes1,Crigler-Najjar syndrome (E80.5),E80.5,E80
16,P58,Neonatal jaundice due to other excessive hemolysis,excludes1,jaundice due to isoimmunization (P55-P57),P55-P57,P55
16,P59,Neonatal jaundice from other and unspecified causes,excludes1,jaundice due to inborn errors of metabolism (E70-E88),E70-E88,E70
16,P59,Neonatal jaundice from other and unspecified causes,excludes1,kernicterus (P57.-),P57.-,P57
16,P59.2,Neonatal jaundice from other and unspecified hepatocellular damage,excludes1,congenital viral hepatitis (P35.3),P35.3,P35
16,P61,Other perinatal hematological disorders,excludes1,transient hypogammaglobulinemia of infancy (D80.7),D80.7,D80
16,P61.5,Transient neonatal neutropenia,excludes1,congenital neutropenia (nontransient) (D70.0),D70.0,D70
16,P70.0,Syndrome of infant of mother with gestational diabetes,excludes1,newborn (with hypoglycemia) affected by maternal (pre-existing) diabetes mellitus (P70.1),P70.1,P70
16,P70.0,Syndrome of infant of mother with gestational diabetes,excludes1,syndrome of infant of a diabetic mother (P70.1),P70.1,P70
16,P70.1,Syndrome of infant of a diabetic mother,excludes1,newborn (with hypoglycemia) affected by maternal gestational diabetes (P70.0),P70.0,P70
16,P70.1,Syndrome of infant of a diabetic mother,excludes1,syndrome of infant of mother with gestational diabetes (P70.0),P70.0,P70
16,P71.1,Other neonatal hypocalcemia,excludes1,neonatal hypoparathyroidism (P71.4),P71.4,P71
16,P72,Other transitory neonatal endocrine disorders,excludes1,congenital hypothyroidism with or without goiter (E03.0-E03.1),E03.0-E03.1,E03
16,P72,Other transitory neonatal endocrine disorders,excludes1,dyshormogenetic goiter (E07.1),E07.1,E07
16,P72,Other transitory neonatal endocrine disorders,excludes1,dyshormonogenetic goiter (E07.1),E07.1,E07
16,P72,Other transitory neonatal endocrine disorders,excludes1,Pendred's syndrome (E07.1),E07.1,E07
16,P74.0,Late metabolic acidosis of newborn,excludes1,(fetal) metabolic acidosis of newborn (P19),P19,P19
16,P76.0,Meconium plug syndrome,excludes1,meconium ileus in cystic fibrosis (E84.11),E84.11,E84
16,P76.1,Transitory ileus of newborn,excludes1,Hirschsprung's disease (Q43.1),Q43.1,Q43
16,P76.8,Other specified intestinal obstruction of newborn,excludes1,intestinal obstruction classifiable to K56.-,,
16,P78,Other perinatal digestive system disorders,excludes1,cystic fibrosis (E84.0-E84.9),E84.0-E84.9,E84
16,P78,Other perinatal digestive system disorders,excludes1,neonatal gastrointestinal hemorrhages (P54.0-P54.3),P54.0-P54.3,P54
16,P78.84,Gestational alloimmune liver disease,excludes1,hemochromatosis (E83.11-),E83.11-,E83
16,P80.0,Cold injury syndrome,excludes1,mild hypothermia of newborn (P80.8),P80.8,P80
16,P83,Other conditions of integument specific to newborn,excludes1,congenital malformations of skin and integument (Q80-Q84),Q80-Q84,Q80
16,P83,Other conditions of integument specific to newborn,excludes1,hydrops fetalis due to hemolytic disease (P56.-),P56.-,P56
16,P83,Other conditions of integument specific to newborn,excludes1,neonatal skin infection (P39.4),P39.4,P39
16,P83,Other conditions of integument specific to newborn,excludes1,staphylococcal scalded skin syndrome (L00),L00,L00
16,P84,Other problems with newborn,excludes1,intracranial hemorrhage due to anoxia or hypoxia (P52.-),P52.-,P52
16,P84,Other problems with newborn,excludes1,hypoxic ischemic encephalopathy [HIE] (P91.6-),P91.6-,P91
16,P84,Other problems with newborn,excludes1,late metabolic acidosis of newborn (P74.0),P74.0,P74
16,P90,Convulsions of newborn,excludes1,benign myoclonic epilepsy in infancy (G40.3-),G40.3-,G40
16,P90,Convulsions of newborn,excludes1,benign neonatal convulsions (familial) (G40.3-),G40.3-,G40
16,P91.0,Neonatal cerebral ischemia,excludes1,Neonatal cerebral infarction (P91.82-),P91.82-,P91
16,P91.6,Hypoxic ischemic encephalopathy [HIE],excludes1,Neonatal cerebral depression (P91.4),P91.4,P91
16,P91.6,Hypoxic ischemic encephalopathy [HIE],excludes1,Neonatal cerebral irritability (P91.3),P91.3,P91
16,P91.6,Hypoxic ischemic encephalopathy [HIE],excludes1,Neonatal coma (P91.5),P91.5,P91
16,P91.82,Neonatal cerebral infarction,excludes1,cerebral infarction (I63.-),I63.-,I63
16,P92,Feeding problems of newborn,excludes1,eating disorders (F50.-),F50.-,F50
16,P92.0,Vomiting of newborn,excludes1,vomiting of child over 28 days old (R11.-),R11.-,R11
16,P92.01,Bilious vomiting of newborn,excludes1,bilious vomiting in child over 28 days old (R11.14),R11.14,R11
16,P92.09,Other vomiting of newborn,excludes1,regurgitation of food in newborn (P92.1),P92.1,P92
16,P92.6,Failure to thrive in newborn,excludes1,failure to thrive in child over 28 days old (R62.51),R62.51,R62
16,P93,Reactions and intoxications due to drugs administered to newborn,excludes1,jaundice due to drugs or toxins transmitted from mother or given to newborn (P58.4-),P58.4-,P58
16,P93,Reactions and intoxications due to drugs administered to newborn,excludes1,"reactions and intoxications from maternal opiates, tranquilizers and other medication (P04.0-P04.1, P04.4-)",P04.0-P04.1; P04.4-,P04
16,P93,Reactions and intoxications due to drugs administered to newborn,excludes1,withdrawal symptoms from maternal use of drugs of addiction (P96.1),P96.1,P96
16,P93,Reactions and intoxications due to drugs administered to newborn,excludes1,withdrawal symptoms from therapeutic use of drugs in newborn (P96.2),P96.2,P96
16,P94.0,Transient neonatal myasthenia gravis,excludes1,myasthenia gravis (G70.0),G70.0,G70
16,P95,Stillbirth,excludes1,maternal care for intrauterine death (O36.4),O36.4,O36
16,P95,Stillbirth,excludes1,missed abortion (O02.1),O02.1,O02
16,P95,Stillbirth,excludes1,"outcome of delivery, stillbirth (Z37.1, Z37.3, Z37.4, Z37.7)",Z37.1; Z37.3; Z37.4; Z37.7,Z37
16,P96.1,Neonatal withdrawal symptoms from maternal use of drugs of addiction,excludes1,reactions and intoxications from maternal opiates and tranquilizers administered during labor and delivery (P04.0),P04.0,P04
16,P96.83,Meconium staining,excludes1,"meconium aspiration (P24.00, P24.01)",P24.00; P24.01,P24
16,P96.83,Meconium staining,excludes1,meconium passage during delivery (P03.82),P03.82,P03
17,Q01,Encephalocele,excludes1,Meckel-Gruber syndrome (Q61.9),Q61.9,Q61
17,Q02,Microcephaly,excludes1,Meckel-Gruber syndrome (Q61.9),Q61.9,Q61
17,Q03,Congenital hydrocephalus,excludes1,"Arnold-Chiari syndrome, type II (Q07.0-)",Q07.0-,Q07
17,Q03,Congenital hydrocephalus,excludes1,acquired hydrocephalus (G91.-),G91.-,G91
17,Q03,Congenital hydrocephalus,excludes1,hydrocephalus due to congenital toxoplasmosis (P37.1),P37.1,P37
17,Q03,Congenital hydrocephalus,excludes1,hydrocephalus with spina bifida (Q05.0-Q05.4),Q05.0-Q05.4,Q05
17,Q04,Other congenital malformations of brain,excludes1,cyclopia (Q87.0),Q87.0,Q87
17,Q04,Other congenital malformations of brain,excludes1,macrocephaly (Q75.3),Q75.3,Q75
17,Q04.3,Other reduction deformities of brain,excludes1,congenital malformations of corpus callosum (Q04.0),Q04.0,Q04
17,Q04.6,Congenital cerebral cysts,excludes1,acquired porencephalic cyst (G93.0),G93.0,G93
17,Q05,Spina bifida,excludes1,"Arnold-Chiari syndrome, type II (Q07.0-)",Q07.0-,Q07
17,Q05,Spina bifida,excludes1,spina bifida occulta (Q76.0),Q76.0,Q76
17,Q07.0,Arnold-Chiari syndrome,excludes1,"Arnold-Chiari syndrome, type III (Q01.-)",Q01.-,Q01
17,Q07.0,Arnold-Chiari syndrome,excludes1,"Arnold-Chiari syndrome, type IV (Q04.8)",Q04.8,Q04
17,Q10,"Congenital malformations of eyelid, lacrimal apparatus and orbit",excludes1,cryptophthalmos NOS (Q11.2),Q11.2,Q11
17,Q10,"Congenital malformations of eyelid, lacrimal apparatus and orbit",excludes1,cryptophthalmos syndrome (Q87.0),Q87.0,Q87
17,Q11.2,Microphthalmos,excludes1,cryptophthalmos syndrome (Q87.0),Q87.0,Q87
17,Q11.3,Macrophthalmos,excludes1,macrophthalmos in congenital glaucoma (Q15.0),Q15.0,Q15
17,Q15,Other congenital malformations of eye,excludes1,congenital nystagmus (H55.01),H55.01,H55
17,Q15,Other congenital malformations of eye,excludes1,ocular albinism (E70.31-),E70.31-,E70
17,Q15,Other congenital malformations of eye,excludes1,optic nerve hypoplasia (H47.03-),H47.03-,H47
17,Q15,Other congenital malformations of eye,excludes1,retinitis pigmentosa (H35.52),H35.52,H35
17,Q16,Congenital malformations of ear causing impairment of hearing,excludes1,congenital deafness (H90.-),H90.-,H90
17,Q17,Other congenital malformations of ear,excludes1,congenital malformations of ear with impairment of hearing (Q16.0-Q16.9),Q16.0-Q16.9,Q16
17,Q17,Other congenital malformations of ear,excludes1,preauricular sinus (Q18.1),Q18.1,Q18
17,Q17.4,Misplaced ear,excludes1,cervical auricle (Q18.2),Q18.2,Q18
17,Q18,Other congenital malformations of face and neck,excludes1,cleft lip and cleft palate (Q35-Q37),Q35-Q37,Q35
17,Q18,Other congenital malformations of face and neck,excludes1,conditions classified to Q67.0-Q67.4,,
17,Q18,Other congenital malformations of face and neck,excludes1,congenital malformations of skull and face bones (Q75.-),Q75.-,Q75
17,Q18,Other congenital malformations of face and neck,excludes1,cyclopia (Q87.0),Q87.0,Q87
17,Q18,Other congenital malformations of face and neck,excludes1,dentofacial anomalies [including malocclusion] (M26.-),M26.-,M26
17,Q18,Other congenital malformations of face and neck,excludes1,malformation syndromes affecting facial appearance (Q87.0),Q87.0,Q87
17,Q18,Other congenital malformations of face and neck,excludes1,persistent thyroglossal duct (Q89.2),Q89.2,Q89
17,Q20,Congenital malformations of cardiac chambers and connections,excludes1,dextrocardia with situs inversus (Q89.3),Q89.3,Q89
17,Q20,Congenital malformations of cardiac chambers and connections,excludes1,mirror-image atrial arrangement with situs inversus (Q89.3),Q89.3,Q89
17,Q20.0,Common arterial trunk,excludes1,aortic septal defect (Q21.4),Q21.4,Q21
17,Q21,Congenital malformations of cardiac septa,excludes1,acquired cardiac septal defect (I51.0),I51.0,I51
17,Q23.0,Congenital stenosis of aortic valve,excludes1,congenital stenosis of aortic valve in hypoplastic left heart syndrome (Q23.4),Q23.4,Q23
17,Q23.0,Congenital stenosis of aortic valve,excludes1,congenital subaortic stenosis (Q24.4),Q24.4,Q24
17,Q23.0,Congenital stenosis of aortic valve,excludes1,supravalvular aortic stenosis (congenital) (Q25.3),Q25.3,Q25
17,Q24,Other congenital malformations of heart,excludes1,endocardial fibroelastosis (I42.4),I42.4,I42
17,Q24.0,Dextrocardia,excludes1,dextrocardia with situs inversus (Q89.3),Q89.3,Q89
17,Q24.0,Dextrocardia,excludes1,isomerism of atrial appendages (with asplenia or polysplenia) (Q20.6),Q20.6,Q20
17,Q24.0,Dextrocardia,excludes1,mirror-image atrial arrangement with situs inversus (Q89.3),Q89.3,Q89
17,Q25.3,Supravalvular aortic stenosis,excludes1,congenital aortic stenosis NOS (Q23.0),Q23.0,Q23
17,Q25.3,Supravalvular aortic stenosis,excludes1,congenital stenosis of aortic valve (Q23.0),Q23.0,Q23
17,Q25.4,Other congenital malformations of aorta,excludes1,hypoplasia of aorta in hypoplastic left heart syndrome (Q23.4),Q23.4,Q23
17,Q27.3,Arteriovenous malformation (peripheral),excludes1,acquired arteriovenous aneurysm (I77.0),I77.0,I77
17,Q27.8,Other specified congenital malformations of peripheral vascular system,excludes1,arteriovenous malformation (Q27.3-),Q27.3-,Q27
17,Q28,Other congenital malformations of circulatory system,excludes1,congenital aneurysm NOS (Q27.8),Q27.8,Q27
17,Q28,Other congenital malformations of circulatory system,excludes1,congenital coronary aneurysm (Q24.5),Q24.5,Q24
17,Q28,Other congenital malformations of circulatory system,excludes1,ruptured cerebral arteriovenous malformation (I60.8),I60.8,I60
17,Q28,Other congenital malformations of circulatory system,excludes1,ruptured malformation of precerebral vessels (I72.0),I72.0,I72
17,Q30,Congenital malformations of nose,excludes1,congenital deviation of nasal septum (Q67.4),Q67.4,Q67
17,Q31,Congenital malformations of larynx,excludes1,congenital laryngeal stridor NOS (P28.89),P28.89,P28
17,Q32,Congenital malformations of trachea and bronchus,excludes1,congenital bronchiectasis (Q33.4),Q33.4,Q33
17,Q33.0,Congenital cystic lung,excludes1,cystic fibrosis (E84.0),E84.0,E84
17,Q33.0,Congenital cystic lung,excludes1,"cystic lung disease, acquired or unspecified (J98.4)",J98.4,J98
17,Q33.6,Congenital hypoplasia and dysplasia of lung,excludes1,pulmonary hypoplasia associated with short gestation (P28.0),P28.0,P28
17,Q35,Cleft palate,excludes1,cleft palate with cleft lip (Q37.-),Q37.-,Q37
17,Q36,Cleft lip,excludes1,cleft lip with cleft palate (Q37.-),Q37.-,Q37
17,Q38,"Other congenital malformations of tongue, mouth and pharynx",excludes1,dentofacial anomalies (M26.-),M26.-,M26
17,Q38,"Other congenital malformations of tongue, mouth and pharynx",excludes1,macrostomia (Q18.4),Q18.4,Q18
17,Q38,"Other congenital malformations of tongue, mouth and pharynx",excludes1,microstomia (Q18.5),Q18.5,Q18
17,Q38.0,"Congenital malformations of lips, not elsewhere classified",excludes1,cleft lip (Q36.-),Q36.-,Q36
17,Q38.0,"Congenital malformations of lips, not elsewhere classified",excludes1,cleft lip with cleft palate (Q37.-),Q37.-,Q37
17,Q38.0,"Congenital malformations of lips, not elsewhere classified",excludes1,macrocheilia (Q18.6),Q18.6,Q18
17,Q38.0,"Congenital malformations of lips, not elsewhere classified",excludes1,microcheilia (Q18.7),Q18.7,Q18
17,Q38.5,"Congenital malformations of palate, not elsewhere classified",excludes1,cleft palate (Q35.-),Q35.-,Q35
17,Q38.5,"Congenital malformations of palate, not elsewhere classified",excludes1,cleft palate with cleft lip (Q37.-),Q37.-,Q37
17,Q38.7,Congenital pharyngeal pouch,excludes1,pharyngeal pouch syndrome (D82.1),D82.1,D82
17,Q40.1,Congenital hiatus hernia,excludes1,congenital diaphragmatic hernia (Q79.0),Q79.0,Q79
17,Q41,"Congenital absence, atresia and stenosis of small intestine",excludes1,cystic fibrosis with intestinal manifestation (E84.11),E84.11,E84
17,Q41,"Congenital absence, atresia and stenosis of small intestine",excludes1,meconium ileus NOS (without cystic fibrosis) (P76.0),P76.0,P76
17,Q43.6,Congenital fistula of rectum and anus,excludes1,"congenital fistula of anus with absence, atresia and stenosis (Q42.2)",Q42.2,Q42
17,Q43.6,Congenital fistula of rectum and anus,excludes1,"congenital fistula of rectum with absence, atresia and stenosis (Q42.0)",Q42.0,Q42
17,Q43.6,Congenital fistula of rectum and anus,excludes1,congenital rectovaginal fistula (Q52.2),Q52.2,Q52
17,Q43.6,Congenital fistula of rectum and anus,excludes1,congenital urethrorectal fistula (Q64.73),Q64.73,Q64
17,Q43.6,Congenital fistula of rectum and anus,excludes1,pilonidal fistula or sinus (L05.-),L05.-,L05
17,Q45.3,Other congenital malformations of pancreas and pancreatic duct,excludes1,congenital diabetes mellitus (E10.-),E10.-,E10
17,Q45.3,Other congenital malformations of pancreas and pancreatic duct,excludes1,cystic fibrosis (E84.0-E84.9),E84.0-E84.9,E84
17,Q45.3,Other congenital malformations of pancreas and pancreatic duct,excludes1,fibrocystic disease of pancreas (E84.-),E84.-,E84
17,Q45.3,Other congenital malformations of pancreas and pancreatic duct,excludes1,neonatal diabetes mellitus (P70.2),P70.2,P70
17,Block Q50-Q56,Congenital malformations of genital organs (Q50-Q56),excludes1,androgen insensitivity syndrome (E34.5-),E34.5-,E34
17,Block Q50-Q56,Congenital malformations of genital organs (Q50-Q56),excludes1,syndromes associated with anomalies in the number and form of chromosomes (Q90-Q99),Q90-Q99,Q90
17,Q50.0,Congenital absence of ovary,excludes1,Turner's syndrome (Q96.-),Q96.-,Q96
17,Q52.1,Doubling of vagina,excludes1,doubling of vagina with doubling of uterus and cervix (Q51.1-),Q51.1-,Q51
17,Q52.2,Congenital rectovaginal fistula,excludes1,cloaca (Q43.7),Q43.7,Q43
17,Q54,Hypospadias,excludes1,epispadias (Q64.0),Q64.0,Q64
17,Q55,Other congenital malformations of male genital organs,excludes1,congenital hydrocele (P83.5),P83.5,P83
17,Q55,Other congenital malformations of male genital organs,excludes1,hypospadias (Q54.-),Q54.-,Q54
17,Q55.63,Congenital torsion of penis,excludes1,acquired torsion of penis (N48.82),N48.82,N48
17,Q55.64,Hidden penis,excludes1,acquired buried penis (N48.83),N48.83,N48
17,Q56,Indeterminate sex and pseudohermaphroditism,excludes1,"46,XX true hermaphrodite (Q99.1)",Q99.1,Q99
17,Q56,Indeterminate sex and pseudohermaphroditism,excludes1,androgen insensitivity syndrome (E34.5-),E34.5-,E34
17,Q56,Indeterminate sex and pseudohermaphroditism,excludes1,"chimera 46,XX/46,XY true hermaphrodite (Q99.0)",Q99.0,Q99
17,Q56,Indeterminate sex and pseudohermaphroditism,excludes1,female pseudohermaphroditism with adrenocortical disorder (E25.-),E25.-,E25
17,Q56,Indeterminate sex and pseudohermaphroditism,excludes1,pseudohermaphroditism with specified chromosomal anomaly (Q96-Q99),Q96-Q99,Q96
17,Q56,Indeterminate sex and pseudohermaphroditism,excludes1,pure gonadal dysgenesis (Q99.1),Q99.1,Q99
17,Q61,Cystic kidney disease,excludes1,acquired cyst of kidney (N28.1),N28.1,N28
17,Q61,Cystic kidney disease,excludes1,Potter's syndrome (Q60.6),Q60.6,Q60
17,Q61.4,Renal dysplasia,excludes1,polycystic kidney disease (Q61.11-Q61.3),Q61.11-Q61.3,Q61
17,Q63,Other congenital malformations of kidney,excludes1,congenital nephrotic syndrome (N04.-),N04.-,N04
17,Q64.0,Epispadias,excludes1,hypospadias (Q54.-),Q54.-,Q54
17,Q64.7,Other and unspecified congenital malformations of bladder and urethra,excludes1,congenital prolapse of bladder (mucosa) (Q79.4),Q79.4,Q79
17,Q65,Congenital deformities of hip,excludes1,clicking hip (R29.4),R29.4,R29
17,Q66,Congenital deformities of feet,excludes1,reduction defects of feet (Q72.-),Q72.-,Q72
17,Q66,Congenital deformities of feet,excludes1,valgus deformities (acquired) (M21.0-),M21.0-,M21
17,Q66,Congenital deformities of feet,excludes1,varus deformities (acquired) (M21.1-),M21.1-,M21
17,Q66.5,Congenital pes planus,excludes1,"pes planus, acquired (M21.4)",M21.4,M21
17,Q67,"Congenital musculoskeletal deformities of head, face, spine and chest",excludes1,congenital malformation syndromes classified to Q87.-,,
17,Q67,"Congenital musculoskeletal deformities of head, face, spine and chest",excludes1,Potter's syndrome (Q60.6),Q60.6,Q60
17,Q67.2,Dolichocephaly,excludes1,sagittal craniosynostosis (Q75.01),Q75.01,Q75
17,Q67.3,Plagiocephaly,excludes1,coronal craniosynostosis (Q75.02-),Q75.02-,Q75
17,Q67.3,Plagiocephaly,excludes1,lambdoid craniosynostosis (Q75.04-),Q75.04-,Q75
17,Q67.4,"Other congenital deformities of skull, face and jaw",excludes1,dentofacial anomalies [including malocclusion] (M26.-),M26.-,M26
17,Q67.4,"Other congenital deformities of skull, face and jaw",excludes1,syphilitic saddle nose (A50.5),A50.5,A50
17,Q67.5,Congenital deformity of spine,excludes1,infantile idiopathic scoliosis (M41.0),M41.0,M41
17,Q67.5,Congenital deformity of spine,excludes1,scoliosis due to congenital bony malformation (Q76.3),Q76.3,Q76
17,Q68,Other congenital musculoskeletal deformities,excludes1,reduction defects of limb(s) (Q71-Q73),Q71-Q73,Q71
17,Q68.3,Congenital bowing of femur,excludes1,anteversion of femur (neck) (Q65.89),Q65.89,Q65
17,Q70.4,"Polysyndactyly, unspecified",excludes1,specified syndactyly of hand and feet - code to specified conditions (Q70.0- -Q70.3-),Q70.0--Q70.3-,Q70
17,Q74,Other congenital malformations of limb(s),excludes1,polydactyly (Q69.-),Q69.-,Q69
17,Q74,Other congenital malformations of limb(s),excludes1,reduction defect of limb (Q71-Q73),Q71-Q73,Q71
17,Q74,Other congenital malformations of limb(s),excludes1,syndactyly (Q70.-),Q70.-,Q70
17,Q74.1,Congenital malformation of knee,excludes1,congenital dislocation of knee (Q68.2),Q68.2,Q68
17,Q74.1,Congenital malformation of knee,excludes1,congenital genu recurvatum (Q68.2),Q68.2,Q68
17,Q74.1,Congenital malformation of knee,excludes1,nail patella syndrome (Q87.2),Q87.2,Q87
17,Q74.2,"Other congenital malformations of lower limb(s), including pelvic girdle",excludes1,anteversion of femur (neck) (Q65.89),Q65.89,Q65
17,Q75,Other congenital malformations of skull and face bones,excludes1,congenital malformation of face NOS (Q18.-),Q18.-,Q18
17,Q75,Other congenital malformations of skull and face bones,excludes1,congenital malformation syndromes classified to Q87.-,,
17,Q75,Other congenital malformations of skull and face bones,excludes1,dentofacial anomalies [including malocclusion] (M26.-),M26.-,M26
17,Q75,Other congenital malformations of skull and face bones,excludes1,musculoskeletal deformities of head and face (Q67.0-Q67.4),Q67.0-Q67.4,Q67
17,Q75,Other congenital malformations of skull and face bones,excludes1,skull defects associated with congenital anomalies of brain such as:,,
17,Q75,Other congenital malformations of skull and face bones,excludes1,anencephaly (Q00.0),Q00.0,Q00
17,Q75,Other congenital malformations of skull and face bones,excludes1,encephalocele (Q01.-),Q01.-,Q01
17,Q75,Other congenital malformations of skull and face bones,excludes1,hydrocephalus (Q03.-),Q03.-,Q03
17,Q75,Other congenital malformations of skull and face bones,excludes1,microcephaly (Q02),Q02,Q02
17,Q75.01,Sagittal craniosynostosis,excludes1,plagiocephaly (Q67.3),Q67.3,Q67
17,Q75.02,Coronal craniosynostosis,excludes1,dolichocephaly (Q67.2),Q67.2,Q67
17,Q75.04,Lambdoid craniosynostosis,excludes1,dolichocephaly (Q67.2),Q67.2,Q67
17,Q75.058,Other multi-suture craniosynostosis,excludes1,"coronal craniosynostosis, bilateral (Q75.022)",Q75.022,Q75
17,Q75.058,Other multi-suture craniosynostosis,excludes1,"lambdoid craniosynostosis, bilateral (Q75.042)",Q75.042,Q75
17,Q76,Congenital malformations of spine and bony thorax,excludes1,congenital musculoskeletal deformities of spine and chest (Q67.5-Q67.8),Q67.5-Q67.8,Q67
17,Q76.0,Spina bifida occulta,excludes1,meningocele (spinal) (Q05.-),Q05.-,Q05
17,Q76.0,Spina bifida occulta,excludes1,spina bifida (aperta) (cystica) (Q05.-),Q05.-,Q05
17,Q76.2,Congenital spondylolisthesis,excludes1,spondylolisthesis (acquired) (M43.1-),M43.1-,M43
17,Q76.2,Congenital spondylolisthesis,excludes1,spondylolysis (acquired) (M43.0-),M43.0-,M43
17,Q76.6,Other congenital malformations of ribs,excludes1,short rib syndrome (Q77.2),Q77.2,Q77
17,Q77,Osteochondrodysplasia with defects of growth of tubular bones and spine,excludes1,mucopolysaccharidosis (E76.0-E76.3),E76.0-E76.3,E76
17,Q77.3,Chondrodysplasia punctata,excludes1,Rhizomelic chondrodysplasia punctata (E71.540),E71.540,E71
17,Q79.0,Congenital diaphragmatic hernia,excludes1,congenital hiatus hernia (Q40.1),Q40.1,Q40
17,Q79.2,Exomphalos,excludes1,umbilical hernia (K42.-),K42.-,K42
17,Q79.5,Other congenital malformations of abdominal wall,excludes1,umbilical hernia (K42.-),K42.-,K42
17,Q80,Congenital ichthyosis,excludes1,Refsum's disease (G60.1),G60.1,G60
17,Q81.0,Epidermolysis bullosa simplex,excludes1,Cockayne's syndrome (Q87.19),Q87.19,Q87
17,Q82,Other congenital malformations of skin,excludes1,acrodermatitis enteropathica (E83.2),E83.2,E83
17,Q82,Other congenital malformations of skin,excludes1,congenital erythropoietic porphyria (E80.0),E80.0,E80
17,Q82,Other congenital malformations of skin,excludes1,pilonidal cyst or sinus (L05.-),L05.-,L05
17,Q82,Other congenital malformations of skin,excludes1,Sturge-Weber (-Dimitri) syndrome (Q85.89),Q85.89,Q85
17,Q82.2,Congenital cutaneous mastocytosis,excludes1,cutaneous mastocytosis NOS (D47.01),D47.01,D47
17,Q82.2,Congenital cutaneous mastocytosis,excludes1,diffuse cutaneous mastocytosis (with onset after newborn period) (D47.01),D47.01,D47
17,Q82.2,Congenital cutaneous mastocytosis,excludes1,malignant mastocytosis (C96.2-),C96.2-,C96
17,Q82.2,Congenital cutaneous mastocytosis,excludes1,systemic mastocytosis (D47.02),D47.02,D47
17,Q82.2,Congenital cutaneous mastocytosis,excludes1,urticaria pigmentosa (non-congenital) (with onset after newborn period) (D47.01),D47.01,D47
17,Q82.4,Ectodermal dysplasia (anhidrotic),excludes1,Ellis-van Creveld syndrome (Q77.6),Q77.6,Q77
17,Q82.8,Other specified congenital malformations of skin,excludes1,Ehlers-Danlos syndromes (Q79.6-),Q79.6-,Q79
17,Q84.1,"Congenital morphological disturbances of hair, not elsewhere classified",excludes1,Menkes' kinky hair syndrome (E83.09),E83.09,E83
17,Q84.3,Anonychia,excludes1,nail patella syndrome (Q87.2),Q87.2,Q87
17,Q85,"Phakomatoses, not elsewhere classified",excludes1,ataxia telangiectasia [Louis-Bar] (G11.3),G11.3,G11
17,Q85,"Phakomatoses, not elsewhere classified",excludes1,familial dysautonomia [Riley-Day] (G90.1),G90.1,G90
17,Q85.8,"Other phakomatoses, not elsewhere classified",excludes1,Meckel-Gruber syndrome (Q61.9),Q61.9,Q61
17,Q87.1,Congenital malformation syndromes predominantly associated with short stature,excludes1,Ellis-van Creveld syndrome (Q77.6),Q77.6,Q77
17,Q87.1,Congenital malformation syndromes predominantly associated with short stature,excludes1,Smith-Lemli-Opitz syndrome (E78.72),E78.72,E78
17,Q87.8,"Other specified congenital malformation syndromes, not elsewhere classified",excludes1,Zellweger syndrome (E71.510),E71.510,E71
17,Q87.A,Loeys-Dietz syndrome,excludes1,arterial tortuosity syndrome (Q87.82),Q87.82,Q87
17,Q87.A,Loeys-Dietz syndrome,excludes1,Ehlers-Danlos syndrome (Q79.6),Q79.6,Q79
17,Q87.A,Loeys-Dietz syndrome,excludes1,Marfan syndrome (Q87.40-Q87.43),Q87.40-Q87.43,Q87
17,Q87.A,Loeys-Dietz syndrome,excludes1,other systemic involvement of connective tissue (M35),M35,M35
17,Q89.0,Congenital absence and malformations of spleen,excludes1,isomerism of atrial appendages (with asplenia or polysplenia) (Q20.6),Q20.6,Q20
17,Q89.1,Congenital malformations of adrenal gland,excludes1,adrenogenital disorders (E25.-),E25.-,E25
17,Q89.1,Congenital malformations of adrenal gland,excludes1,congenital adrenal hyperplasia (E25.0),E25.0,E25
17,Q89.2,Congenital malformations of other endocrine glands,excludes1,congenital goiter (E03.0),E03.0,E03
17,Q89.2,Congenital malformations of other endocrine glands,excludes1,congenital hypothyroidism (E03.1),E03.1,E03
17,Q89.3,Situs inversus,excludes1,dextrocardia NOS (Q24.0),Q24.0,Q24
17,Q89.7,"Multiple congenital malformations, not elsewhere classified",excludes1,congenital malformation syndromes affecting multiple systems (Q87.-),Q87.-,Q87
17,Q92,"Other trisomies and partial trisomies of the autosomes, not elsewhere classified",excludes1,"trisomies of chromosomes 13, 18, 21 (Q90-Q91)",Q90-Q91,Q90
17,Q92.2,Partial trisomy,excludes1,partial trisomy due to unbalanced translocation (Q92.5),Q92.5,Q92
17,Q96,Turner's syndrome,excludes1,Noonan syndrome (Q87.19),Q87.19,Q87
17,Q97,"Other sex chromosome abnormalities, female phenotype, not elsewhere classified",excludes1,Turner's syndrome (Q96.-),Q96.-,Q96
18,R00,Abnormalities of heart beat,excludes1,abnormalities originating in the perinatal period (P29.1-),P29.1-,P29
18,R00.0,"Tachycardia, unspecified",excludes1,"inappropriate sinus tachycardia, so stated (I47.11)",I47.11,I47
18,R00.0,"Tachycardia, unspecified",excludes1,neonatal tachycardia (P29.11),P29.11,P29
18,R00.0,"Tachycardia, unspecified",excludes1,paroxysmal tachycardia (I47.-),I47.-,I47
18,R00.1,"Bradycardia, unspecified",excludes1,neonatal bradycardia (P29.12),P29.12,P29
18,R01,Cardiac murmurs and other cardiac sounds,excludes1,cardiac murmurs and sounds originating in the perinatal period (P29.8),P29.8,P29
18,R03.1,Nonspecific low blood-pressure reading,excludes1,hypotension (I95.-),I95.-,I95
18,R03.1,Nonspecific low blood-pressure reading,excludes1,maternal hypotension syndrome (O26.5-),O26.5-,O26
18,R03.1,Nonspecific low blood-pressure reading,excludes1,neurogenic orthostatic hypotension (G90.3),G90.3,G90
18,R04.81,Acute idiopathic pulmonary hemorrhage in infants,excludes1,perinatal pulmonary hemorrhage (P26.-),P26.-,P26
18,R04.81,Acute idiopathic pulmonary hemorrhage in infants,excludes1,von Willebrand disease (D68.0-),D68.0-,D68
18,R05,Cough,excludes1,paroxysmal cough due to Bordetella pertussis (A37.0-),A37.0-,A37
18,R05,Cough,excludes1,smoker's cough (J41.0),J41.0,J41
18,R06,Abnormalities of breathing,excludes1,acute respiratory distress syndrome (J80),J80,J80
18,R06,Abnormalities of breathing,excludes1,respiratory arrest (R09.2),R09.2,R09
18,R06,Abnormalities of breathing,excludes1,respiratory arrest of newborn (P28.81),P28.81,P28
18,R06,Abnormalities of breathing,excludes1,respiratory distress syndrome of newborn (P22.-),P22.-,P22
18,R06,Abnormalities of breathing,excludes1,respiratory failure (J96.-),J96.-,J96
18,R06,Abnormalities of breathing,excludes1,respiratory failure of newborn (P28.5),P28.5,P28
18,R06.0,Dyspnea,excludes1,tachypnea NOS (R06.82),R06.82,R06
18,R06.0,Dyspnea,excludes1,transient tachypnea of newborn (P22.1),P22.1,P22
18,R06.1,Stridor,excludes1,congenital laryngeal stridor (P28.89),P28.89,P28
18,R06.1,Stridor,excludes1,laryngismus (stridulus) (J38.5),J38.5,J38
18,R06.2,Wheezing,excludes1,Asthma (J45.-),J45.-,J45
18,R06.4,Hyperventilation,excludes1,psychogenic hyperventilation (F45.8),F45.8,F45
18,R06.6,Hiccough,excludes1,psychogenic hiccough (F45.8),F45.8,F45
18,R06.81,"Apnea, not elsewhere classified",excludes1,apnea (of) newborn (P28.4-),P28.4-,P28
18,R06.81,"Apnea, not elsewhere classified",excludes1,sleep apnea (G47.3-),G47.3-,G47
18,R06.81,"Apnea, not elsewhere classified",excludes1,sleep apnea of newborn (primary) (P28.3-),P28.3-,P28
18,R06.82,"Tachypnea, not elsewhere classified",excludes1,transitory tachypnea of newborn (P22.1),P22.1,P22
18,R07,Pain in throat and chest,excludes1,epidemic myalgia (B33.0),B33.0,B33
18,R07.0,Pain in throat,excludes1,chronic sore throat (J31.2),J31.2,J31
18,R07.0,Pain in throat,excludes1,sore throat (acute) NOS (J02.9),J02.9,J02
18,R07.81,Pleurodynia,excludes1,epidemic pleurodynia (B33.0),B33.0,B33
18,R09,Other symptoms and signs involving the circulatory and respiratory system,excludes1,acute respiratory distress syndrome (J80),J80,J80
18,R09,Other symptoms and signs involving the circulatory and respiratory system,excludes1,respiratory arrest of newborn (P28.81),P28.81,P28
18,R09,Other symptoms and signs involving the circulatory and respiratory system,excludes1,respiratory distress syndrome of newborn (P22.0),P22.0,P22
18,R09,Other symptoms and signs involving the circulatory and respiratory system,excludes1,respiratory failure (J96.-),J96.-,J96
18,R09,Other symptoms and signs involving the circulatory and respiratory system,excludes1,respiratory failure of newborn (P28.5),P28.5,P28
18,R09.0,Asphyxia and hypoxemia,excludes1,asphyxia due to carbon monoxide (T58.-),T58.-,T58
18,R09.0,Asphyxia and hypoxemia,excludes1,asphyxia due to foreign body in respiratory tract (T17.-),T17.-,T17
18,R09.0,Asphyxia and hypoxemia,excludes1,birth (intrauterine) asphyxia (P84),P84,P84
18,R09.0,Asphyxia and hypoxemia,excludes1,hyperventilation (R06.4),R06.4,R06
18,R09.0,Asphyxia and hypoxemia,excludes1,traumatic asphyxia (T71.-),T71.-,T71
18,R09.1,Pleurisy,excludes1,pleurisy with effusion (J90),J90,J90
18,R09.2,Respiratory arrest,excludes1,cardiac arrest (I46.-),I46.-,I46
18,R09.2,Respiratory arrest,excludes1,respiratory arrest of newborn (P28.81),P28.81,P28
18,R09.2,Respiratory arrest,excludes1,respiratory distress of newborn (P22.0),P22.0,P22
18,R09.2,Respiratory arrest,excludes1,respiratory failure (J96.-),J96.-,J96
18,R09.2,Respiratory arrest,excludes1,respiratory failure of newborn (P28.5),P28.5,P28
18,R09.2,Respiratory arrest,excludes1,respiratory insufficiency (R06.89),R06.89,R06
18,R09.2,Respiratory arrest,excludes1,respiratory insufficiency of newborn (P28.5),P28.5,P28
18,R09.3,Abnormal sputum,excludes1,blood-stained sputum (R04.2),R04.2,R04
18,R10,Abdominal and pelvic pain,excludes1,renal colic (N23),N23,N23
18,R10.0,Acute abdomen,excludes1,abdominal rigidity NOS (R19.3),R19.3,R19
18,R10.0,Acute abdomen,excludes1,generalized abdominal pain NOS (R10.84),R10.84,R10
18,R10.0,Acute abdomen,excludes1,localized abdominal pain (R10.1-R10.3-),R10.1-R10.3-,R10
18,R10.13,Epigastric pain,excludes1,functional dyspepsia (K30),K30,K30
18,R10.2,Pelvic and perineal pain,excludes1,vulvodynia (N94.81),N94.81,N94
18,R10.83,Colic,excludes1,colic in adult and child over 12 months old (R10.84),R10.84,R10
18,R10.84,Generalized abdominal pain,excludes1,generalized abdominal pain associated with acute abdomen (R10.0),R10.0,R10
18,R10.85,Abdominal pain of multiple sites,excludes1,abdominal rigidity NOS (R19.3),R19.3,R19
18,R10.85,Abdominal pain of multiple sites,excludes1,generalized abdominal pain associated with acute abdomen (R10.0),R10.0,R10
18,R10.85,Abdominal pain of multiple sites,excludes1,generalized abdominal pain NOS (R10.84),R10.84,R10
18,R10.85,Abdominal pain of multiple sites,excludes1,localized abdominal pain (R10.1-R10.3-),R10.1-R10.3-,R10
18,R11,Nausea and vomiting,excludes1,cyclical vomiting associated with migraine (G43.A-),G43.A-,G43
18,R11,Nausea and vomiting,excludes1,excessive vomiting in pregnancy (O21.-),O21.-,O21
18,R11,Nausea and vomiting,excludes1,hematemesis (K92.0),K92.0,K92
18,R11,Nausea and vomiting,excludes1,neonatal hematemesis (P54.0),P54.0,P54
18,R11,Nausea and vomiting,excludes1,newborn vomiting (P92.0-),P92.0-,P92
18,R11,Nausea and vomiting,excludes1,psychogenic vomiting (F50.89),F50.89,F50
18,R11,Nausea and vomiting,excludes1,vomiting associated with bulimia nervosa (F50.2-),F50.2-,F50
18,R11,Nausea and vomiting,excludes1,vomiting following gastrointestinal surgery (K91.0),K91.0,K91
18,R11.15,Cyclical vomiting syndrome unrelated to migraine,excludes1,cyclical vomiting in migraine (G43.A-),G43.A-,G43
18,R12,Heartburn,excludes1,functional dyspepsia (K30),K30,K30
18,R13.0,Aphagia,excludes1,psychogenic aphagia (F50.9),F50.9,F50
18,R13.1,Dysphagia,excludes1,psychogenic dysphagia (F45.8),F45.8,F45
18,R14,Flatulence and related conditions,excludes1,psychogenic aerophagy (F45.8),F45.8,F45
18,R15,Fecal incontinence,excludes1,fecal incontinence of nonorganic origin (F98.1),F98.1,F98
18,R17,Unspecified jaundice,excludes1,"neonatal jaundice (P55, P57-P59)",P55; P57-P59,P55; P57
18,R18,Ascites,excludes1,ascites in alcoholic cirrhosis (K70.31),K70.31,K70
18,R18,Ascites,excludes1,ascites in alcoholic hepatitis (K70.11),K70.11,K70
18,R18,Ascites,excludes1,ascites in toxic liver disease with chronic active hepatitis (K71.51),K71.51,K71
18,R19,Other symptoms and signs involving the digestive system and abdomen,excludes1,acute abdomen (R10.0),R10.0,R10
18,R19.0,"Intra-abdominal and pelvic swelling, mass and lump",excludes1,abdominal distension (gaseous) (R14.-),R14.-,R14
18,R19.0,"Intra-abdominal and pelvic swelling, mass and lump",excludes1,ascites (R18.-),R18.-,R18
18,R19.3,Abdominal rigidity,excludes1,abdominal rigidity with severe abdominal pain (R10.0),R10.0,R10
18,R19.4,Change in bowel habit,excludes1,constipation (K59.0-),K59.0-,K59
18,R19.4,Change in bowel habit,excludes1,functional diarrhea (K59.1),K59.1,K59
18,R19.5,Other fecal abnormalities,excludes1,melena (K92.1),K92.1,K92
18,R19.5,Other fecal abnormalities,excludes1,neonatal melena (P54.1),P54.1,P54
18,R19.7,"Diarrhea, unspecified",excludes1,functional diarrhea (K59.1),K59.1,K59
18,R19.7,"Diarrhea, unspecified",excludes1,neonatal diarrhea (P78.3),P78.3,P78
18,R19.7,"Diarrhea, unspecified",excludes1,psychogenic diarrhea (F45.8),F45.8,F45
18,R20,Disturbances of skin sensation,excludes1,dissociative anesthesia and sensory loss (F44.6),F44.6,F44
18,R20,Disturbances of skin sensation,excludes1,psychogenic disturbances (F45.8),F45.8,F45
18,R20.2,Paresthesia of skin,excludes1,acroparesthesia (I73.8),I73.8,I73
18,R21,Rash and other nonspecific skin eruption,excludes1,specified type of rash- code to condition,,
18,R21,Rash and other nonspecific skin eruption,excludes1,vesicular eruption (R23.8),R23.8,R23
18,R22,"Localized swelling, mass and lump of skin and subcutaneous tissue",excludes1,abnormal findings on diagnostic imaging (R90-R93),R90-R93,R90
18,R22,"Localized swelling, mass and lump of skin and subcutaneous tissue",excludes1,edema (R60.-),R60.-,R60
18,R22,"Localized swelling, mass and lump of skin and subcutaneous tissue",excludes1,enlarged lymph nodes (R59.-),R59.-,R59
18,R22,"Localized swelling, mass and lump of skin and subcutaneous tissue",excludes1,localized adiposity (E65),E65,E65
18,R22,"Localized swelling, mass and lump of skin and subcutaneous tissue",excludes1,swelling of joint (M25.4-),M25.4-,M25
18,R22.2,"Localized swelling, mass and lump, trunk",excludes1,intra-abdominal or pelvic mass and lump (R19.0-),R19.0-,R19
18,R22.2,"Localized swelling, mass and lump, trunk",excludes1,intra-abdominal or pelvic swelling (R19.0-),R19.0-,R19
18,R23.0,Cyanosis,excludes1,acrocyanosis (I73.8),I73.8,I73
18,R23.0,Cyanosis,excludes1,cyanotic attacks of newborn (P28.2),P28.2,P28
18,R23.3,Spontaneous ecchymoses,excludes1,ecchymoses of newborn (P54.5),P54.5,P54
18,R23.3,Spontaneous ecchymoses,excludes1,purpura (D69.-),D69.-,D69
18,R23.4,Changes in skin texture,excludes1,epidermal thickening NOS (L85.9),L85.9,L85
18,R25,Abnormal involuntary movements,excludes1,specific movement disorders (G20-G26),G20-G26,G20
18,R25,Abnormal involuntary movements,excludes1,stereotyped movement disorders (F98.4),F98.4,F98
18,R25,Abnormal involuntary movements,excludes1,tic disorders (F95.-),F95.-,F95
18,R25.1,"Tremor, unspecified",excludes1,chorea NOS (G25.5),G25.5,G25
18,R25.1,"Tremor, unspecified",excludes1,essential tremor (G25.0),G25.0,G25
18,R25.1,"Tremor, unspecified",excludes1,hysterical tremor (F44.4),F44.4,F44
18,R25.1,"Tremor, unspecified",excludes1,intention tremor (G25.2),G25.2,G25
18,R26,Abnormalities of gait and mobility,excludes1,ataxia NOS (R27.0),R27.0,R27
18,R26,Abnormalities of gait and mobility,excludes1,hereditary ataxia (G11.-),G11.-,G11
18,R26,Abnormalities of gait and mobility,excludes1,locomotor (syphilitic) ataxia (A52.11),A52.11,A52
18,R26,Abnormalities of gait and mobility,excludes1,immobility syndrome (paraplegic) (M62.3),M62.3,M62
18,R26.2,"Difficulty in walking, not elsewhere classified",excludes1,falling (R29.6),R29.6,R29
18,R27,Other lack of coordination,excludes1,ataxic gait (R26.0),R26.0,R26
18,R27,Other lack of coordination,excludes1,hereditary ataxia (G11.-),G11.-,G11
18,R27,Other lack of coordination,excludes1,vertigo NOS (R42),R42,R42
18,R27.0,"Ataxia, unspecified",excludes1,ataxia following cerebrovascular disease (I69. with final characters -93),,
18,R29.0,Tetany,excludes1,hysterical tetany (F44.5),F44.5,F44
18,R29.0,Tetany,excludes1,neonatal tetany (P71.3),P71.3,P71
18,R29.0,Tetany,excludes1,parathyroid tetany (E20.9),E20.9,E20
18,R29.0,Tetany,excludes1,post-thyroidectomy tetany (E89.2),E89.2,E89
18,R29.4,Clicking hip,excludes1,congenital deformities of hip (Q65.-),Q65.-,Q65
18,R29.5,Transient paralysis,excludes1,transient ischemic attack (G45.9),G45.9,G45
18,R29.810,Facial weakness,excludes1,Bell's palsy (G51.0),G51.0,G51
18,R29.810,Facial weakness,excludes1,facial weakness following cerebrovascular disease (I69. with final characters -92),,
18,R29.890,Loss of height,excludes1,osteoporosis (M80-M81),M80-M81,M80
18,R29.891,Ocular torticollis,excludes1,congenital (sternomastoid) torticollis Q68.0,,
18,R29.891,Ocular torticollis,excludes1,psychogenic torticollis (F45.8),F45.8,F45
18,R29.891,Ocular torticollis,excludes1,spasmodic torticollis (G24.3),G24.3,G24
18,R29.891,Ocular torticollis,excludes1,torticollis due to birth injury (P15.8),P15.8,P15
18,R29.891,Ocular torticollis,excludes1,torticollis NOS M43.6,,
18,R30,Pain associated with micturition,excludes1,psychogenic pain associated with micturition (F45.8),F45.8,F45
18,R31,Hematuria,excludes1,"hematuria included with underlying conditions, such as:",,
18,R31,Hematuria,excludes1,acute cystitis with hematuria (N30.01),N30.01,N30
18,R31,Hematuria,excludes1,recurrent and persistent hematuria in glomerular diseases (N02.-),N02.-,N02
18,R32,Unspecified urinary incontinence,excludes1,functional urinary incontinence (R39.81),R39.81,R39
18,R32,Unspecified urinary incontinence,excludes1,nonorganic enuresis (F98.0),F98.0,F98
18,R32,Unspecified urinary incontinence,excludes1,stress incontinence and other specified urinary incontinence (N39.3-N39.4-),N39.3-N39.4-,N39
18,R32,Unspecified urinary incontinence,excludes1,urinary incontinence associated with cognitive impairment (R39.81),R39.81,R39
18,R33,Retention of urine,excludes1,psychogenic retention of urine (F45.8),F45.8,F45
18,R34,Anuria and oliguria,excludes1,"anuria and oliguria complicating abortion or ectopic or molar pregnancy (O00-O07, O08.4)",O00-O07; O08.4,O00; O08
18,R34,Anuria and oliguria,excludes1,anuria and oliguria complicating pregnancy (O26.83-),O26.83-,O26
18,R34,Anuria and oliguria,excludes1,anuria and oliguria complicating the puerperium (O90.49),O90.49,O90
18,R35,Polyuria,excludes1,psychogenic polyuria (F45.8),F45.8,F45
18,R39.15,Urgency of urination,excludes1,"urge incontinence (N39.41, N39.46)",N39.41; N39.46,N39
18,R39.2,Extrarenal uremia,excludes1,uremia NOS (N19),N19,N19
18,R39.81,Functional urinary incontinence,excludes1,stress incontinence and other specified urinary incontinence (N39.3-N39.4-),N39.3-N39.4-,N39
18,R39.81,Functional urinary incontinence,excludes1,urinary incontinence NOS (R32),R32,R32
18,R40,"Somnolence, stupor and coma",excludes1,neonatal coma (P91.5),P91.5,P91
18,R40,"Somnolence, stupor and coma",excludes1,"somnolence, stupor and coma in diabetes (E08-E13)",E08-E13,E08
18,R40,"Somnolence, stupor and coma",excludes1,"somnolence, stupor and coma in hepatic failure (K72.-)",K72.-,K72
18,R40,"Somnolence, stupor and coma",excludes1,"somnolence, stupor and coma in hypoglycemia (nondiabetic) (E15)",E15,E15
18,R40.0,Somnolence,excludes1,coma (R40.2-),R40.2-,R40
18,R40.1,Stupor,excludes1,catatonic schizophrenia (F20.2),F20.2,F20
18,R40.1,Stupor,excludes1,coma (R40.2-),R40.2-,R40
18,R40.1,Stupor,excludes1,"depressive stupor (F31.-, F32.-, F33.-)",F31.-; F32.-; F33.-,F31; F32; F33
18,R40.1,Stupor,excludes1,dissociative stupor (F44.2),F44.2,F44
18,R40.1,Stupor,excludes1,manic stupor (F30.2),F30.2,F30
18,R40.2A,Nontraumatic coma due to underlying condition,excludes1,"coma scale, best motor response (R40.24.-)",,
18,R40.2A,Nontraumatic coma due to underlying condition,excludes1,"coma scale, best verbal response (R40.22.-)",,
18,R40.2A,Nontraumatic coma due to underlying condition,excludes1,"coma scale, eyes open (R40.21.-)",,
18,R40.2A,Nontraumatic coma due to underlying condition,excludes1,"Glasgow coma scale, total score (R40.23.-)",,
18,R41,Other symptoms and signs involving cognitive functions and awareness,excludes1,dissociative [conversion] disorders (F44.-),F44.-,F44
18,R41,Other symptoms and signs involving cognitive functions and awareness,excludes1,mild cognitive impairment of uncertain or unknown etiology (G31.84),G31.84,G31
18,R41.0,"Disorientation, unspecified",excludes1,delirium due to known physiological condition (F05),F05,F05
18,R41.3,Other amnesia,excludes1,amnestic disorder due to known physiologic condition (F04),F04,F04
18,R41.3,Other amnesia,excludes1,amnestic syndrome due to psychoactive substance use (F10-F19 with 5th character .6),,
18,R41.3,Other amnesia,excludes1,mild memory disturbance due to known physiological condition (F06.8),F06.8,F06
18,R41.3,Other amnesia,excludes1,transient global amnesia (G45.4),G45.4,G45
18,R41.4,Neurologic neglect syndrome,excludes1,visuospatial deficit (R41.842),R41.842,R41
18,R41.82,"Altered mental status, unspecified",excludes1,altered level of consciousness (R40.-),R40.-,R40
18,R41.82,"Altered mental status, unspecified",excludes1,altered mental status due to known condition - code to condition,,
18,R41.82,"Altered mental status, unspecified",excludes1,delirium NOS (R41.0),R41.0,R41
18,R41.83,Borderline intellectual functioning,excludes1,intellectual disabilities (F70-F79),F70-F79,F70
18,R41.84,Other specified cognitive deficit,excludes1,"cognitive deficits as sequelae of cerebrovascular    disease (I69.01-, I69.11-, I69.21-, I69.31-, I69.81-, I69.91-)",I69.01-; I69.11-; I69.21-; I69.31-; I69.81-; I69.91-,I69
18,R41.840,Attention and concentration deficit,excludes1,attention-deficit hyperactivity disorders (F90.-),F90.-,F90
18,R42,Dizziness and giddiness,excludes1,vertiginous syndromes (H81.-),H81.-,H81
18,R42,Dizziness and giddiness,excludes1,vertigo from infrasound (T75.23),T75.23,T75
18,R44,Other symptoms and signs involving general sensations and perceptions,excludes1,"alcoholic hallucinations (F10.151, F10.251, F10.951)",F10.151; F10.251; F10.951,F10
18,R44,Other symptoms and signs involving general sensations and perceptions,excludes1,hallucinations in drug psychosis (F11-F19 with fifth to sixth characters 51),,
18,R44,Other symptoms and signs involving general sensations and perceptions,excludes1,"hallucinations in mood disorders with psychotic symptoms (F30.2, F31.5, F32.3, F33.3)",F30.2; F31.5; F32.3; F33.3,F30; F31; F32; F33
18,R44,Other symptoms and signs involving general sensations and perceptions,excludes1,"hallucinations in schizophrenia, schizotypal and delusional disorders (F20-F29)",F20-F29,F20
18,R45.3,Demoralization and apathy,excludes1,anhedonia (R45.84),R45.84,R45
18,R45.83,"Excessive crying of child, adolescent or adult",excludes1,excessive crying of infant (baby) R68.11,,
18,R45.85,Homicidal and suicidal ideations,excludes1,suicide attempt (T14.91),T14.91,T14
18,R46,Symptoms and signs involving appearance and behavior,excludes1,"appearance and behavior in schizophrenia, schizotypal and delusional disorders (F20-F29)",F20-F29,F20
18,R46,Symptoms and signs involving appearance and behavior,excludes1,mental and behavioral disorders (F01-F99),F01-F99,F01
18,R46.4,Slowness and poor responsiveness,excludes1,stupor (R40.1),R40.1,R40
18,R46.81,Obsessive-compulsive behavior,excludes1,obsessive-compulsive disorder (F42.-),F42.-,F42
18,R47,"Speech disturbances, not elsewhere classified",excludes1,autism (F84.0),F84.0,F84
18,R47,"Speech disturbances, not elsewhere classified",excludes1,cluttering (F80.81),F80.81,F80
18,R47,"Speech disturbances, not elsewhere classified",excludes1,specific developmental disorders of speech and language (F80.-),F80.-,F80
18,R47,"Speech disturbances, not elsewhere classified",excludes1,stuttering (F80.81),F80.81,F80
18,R47.01,Aphasia,excludes1,aphasia following cerebrovascular disease (I69. with final characters -20),,
18,R47.01,Aphasia,excludes1,progressive isolated aphasia (G31.01),G31.01,G31
18,R47.02,Dysphasia,excludes1,dysphasia following cerebrovascular disease (I69. with final characters -21),,
18,R47.1,Dysarthria and anarthria,excludes1,dysarthria following cerebrovascular disease (I69. with final characters -22),,
18,R47.8,Other speech disturbances,excludes1,dysarthria following cerebrovascular disease (I69. with final characters -28),,
18,R47.82,Fluency disorder in conditions classified elsewhere,excludes1,adult onset fluency disorder (F98.5),F98.5,F98
18,R47.82,Fluency disorder in conditions classified elsewhere,excludes1,childhood onset fluency disorder (F80.81),F80.81,F80
18,R47.82,Fluency disorder in conditions classified elsewhere,excludes1,fluency disorder (stuttering) following cerebrovascular disease (I69. with final characters -23),,
18,R48,"Dyslexia and other symbolic dysfunctions, not elsewhere classified",excludes1,specific developmental disorders of scholastic skills (F81.-),F81.-,F81
18,R48.1,Agnosia,excludes1,visual object agnosia (R48.3),R48.3,R48
18,R48.2,Apraxia,excludes1,apraxia following cerebrovascular disease (I69. with final characters -90),,
18,R49,Voice and resonance disorders,excludes1,psychogenic voice and resonance disorders (F44.4),F44.4,F44
18,R50,Fever of other and unknown origin,excludes1,chills without fever (R68.83),R68.83,R68
18,R50,Fever of other and unknown origin,excludes1,febrile convulsions (R56.0-),R56.0-,R56
18,R50,Fever of other and unknown origin,excludes1,fever of unknown origin during labor (O75.2),O75.2,O75
18,R50,Fever of other and unknown origin,excludes1,fever of unknown origin in newborn (P81.9),P81.9,P81
18,R50,Fever of other and unknown origin,excludes1,hypothermia due to illness (R68.0),R68.0,R68
18,R50,Fever of other and unknown origin,excludes1,malignant hyperthermia due to anesthesia (T88.3),T88.3,T88
18,R50,Fever of other and unknown origin,excludes1,puerperal pyrexia NOS (O86.4),O86.4,O86
18,R50.2,Drug induced fever,excludes1,postvaccination (postimmunization) fever (R50.83),R50.83,R50
18,R50.82,Postprocedural fever,excludes1,postprocedural infection (T81.4-),T81.4-,T81
18,R50.82,Postprocedural fever,excludes1,posttransfusion fever (R50.84),R50.84,R50
18,R50.82,Postprocedural fever,excludes1,postvaccination (postimmunization) fever (R50.83),R50.83,R50
18,R52,"Pain, unspecified",excludes1,"acute and chronic pain, not elsewhere classified (G89.-)",G89.-,G89
18,R52,"Pain, unspecified",excludes1,"localized pain, unspecified type - code to pain by site, such as:",,
18,R52,"Pain, unspecified",excludes1,abdomen pain (R10.-),R10.-,R10
18,R52,"Pain, unspecified",excludes1,back pain (M54.9),M54.9,M54
18,R52,"Pain, unspecified",excludes1,breast pain (N64.4),N64.4,N64
18,R52,"Pain, unspecified",excludes1,chest pain (R07.1-R07.9),R07.1-R07.9,R07
18,R52,"Pain, unspecified",excludes1,ear pain (H92.0-),H92.0-,H92
18,R52,"Pain, unspecified",excludes1,eye pain (H57.1),H57.1,H57
18,R52,"Pain, unspecified",excludes1,headache (R51.9),R51.9,R51
18,R52,"Pain, unspecified",excludes1,joint pain (M25.5-),M25.5-,M25
18,R52,"Pain, unspecified",excludes1,limb pain (M79.6-),M79.6-,M79
18,R52,"Pain, unspecified",excludes1,lumbar region pain (M54.5-),M54.5-,M54
18,R52,"Pain, unspecified",excludes1,pelvic and perineal pain (R10.2-),R10.2-,R10
18,R52,"Pain, unspecified",excludes1,shoulder pain (M25.51-),M25.51-,M25
18,R52,"Pain, unspecified",excludes1,spine pain (M54.-),M54.-,M54
18,R52,"Pain, unspecified",excludes1,throat pain (R07.0),R07.0,R07
18,R52,"Pain, unspecified",excludes1,tongue pain (K14.6),K14.6,K14
18,R52,"Pain, unspecified",excludes1,tooth pain (K08.8),K08.8,K08
18,R52,"Pain, unspecified",excludes1,renal colic (N23),N23,N23
18,R52,"Pain, unspecified",excludes1,pain disorders exclusively related to psychological factors (F45.41),F45.41,F45
18,R53.1,Weakness,excludes1,age-related weakness (R54),R54,R54
18,R53.1,Weakness,excludes1,muscle weakness (generalized) (M62.81),M62.81,M62
18,R53.1,Weakness,excludes1,sarcopenia (M62.84),M62.84,M62
18,R53.1,Weakness,excludes1,senile asthenia (R54),R54,R54
18,R53.2,Functional quadriplegia,excludes1,frailty NOS (R54),R54,R54
18,R53.2,Functional quadriplegia,excludes1,hysterical paralysis (F44.4),F44.4,F44
18,R53.2,Functional quadriplegia,excludes1,immobility syndrome (M62.3),M62.3,M62
18,R53.2,Functional quadriplegia,excludes1,neurologic quadriplegia (G82.5-),G82.5-,G82
18,R53.2,Functional quadriplegia,excludes1,quadriplegia (G82.50),G82.50,G82
18,R53.8,Other malaise and fatigue,excludes1,combat exhaustion and fatigue (F43.0),F43.0,F43
18,R53.8,Other malaise and fatigue,excludes1,congenital debility (P96.9),P96.9,P96
18,R53.8,Other malaise and fatigue,excludes1,exhaustion and fatigue due to excessive exertion (T73.3),T73.3,T73
18,R53.8,Other malaise and fatigue,excludes1,exhaustion and fatigue due to exposure (T73.2),T73.2,T73
18,R53.8,Other malaise and fatigue,excludes1,exhaustion and fatigue due to heat (T67.-),T67.-,T67
18,R53.8,Other malaise and fatigue,excludes1,exhaustion and fatigue due to pregnancy (O26.8-),O26.8-,O26
18,R53.8,Other malaise and fatigue,excludes1,exhaustion and fatigue due to recurrent depressive episode (F33-),F33-,F33
18,R53.8,Other malaise and fatigue,excludes1,exhaustion and fatigue due to senile debility (R54),R54,R54
18,R53.81,Other malaise,excludes1,age-related physical debility (R54),R54,R54
18,R53.82,"Chronic fatigue, unspecified",excludes1,chronic fatigue syndrome (G93.32),G93.32,G93
18,R53.82,"Chronic fatigue, unspecified",excludes1,myalgic encephalomyelitis (G93.32),G93.32,G93
18,R53.82,"Chronic fatigue, unspecified",excludes1,other post infection and related fatigue syndromes (G93.39),G93.39,G93
18,R53.82,"Chronic fatigue, unspecified",excludes1,postviral fatigue syndrome (G93.31),G93.31,G93
18,R54,Age-related physical debility,excludes1,age-related cognitive decline (R41.81),R41.81,R41
18,R54,Age-related physical debility,excludes1,sarcopenia (M62.84),M62.84,M62
18,R54,Age-related physical debility,excludes1,senile psychosis (F03.-),F03.-,F03
18,R54,Age-related physical debility,excludes1,senility NOS (R41.81),R41.81,R41
18,R55,Syncope and collapse,excludes1,cardiogenic shock (R57.0),R57.0,R57
18,R55,Syncope and collapse,excludes1,carotid sinus syncope (G90.01),G90.01,G90
18,R55,Syncope and collapse,excludes1,heat syncope (T67.1),T67.1,T67
18,R55,Syncope and collapse,excludes1,neurocirculatory asthenia (F45.8),F45.8,F45
18,R55,Syncope and collapse,excludes1,neurogenic orthostatic hypotension (G90.3),G90.3,G90
18,R55,Syncope and collapse,excludes1,orthostatic hypotension (I95.1),I95.1,I95
18,R55,Syncope and collapse,excludes1,postprocedural shock (T81.1-),T81.1-,T81
18,R55,Syncope and collapse,excludes1,psychogenic syncope (F48.8),F48.8,F48
18,R55,Syncope and collapse,excludes1,shock NOS (R57.9),R57.9,R57
18,R55,Syncope and collapse,excludes1,"shock complicating or following abortion or ectopic or molar pregnancy (O00-O07, O08.3)",O00-O07; O08.3,O00; O08
18,R55,Syncope and collapse,excludes1,shock complicating or following labor and delivery (O75.1),O75.1,O75
18,R55,Syncope and collapse,excludes1,Stokes-Adams attack (I45.9),I45.9,I45
18,R55,Syncope and collapse,excludes1,unconsciousness NOS (R40.2-),R40.2-,R40
18,R56,"Convulsions, not elsewhere classified",excludes1,dissociative convulsions and seizures (F44.5),F44.5,F44
18,R56,"Convulsions, not elsewhere classified",excludes1,epileptic convulsions and seizures (G40.-),G40.-,G40
18,R56,"Convulsions, not elsewhere classified",excludes1,newborn convulsions and seizures (P90),P90,P90
18,R56.01,Complex febrile convulsions,excludes1,status epilepticus (G40.901),G40.901,G40
18,R56.1,Post traumatic seizures,excludes1,post traumatic epilepsy (G40.-),G40.-,G40
18,R57,"Shock, not elsewhere classified",excludes1,anaphylactic shock NOS (T78.2),T78.2,T78
18,R57,"Shock, not elsewhere classified",excludes1,anaphylactic reaction or shock due to adverse food reaction (T78.0-),T78.0-,T78
18,R57,"Shock, not elsewhere classified",excludes1,anaphylactic shock due to adverse effect of correct drug or medicament properly administered (T88.6),T88.6,T88
18,R57,"Shock, not elsewhere classified",excludes1,anaphylactic shock due to serum (T80.5-),T80.5-,T80
18,R57,"Shock, not elsewhere classified",excludes1,electric shock (T75.4),T75.4,T75
18,R57,"Shock, not elsewhere classified",excludes1,obstetric shock (O75.1),O75.1,O75
18,R57,"Shock, not elsewhere classified",excludes1,postprocedural shock (T81.1-),T81.1-,T81
18,R57,"Shock, not elsewhere classified",excludes1,psychic shock (F43.0),F43.0,F43
18,R57,"Shock, not elsewhere classified",excludes1,"shock complicating or following ectopic or molar pregnancy (O00-O07, O08.3)",O00-O07; O08.3,O00; O08
18,R57,"Shock, not elsewhere classified",excludes1,shock due to anesthesia (T88.2),T88.2,T88
18,R57,"Shock, not elsewhere classified",excludes1,shock due to lightning (T75.01),T75.01,T75
18,R57,"Shock, not elsewhere classified",excludes1,traumatic shock (T79.4),T79.4,T79
18,R57,"Shock, not elsewhere classified",excludes1,toxic shock syndrome (A48.3),A48.3,A48
18,R58,"Hemorrhage, not elsewhere classified",excludes1,"hemorrhage included with underlying conditions, such as:",,
18,R58,"Hemorrhage, not elsewhere classified",excludes1,acute duodenal ulcer with hemorrhage (K26.0),K26.0,K26
18,R58,"Hemorrhage, not elsewhere classified",excludes1,acute gastritis with bleeding (K29.01),K29.01,K29
18,R58,"Hemorrhage, not elsewhere classified",excludes1,ulcerative enterocolitis with rectal bleeding (K51.01),K51.01,K51
18,R59,Enlarged lymph nodes,excludes1,lymphadenitis NOS (I88.9),I88.9,I88
18,R59,Enlarged lymph nodes,excludes1,acute lymphadenitis (L04.-),L04.-,L04
18,R59,Enlarged lymph nodes,excludes1,chronic lymphadenitis (I88.1),I88.1,I88
18,R59,Enlarged lymph nodes,excludes1,mesenteric (acute) (chronic) lymphadenitis (I88.0),I88.0,I88
18,R60,"Edema, not elsewhere classified",excludes1,angioneurotic edema (T78.3),T78.3,T78
18,R60,"Edema, not elsewhere classified",excludes1,ascites (R18.-),R18.-,R18
18,R60,"Edema, not elsewhere classified",excludes1,cerebral edema (G93.6),G93.6,G93
18,R60,"Edema, not elsewhere classified",excludes1,cerebral edema due to birth injury (P11.0),P11.0,P11
18,R60,"Edema, not elsewhere classified",excludes1,edema of larynx (J38.4),J38.4,J38
18,R60,"Edema, not elsewhere classified",excludes1,edema of nasopharynx (J39.2),J39.2,J39
18,R60,"Edema, not elsewhere classified",excludes1,edema of pharynx (J39.2),J39.2,J39
18,R60,"Edema, not elsewhere classified",excludes1,gestational edema (O12.0-),O12.0-,O12
18,R60,"Edema, not elsewhere classified",excludes1,hereditary edema (Q82.0),Q82.0,Q82
18,R60,"Edema, not elsewhere classified",excludes1,hydrops fetalis NOS (P83.2),P83.2,P83
18,R60,"Edema, not elsewhere classified",excludes1,hydrothorax (J94.8),J94.8,J94
18,R60,"Edema, not elsewhere classified",excludes1,newborn edema (P83.3),P83.3,P83
18,R60,"Edema, not elsewhere classified",excludes1,pulmonary edema (J81.-),J81.-,J81
18,R61,Generalized hyperhidrosis,excludes1,focal (primary) (secondary) hyperhidrosis (L74.5-),L74.5-,L74
18,R61,Generalized hyperhidrosis,excludes1,Frey's syndrome (L74.52),L74.52,L74
18,R61,Generalized hyperhidrosis,excludes1,localized (primary) (secondary) hyperhidrosis (L74.5-),L74.5-,L74
18,R62,Lack of expected normal physiological development in childhood and adults,excludes1,delayed puberty (E30.0),E30.0,E30
18,R62,Lack of expected normal physiological development in childhood and adults,excludes1,gonadal dysgenesis (Q99.1),Q99.1,Q99
18,R62,Lack of expected normal physiological development in childhood and adults,excludes1,hypopituitarism (E23.0),E23.0,E23
18,R62.5,Other and unspecified lack of expected normal physiological development in childhood,excludes1,HIV disease resulting in failure to thrive (B20),B20,B20
18,R62.5,Other and unspecified lack of expected normal physiological development in childhood,excludes1,physical retardation due to malnutrition (E45),E45,E45
18,R62.51,Failure to thrive (child),excludes1,failure to thrive in child under 28 days old (P92.6),P92.6,P92
18,R62.52,Short stature (child),excludes1,short stature due to endocrine disorder (E34.3-),E34.3-,E34
18,R63,Symptoms and signs concerning food and fluid intake,excludes1,bulimia NOS (F50.2-),F50.2-,F50
18,R63.0,Anorexia,excludes1,anorexia nervosa (F50.0-),F50.0-,F50
18,R63.0,Anorexia,excludes1,loss of appetite of nonorganic origin (F50.89),F50.89,F50
18,R63.5,Abnormal weight gain,excludes1,excessive weight gain in pregnancy (O26.0-),O26.0-,O26
18,R63.5,Abnormal weight gain,excludes1,obesity (E66.-),E66.-,E66
18,R63.6,Underweight,excludes1,abnormal weight loss (R63.4),R63.4,R63
18,R63.6,Underweight,excludes1,anorexia nervosa (F50.0-),F50.0-,F50
18,R63.6,Underweight,excludes1,malnutrition (E40-E46),E40-E46,E40
18,R64,Cachexia,excludes1,abnormal weight loss (R63.4),R63.4,R63
18,R64,Cachexia,excludes1,cachexia due to underlying condition (E88.A),E88.A,E88
18,R64,Cachexia,excludes1,nutritional marasmus (E41),E41,E41
18,R65.1,Systemic inflammatory response syndrome (SIRS) of non-infectious origin,excludes1,sepsis- code to infection,,
18,R65.1,Systemic inflammatory response syndrome (SIRS) of non-infectious origin,excludes1,severe sepsis (R65.2),R65.2,R65
18,R65.21,Severe sepsis with septic shock,excludes1,postprocedural septic shock (T81.12-),T81.12-,T81
18,R68.0,"Hypothermia, not associated with low environmental temperature",excludes1,hypothermia NOS (accidental) (T68),T68,T68
18,R68.0,"Hypothermia, not associated with low environmental temperature",excludes1,hypothermia due to anesthesia (T88.51),T88.51,T88
18,R68.0,"Hypothermia, not associated with low environmental temperature",excludes1,hypothermia due to low environmental temperature (T68),T68,T68
18,R68.0,"Hypothermia, not associated with low environmental temperature",excludes1,newborn hypothermia (P80.-),P80.-,P80
18,R68.1,Nonspecific symptoms peculiar to infancy,excludes1,"colic, infantile (R10.83)",R10.83,R10
18,R68.1,Nonspecific symptoms peculiar to infancy,excludes1,neonatal cerebral irritability (P91.3),P91.3,P91
18,R68.1,Nonspecific symptoms peculiar to infancy,excludes1,teething syndrome (K00.7),K00.7,K00
18,R68.11,Excessive crying of infant (baby),excludes1,"excessive crying of child, adolescent, or adult (R45.83)",R45.83,R45
18,R68.2,"Dry mouth, unspecified",excludes1,dry mouth due to dehydration (E86.0),E86.0,E86
18,R68.2,"Dry mouth, unspecified",excludes1,dry mouth due to Sjögren syndrome (M35.0-),M35.0-,M35
18,R68.3,Clubbing of fingers,excludes1,congenital clubfinger (Q68.1),Q68.1,Q68
18,R68.83,Chills (without fever),excludes1,chills with fever (R50.9),R50.9,R50
18,R68.84,Jaw pain,excludes1,temporomandibular joint arthralgia (M26.62-),M26.62-,M26
18,R71,Abnormality of red blood cells,excludes1,anemias (D50-D64),D50-D64,D50
18,R71,Abnormality of red blood cells,excludes1,anemia of premature infant (P61.2),P61.2,P61
18,R71,Abnormality of red blood cells,excludes1,benign (familial) polycythemia (D75.0),D75.0,D75
18,R71,Abnormality of red blood cells,excludes1,congenital anemias (P61.2-P61.4),P61.2-P61.4,P61
18,R71,Abnormality of red blood cells,excludes1,newborn anemia due to isoimmunization (P55.-),P55.-,P55
18,R71,Abnormality of red blood cells,excludes1,polycythemia neonatorum (P61.1),P61.1,P61
18,R71,Abnormality of red blood cells,excludes1,polycythemia NOS (D75.1),D75.1,D75
18,R71,Abnormality of red blood cells,excludes1,polycythemia vera (D45),D45,D45
18,R71,Abnormality of red blood cells,excludes1,secondary polycythemia (D75.1),D75.1,D75
18,R73,Elevated blood glucose level,excludes1,diabetes mellitus (E08-E13),E08-E13,E08
18,R73,Elevated blood glucose level,excludes1,"diabetes mellitus in pregnancy, childbirth and the puerperium (O24.-)",O24.-,O24
18,R73,Elevated blood glucose level,excludes1,neonatal disorders (P70.0-P70.2),P70.0-P70.2,P70
18,R73,Elevated blood glucose level,excludes1,postsurgical hypoinsulinemia (E89.1),E89.1,E89
18,R73.0,Abnormal glucose,excludes1,abnormal glucose in pregnancy (O99.81-),O99.81-,O99
18,R73.0,Abnormal glucose,excludes1,diabetes mellitus (E08-E13),E08-E13,E08
18,R73.0,Abnormal glucose,excludes1,dysmetabolic syndrome X (E88.81-),E88.81-,E88
18,R73.0,Abnormal glucose,excludes1,gestational diabetes (O24.4-),O24.4-,O24
18,R73.0,Abnormal glucose,excludes1,glycosuria (R81),R81,R81
18,R73.0,Abnormal glucose,excludes1,hypoglycemia (E16.2),E16.2,E16
18,R73.0,Abnormal glucose,excludes1,"type 1 diabetes mellitus, presymptomatic (E10.A-)",E10.A-,E10
18,R75,Inconclusive laboratory evidence of human immunodeficiency virus [HIV],excludes1,asymptomatic human immunodeficiency virus [HIV] infection status (Z21),Z21,Z21
18,R75,Inconclusive laboratory evidence of human immunodeficiency virus [HIV],excludes1,human immunodeficiency virus [HIV] disease (B20),B20,B20
18,R76.0,Raised antibody titer,excludes1,isoimmunization in pregnancy (O36.0-O36.1),O36.0-O36.1,O36
18,R76.0,Raised antibody titer,excludes1,isoimmunization affecting newborn (P55.-),P55.-,P55
18,R76.11,Nonspecific reaction to tuberculin skin test without active tuberculosis,excludes1,nonspecific reaction to cell mediated immunity measurement of gamma interferon antigen response without active tuberculosis (R76.12),R76.12,R76
18,R76.12,Nonspecific reaction to cell mediated immunity measurement of gamma interferon antigen response without active tuberculosis,excludes1,nonspecific reaction to tuberculin skin test without active tuberculosis (R76.11),R76.11,R76
18,R76.12,Nonspecific reaction to cell mediated immunity measurement of gamma interferon antigen response without active tuberculosis,excludes1,positive tuberculin skin test (R76.11),R76.11,R76
18,R76.81,Abnormal rheumatoid factor and anti-citrullinated protein antibody without rheumatoid arthritis,excludes1,rheumatoid arthritis with rheumatoid factor (M05.-),M05.-,M05
18,R77,Other abnormalities of plasma proteins,excludes1,disorders of plasma-protein metabolism (E88.0-),E88.0-,E88
18,R78.71,Abnormal lead level in blood,excludes1,lead poisoning (T56.0-),T56.0-,T56
18,R78.72,Abnormal gadolinium level in blood,excludes1,toxic effect of gadolinium (T56.82-),T56.82-,T56
18,R78.81,Bacteremia,excludes1,sepsis-code to specified infection,,
18,R79,Other abnormal findings of blood chemistry,excludes1,asymptomatic hyperuricemia (E79.0),E79.0,E79
18,R79,Other abnormal findings of blood chemistry,excludes1,hypoglycemia NOS (E16.2),E16.2,E16
18,R79,Other abnormal findings of blood chemistry,excludes1,neonatal hypoglycemia (P70.3-P70.4),P70.3-P70.4,P70
18,R79,Other abnormal findings of blood chemistry,excludes1,specific findings indicating disorder of amino-acid metabolism (E70-E72),E70-E72,E70
18,R79,Other abnormal findings of blood chemistry,excludes1,specific findings indicating disorder of carbohydrate metabolism (E73-E74),E73-E74,E73
18,R79,Other abnormal findings of blood chemistry,excludes1,specific findings indicating disorder of lipid metabolism (E75.-),E75.-,E75
18,R79.0,Abnormal level of blood mineral,excludes1,abnormal level of lithium (R78.89),R78.89,R78
18,R79.0,Abnormal level of blood mineral,excludes1,disorders of mineral metabolism (E83.-),E83.-,E83
18,R79.0,Abnormal level of blood mineral,excludes1,neonatal hypomagnesemia (P71.2),P71.2,P71
18,R79.0,Abnormal level of blood mineral,excludes1,nutritional mineral deficiency (E58-E61),E58-E61,E58
18,R79.1,Abnormal coagulation profile,excludes1,coagulation defects (D68.-),D68.-,D68
18,R79.83,Abnormal findings of blood amino-acid level,excludes1,disorders of amino-acid metabolism (E70-E72),E70-E72,E70
18,Block R80-R82,"Abnormal findings on examination of urine, without diagnosis (R80-R82)",excludes1,abnormal findings on antenatal screening of mother (O28.-),O28.-,O28
18,Block R80-R82,"Abnormal findings on examination of urine, without diagnosis (R80-R82)",excludes1,diagnostic abnormal findings classified elsewhere - see Alphabetical Index,,
18,Block R80-R82,"Abnormal findings on examination of urine, without diagnosis (R80-R82)",excludes1,specific findings indicating disorder of amino-acid metabolism (E70-E72),E70-E72,E70
18,Block R80-R82,"Abnormal findings on examination of urine, without diagnosis (R80-R82)",excludes1,specific findings indicating disorder of carbohydrate metabolism (E73-E74),E73-E74,E73
18,R80,Proteinuria,excludes1,gestational proteinuria (O12.1-),O12.1-,O12
18,R80.0,Isolated proteinuria,excludes1,isolated proteinuria with specific morphological lesion (N06.-),N06.-,N06
18,R81,Glycosuria,excludes1,renal glycosuria (E74.818),E74.818,E74
18,R82.0,Chyluria,excludes1,filarial chyluria (B74.-),B74.-,B74
18,R82.3,Hemoglobinuria,excludes1,hemoglobinuria due to hemolysis from external causes NEC (D59.6),D59.6,D59
18,R82.3,Hemoglobinuria,excludes1,hemoglobinuria due to paroxysmal nocturnal [Marchiafava-Micheli] (D59.5),D59.5,D59
18,R82.7,Abnormal findings on microbiological examination of urine,excludes1,colonization status (Z22.-),Z22.-,Z22
18,R82.91,Other chromoabnormalities of urine,excludes1,hemoglobinuria (R82.3),R82.3,R82
18,R82.91,Other chromoabnormalities of urine,excludes1,myoglobinuria (R82.1),R82.1,R82
18,R82.992,Hyperoxaluria,excludes1,primary hyperoxaluria (E72.53-),E72.53-,E72
18,R82.992,Hyperoxaluria,excludes1,secondary hyperoxaluria (E72.54-),E72.54-,E72
18,Block R83-R89,"Abnormal findings on examination of other body fluids, substances and tissues, without diagnosis (R83-R89)",excludes1,abnormal findings on antenatal screening of mother (O28.-),O28.-,O28
18,Block R83-R89,"Abnormal findings on examination of other body fluids, substances and tissues, without diagnosis (R83-R89)",excludes1,diagnostic abnormal findings classified elsewhere - see Alphabetical Index,,
18,R83.5,Abnormal microbiological findings in cerebrospinal fluid,excludes1,colonization status (Z22.-),Z22.-,Z22
18,R84,Abnormal findings in specimens from respiratory organs and thorax,excludes1,blood-stained sputum (R04.2),R04.2,R04
18,R84.5,Abnormal microbiological findings in specimens from respiratory organs and thorax,excludes1,colonization status (Z22.-),Z22.-,Z22
18,R85,Abnormal findings in specimens from digestive organs and abdominal cavity,excludes1,cloudy peritoneal dialysis effluent (R88.0),R88.0,R88
18,R85,Abnormal findings in specimens from digestive organs and abdominal cavity,excludes1,fecal abnormalities (R19.5),R19.5,R19
18,R85.5,Abnormal microbiological findings in specimens from digestive organs and abdominal cavity,excludes1,colonization status (Z22.-),Z22.-,Z22
18,R85.61,Abnormal cytologic smear of anus,excludes1,abnormal cytological findings in specimens from other digestive organs and abdominal cavity (R85.69),R85.69,R85
18,R85.61,Abnormal cytologic smear of anus,excludes1,carcinoma in situ of anus (histologically confirmed) (D01.3),D01.3,D01
18,R85.61,Abnormal cytologic smear of anus,excludes1,anal intraepithelial neoplasia I [AIN I] (K62.82),K62.82,K62
18,R85.61,Abnormal cytologic smear of anus,excludes1,anal intraepithelial neoplasia II [AIN II] (K62.82),K62.82,K62
18,R85.61,Abnormal cytologic smear of anus,excludes1,anal intraepithelial neoplasia III [AIN III] (D01.3),D01.3,D01
18,R85.61,Abnormal cytologic smear of anus,excludes1,dysplasia (mild) (moderate) of anus (histologically confirmed) (K62.82),K62.82,K62
18,R85.61,Abnormal cytologic smear of anus,excludes1,severe dysplasia of anus (histologically confirmed) (D01.3),D01.3,D01
18,R85.81,Anal high risk human papillomavirus (HPV) DNA test positive,excludes1,anogenital warts due to human papillomavirus (HPV) (A63.0),A63.0,A63
18,R85.81,Anal high risk human papillomavirus (HPV) DNA test positive,excludes1,condyloma acuminatum (A63.0),A63.0,A63
18,R86,Abnormal findings in specimens from male genital organs,excludes1,azoospermia (N46.0-),N46.0-,N46
18,R86,Abnormal findings in specimens from male genital organs,excludes1,oligospermia (N46.1-),N46.1-,N46
18,R86.5,Abnormal microbiological findings in specimens from male genital organs,excludes1,colonization status (Z22.-),Z22.-,Z22
18,R87.5,Abnormal microbiological findings in specimens from female genital organs,excludes1,colonization status (Z22.-),Z22.-,Z22
18,R87.61,Abnormal cytological findings in specimens from cervix uteri,excludes1,abnormal cytological findings in specimens from other female genital organs (R87.69),R87.69,R87
18,R87.61,Abnormal cytological findings in specimens from cervix uteri,excludes1,abnormal cytological findings in specimens from vagina (R87.62-),R87.62-,R87
18,R87.61,Abnormal cytological findings in specimens from cervix uteri,excludes1,carcinoma in situ of cervix uteri (histologically confirmed) (D06.-),D06.-,D06
18,R87.61,Abnormal cytological findings in specimens from cervix uteri,excludes1,cervical intraepithelial neoplasia I [CIN I] (N87.0),N87.0,N87
18,R87.61,Abnormal cytological findings in specimens from cervix uteri,excludes1,cervical intraepithelial neoplasia II [CIN II] (N87.1),N87.1,N87
18,R87.61,Abnormal cytological findings in specimens from cervix uteri,excludes1,cervical intraepithelial neoplasia III [CIN III] (D06.-),D06.-,D06
18,R87.61,Abnormal cytological findings in specimens from cervix uteri,excludes1,dysplasia (mild) (moderate) of cervix uteri (histologically confirmed) (N87.-),N87.-,N87
18,R87.61,Abnormal cytological findings in specimens from cervix uteri,excludes1,severe dysplasia of cervix uteri (histologically confirmed) (D06.-),D06.-,D06
18,R87.62,Abnormal cytological findings in specimens from vagina,excludes1,abnormal cytological findings in specimens from cervix uteri (R87.61-),R87.61-,R87
18,R87.62,Abnormal cytological findings in specimens from vagina,excludes1,abnormal cytological findings in specimens from other female genital organs (R87.69),R87.69,R87
18,R87.62,Abnormal cytological findings in specimens from vagina,excludes1,carcinoma in situ of vagina (histologically confirmed) (D07.2),D07.2,D07
18,R87.62,Abnormal cytological findings in specimens from vagina,excludes1,vaginal intraepithelial neoplasia I [VAIN I] (N89.0),N89.0,N89
18,R87.62,Abnormal cytological findings in specimens from vagina,excludes1,vaginal intraepithelial neoplasia II [VAIN II] (N89.1),N89.1,N89
18,R87.62,Abnormal cytological findings in specimens from vagina,excludes1,vaginal intraepithelial neoplasia III [VAIN III] (D07.2),D07.2,D07
18,R87.62,Abnormal cytological findings in specimens from vagina,excludes1,dysplasia (mild) (moderate) of vagina (histologically confirmed) (N89.-),N89.-,N89
18,R87.62,Abnormal cytological findings in specimens from vagina,excludes1,severe dysplasia of vagina (histologically confirmed) (D07.2),D07.2,D07
18,R87.69,Abnormal cytological findings in specimens from other female genital organs,excludes1,dysplasia of vulva (histologically confirmed) (N90.0-N90.3),N90.0-N90.3,N90
18,R87.7,Abnormal histological findings in specimens from female genital organs,excludes1,carcinoma in situ (histologically confirmed) of female genital organs (D06-D07.3),D06-D07.3,D06
18,R87.7,Abnormal histological findings in specimens from female genital organs,excludes1,cervical intraepithelial neoplasia I [CIN I] (N87.0),N87.0,N87
18,R87.7,Abnormal histological findings in specimens from female genital organs,excludes1,cervical intraepithelial neoplasia II [CIN II] (N87.1),N87.1,N87
18,R87.7,Abnormal histological findings in specimens from female genital organs,excludes1,cervical intraepithelial neoplasia III [CIN III] (D06.-),D06.-,D06
18,R87.7,Abnormal histological findings in specimens from female genital organs,excludes1,dysplasia (mild) (moderate) of cervix uteri (histologically confirmed) (N87.-),N87.-,N87
18,R87.7,Abnormal histological findings in specimens from female genital organs,excludes1,dysplasia (mild) (moderate) of vagina (histologically confirmed) (N89.-),N89.-,N89
18,R87.7,Abnormal histological findings in specimens from female genital organs,excludes1,vaginal intraepithelial neoplasia I [VAIN I] (N89.0),N89.0,N89
18,R87.7,Abnormal histological findings in specimens from female genital organs,excludes1,vaginal intraepithelial neoplasia II [VAIN II] (N89.1),N89.1,N89
18,R87.7,Abnormal histological findings in specimens from female genital organs,excludes1,vaginal intraepithelial neoplasia III [VAIN III] (D07.2),D07.2,D07
18,R87.7,Abnormal histological findings in specimens from female genital organs,excludes1,severe dysplasia of cervix uteri (histologically confirmed) (D06.-),D06.-,D06
18,R87.7,Abnormal histological findings in specimens from female genital organs,excludes1,severe dysplasia of vagina (histologically confirmed) (D07.2),D07.2,D07
18,R87.81,High risk human papillomavirus (HPV) DNA test positive from female genital organs,excludes1,anogenital warts due to human papillomavirus (HPV) (A63.0),A63.0,A63
18,R87.81,High risk human papillomavirus (HPV) DNA test positive from female genital organs,excludes1,condyloma acuminatum (A63.0),A63.0,A63
18,R89.5,"Abnormal microbiological findings in specimens from other organs, systems and tissues",excludes1,colonization status (Z22.-),Z22.-,Z22
18,Block R90-R94,"Abnormal findings on diagnostic imaging and in function studies, without diagnosis (R90-R94)",excludes1,abnormal findings on antenatal screening of mother (O28.-),O28.-,O28
18,Block R90-R94,"Abnormal findings on diagnostic imaging and in function studies, without diagnosis (R90-R94)",excludes1,diagnostic abnormal findings classified elsewhere - see Alphabetical Index,,
18,R93.0,"Abnormal findings on diagnostic imaging of skull and head, not elsewhere classified",excludes1,intracranial space-occupying lesion found on diagnostic imaging (R90.0),R90.0,R90
18,R94.131,Abnormal electromyogram [EMG],excludes1,electromyogram of eye (R94.113),R94.113,R94
18,R94.31,Abnormal electrocardiogram [ECG] [EKG],excludes1,long QT syndrome (I45.81),I45.81,I45
19,S00,Superficial injury of head,excludes1,diffuse cerebral contusion (S06.2-),S06.2-,S06
19,S00,Superficial injury of head,excludes1,focal cerebral contusion (S06.3-),S06.3-,S06
19,S00,Superficial injury of head,excludes1,injury of eye and orbit (S05.-),S05.-,S05
19,S00,Superficial injury of head,excludes1,open wound of head (S01.-),S01.-,S01
19,S00.07,Other superficial bite of scalp,excludes1,open bite of scalp (S01.05),S01.05,S01
19,S00.27,Other superficial bite of eyelid and periocular area,excludes1,open bite of eyelid and periocular area (S01.15),S01.15,S01
19,S00.37,Other superficial bite of nose,excludes1,open bite of nose (S01.25),S01.25,S01
19,S00.47,Other superficial bite of ear,excludes1,open bite of ear (S01.35),S01.35,S01
19,S00.571,Other superficial bite of lip,excludes1,open bite of lip (S01.551),S01.551,S01
19,S00.572,Other superficial bite of oral cavity,excludes1,open bite of oral cavity (S01.552),S01.552,S01
19,S00.87,Other superficial bite of other part of head,excludes1,open bite of other part of head (S01.85),S01.85,S01
19,S00.97,Other superficial bite of unspecified part of head,excludes1,open bite of head (S01.95),S01.95,S01
19,S01,Open wound of head,excludes1,open skull fracture (S02.- with 7th character B),,
19,S01.0,Open wound of scalp,excludes1,avulsion of scalp (S08.0-),S08.0-,S08
19,S01.05,Open bite of scalp,excludes1,"superficial bite of scalp (S00.06, S00.07-)",S00.06; S00.07-,S00
19,S01.15,Open bite of eyelid and periocular area,excludes1,"superficial bite of eyelid and periocular area (S00.26, S00.27)",S00.26; S00.27,S00
19,S01.25,Open bite of nose,excludes1,"superficial bite of nose (S00.36, S00.37)",S00.36; S00.37,S00
19,S01.35,Open bite of ear,excludes1,"superficial bite of ear (S00.46, S00.47)",S00.46; S00.47,S00
19,S01.551,Open bite of lip,excludes1,superficial bite of lip (S00.571),S00.571,S00
19,S01.552,Open bite of oral cavity,excludes1,superficial bite of oral cavity (S00.572),S00.572,S00
19,S01.85,Open bite of other part of head,excludes1,superficial bite of other part of head (S00.87),S00.87,S00
19,S01.95,Open bite of unspecified part of head,excludes1,superficial bite of head NOS (S00.97),S00.97,S00
19,S02.3,Fracture of orbital floor,excludes1,orbit NOS (S02.85),S02.85,S02
19,S02.5,Fracture of tooth (traumatic),excludes1,cracked tooth (nontraumatic) (K03.81),K03.81,K03
19,S02.85,"Fracture of orbit, unspecified",excludes1,lateral orbital wall (S02.84-),S02.84-,S02
19,S02.85,"Fracture of orbit, unspecified",excludes1,medial orbital wall (S02.83-),S02.83-,S02
19,S02.85,"Fracture of orbit, unspecified",excludes1,orbital floor (S02.3-),S02.3-,S02
19,S02.85,"Fracture of orbit, unspecified",excludes1,orbital roof (S02.12-),S02.12-,S02
19,S05.0,Injury of conjunctiva and corneal abrasion without foreign body,excludes1,foreign body in conjunctival sac (T15.1),T15.1,T15
19,S05.0,Injury of conjunctiva and corneal abrasion without foreign body,excludes1,foreign body in cornea (T15.0),T15.0,T15
19,S06,Intracranial injury,excludes1,head injury NOS (S09.90),S09.90,S09
19,S06.0,Concussion,excludes1,"concussion with other intracranial injuries classified in subcategories S06.1- to S06.6-, and S06.81- to S06.89-, code to specified intracranial injury",,
19,S06.2,Diffuse traumatic brain injury,excludes1,traumatic diffuse cerebral edema (S06.1X-),S06.1X-,S06
19,S06.89,Other specified intracranial injury,excludes1,concussion (S06.0X-),S06.0X-,S06
19,S06.9,Unspecified intracranial injury,excludes1,conditions classifiable to S06.0- to S06.8-code to specified intracranial injury,,
19,S06.9,Unspecified intracranial injury,excludes1,head injury NOS (S09.90),S09.90,S09
19,S09.0,"Injury of blood vessels of head, not elsewhere classified",excludes1,injury of cerebral blood vessels (S06.-),S06.-,S06
19,S09.0,"Injury of blood vessels of head, not elsewhere classified",excludes1,injury of precerebral blood vessels (S15.-),S15.-,S15
19,S09.2,Traumatic rupture of ear drum,excludes1,traumatic rupture of ear drum due to blast injury (S09.31-),S09.31-,S09
19,S09.3,Other specified and unspecified injury of middle and inner ear,excludes1,injury to ear NOS (S09.91-),S09.91-,S09
19,S09.90,Unspecified injury of head,excludes1,brain injury NOS (S06.9-),S06.9-,S06
19,S09.90,Unspecified injury of head,excludes1,head injury NOS with loss of consciousness (S06.9-),S06.9-,S06
19,S09.90,Unspecified injury of head,excludes1,intracranial injury NOS (S06.9-),S06.9-,S06
19,S10.17,Other superficial bite of throat,excludes1,open bite of throat (S11.85),S11.85,S11
19,S10.87,Other superficial bite of other specified part of neck,excludes1,open bite of other specified parts of neck (S11.85),S11.85,S11
19,S11.2,Open wound of pharynx and cervical esophagus,excludes1,open wound of esophagus NOS (S27.8-),S27.8-,S27
19,S11.85,Open bite of other specified part of neck,excludes1,superficial bite of other specified part of neck (S10.87),S10.87,S10
19,S11.95,Open bite of unspecified part of neck,excludes1,superficial bite of neck (S10.97),S10.97,S10
19,S13.0,Traumatic rupture of cervical intervertebral disc,excludes1,rupture or displacement (nontraumatic) of cervical intervertebral disc NOS (M50.-),M50.-,M50
19,S15.0,Injury of carotid artery of neck,excludes1,"injury of internal carotid artery, intracranial portion (S06.8)",S06.8,S06
19,S20.17,Other superficial bite of breast,excludes1,open bite of breast (S21.05-),S21.05-,S21
19,S20.37,Other superficial bite of front wall of thorax,excludes1,open bite of front wall of thorax (S21.14),S21.14,S21
19,S20.47,Other superficial bite of back wall of thorax,excludes1,open bite of back wall of thorax (S21.24),S21.24,S21
19,S20.9,Superficial injury of unspecified parts of thorax,excludes1,contusion of thorax NOS (S20.20),S20.20,S20
19,S20.97,Other superficial bite of unspecified parts of thorax,excludes1,open bite of thorax NOS (S21.95),S21.95,S21
19,S21,Open wound of thorax,excludes1,traumatic amputation (partial) of thorax (S28.1),S28.1,S28
19,S21.05,Open bite of breast,excludes1,superficial bite of breast (S20.17),S20.17,S20
19,S21.15,Open bite of front wall of thorax without penetration into thoracic cavity,excludes1,superficial bite of front wall of thorax (S20.37),S20.37,S20
19,S21.25,Open bite of back wall of thorax without penetration into thoracic cavity,excludes1,superficial bite of back wall of thorax (S20.47),S20.47,S20
19,S21.35,Open bite of front wall of thorax with penetration into thoracic cavity,excludes1,superficial bite of front wall of thorax (S20.37),S20.37,S20
19,S21.45,Open bite of back wall of thorax with penetration into thoracic cavity,excludes1,superficial bite of back wall of thorax (S20.47),S20.47,S20
19,S21.95,Open bite of unspecified part of thorax,excludes1,superficial bite of thorax (S20.97),S20.97,S20
19,S22,"Fracture of rib(s), sternum and thoracic spine",excludes1,transection of thorax (S28.1),S28.1,S28
19,S22.4,Multiple fractures of ribs,excludes1,flail chest (S22.5-),S22.5-,S22
19,S23.0,Traumatic rupture of thoracic intervertebral disc,excludes1,rupture or displacement (nontraumatic) of thoracic intervertebral disc NOS (M51.- with fifth character 4),,
19,S27.0,Traumatic pneumothorax,excludes1,spontaneous pneumothorax (J93.-),J93.-,J93
19,S28.0,Crushed chest,excludes1,flail chest (S22.5),S22.5,S22
19,S30.87,"Other superficial bite of abdomen, lower back, pelvis and external genitals",excludes1,"open bite of abdomen, lower back, pelvis and external genitals (S31.05, S31.15, S31.25, S31.35, S31.45, S31.55)",S31.05; S31.15; S31.25; S31.35; S31.45; S31.55,S31
19,S31,"Open wound of abdomen, lower back, pelvis and external genitals",excludes1,"traumatic amputation of part of abdomen, lower back and pelvis (S38.2-, S38.3)",S38.2-; S38.3,S38
19,S31.05,Open bite of lower back and pelvis,excludes1,"superficial bite of lower back and pelvis (S30.860, S30.870)",S30.860; S30.870,S30
19,S31.15,Open bite of abdominal wall without penetration into peritoneal cavity,excludes1,superficial bite of abdominal wall (S30.871),S30.871,S30
19,S31.25,Open bite of penis,excludes1,"superficial bite of penis (S30.862, S30.872)",S30.862; S30.872,S30
19,S31.35,Open bite of scrotum and testes,excludes1,"superficial bite of scrotum and testes (S30.863, S30.873)",S30.863; S30.873,S30
19,S31.4,Open wound of vagina and vulva,excludes1,"injury to vagina and vulva during delivery (O70.-, O71.4)",O70.-; O71.4,O70; O71
19,S31.45,Open bite of vagina and vulva,excludes1,"superficial bite of vagina and vulva (S30.864, S30.874)",S30.864; S30.874,S30
19,S31.5,Open wound of unspecified external genital organs,excludes1,"traumatic amputation of external genital organs (S38.21, S38.22)",S38.21; S38.22,S38
19,S31.55,Open bite of unspecified external genital organs,excludes1,"superficial bite of unspecified external genital organs (S30.865, S30.866, S30.875, S30.876)",S30.865; S30.866; S30.875; S30.876,S30
19,S31.65,Open bite of abdominal wall with penetration into peritoneal cavity,excludes1,"superficial bite of abdominal wall (S30.861, S30.871)",S30.861; S30.871,S30
19,S31.805,Open bite of unspecified buttock,excludes1,superficial bite of buttock (S30.870),S30.870,S30
19,S31.815,Open bite of right buttock,excludes1,superficial bite of buttock (S30.870),S30.870,S30
19,S31.825,Open bite of left buttock,excludes1,superficial bite of buttock (S30.870),S30.870,S30
19,S31.835,Open bite of anus,excludes1,superficial bite of anus (S30.877),S30.877,S30
19,S32,Fracture of lumbar spine and pelvis,excludes1,transection of abdomen (S38.3),S38.3,S38
19,S32.3,Fracture of ilium,excludes1,fracture of ilium with associated disruption of pelvic ring (S32.8-),S32.8-,S32
19,S32.5,Fracture of pubis,excludes1,fracture of pubis with associated disruption of pelvic ring (S32.8-),S32.8-,S32
19,S32.6,Fracture of ischium,excludes1,fracture of ischium with associated disruption of pelvic ring (S32.8-),S32.8-,S32
19,S33,Dislocation and sprain of joints and ligaments of lumbar spine and pelvis,excludes1,nontraumatic rupture or displacement of lumbar intervertebral disc NOS (M51.-),M51.-,M51
19,S33,Dislocation and sprain of joints and ligaments of lumbar spine and pelvis,excludes1,obstetric damage to pelvic joints and ligaments (O71.6),O71.6,O71
19,S33.0,Traumatic rupture of lumbar intervertebral disc,excludes1,rupture or displacement (nontraumatic) of lumbar intervertebral disc NOS (M51.- with fifth character 6),,
19,S35.0,Injury of abdominal aorta,excludes1,injury of aorta NOS (S25.0),S25.0,S25
19,S35.1,Injury of inferior vena cava,excludes1,injury of vena cava NOS (S25.2),S25.2,S25
19,S37,Injury of urinary and pelvic organs,excludes1,obstetric trauma to pelvic organs (O71.-),O71.-,O71
19,S37.6,Injury of uterus,excludes1,injury to uterus during delivery (O71.-),O71.-,O71
19,S40.27,Other superficial bite of shoulder,excludes1,open bite of shoulder (S41.05),S41.05,S41
19,S40.87,Other superficial bite of upper arm,excludes1,open bite of upper arm (S41.14),S41.14,S41
19,S41,Open wound of shoulder and upper arm,excludes1,traumatic amputation of shoulder and upper arm (S48.-),S48.-,S48
19,S41.05,Open bite of shoulder,excludes1,superficial bite of shoulder (S40.27),S40.27,S40
19,S41.15,Open bite of upper arm,excludes1,superficial bite of upper arm (S40.87),S40.87,S40
19,S42,Fracture of shoulder and upper arm,excludes1,traumatic amputation of shoulder and upper arm (S48.-),S48.-,S48
19,S43.42,Sprain of rotator cuff capsule,excludes1,"rotator cuff syndrome (complete) (incomplete), not specified as traumatic (M75.1-)",M75.1-,M75
19,S44.0,Injury of ulnar nerve at upper arm level,excludes1,ulnar nerve NOS (S54.0),S54.0,S54
19,S44.1,Injury of median nerve at upper arm level,excludes1,median nerve NOS (S54.1),S54.1,S54
19,S44.2,Injury of radial nerve at upper arm level,excludes1,radial nerve NOS (S54.2),S54.2,S54
19,S48,Traumatic amputation of shoulder and upper arm,excludes1,traumatic amputation at elbow level (S58.0),S58.0,S58
19,S50.37,Other superficial bite of elbow,excludes1,open bite of elbow (S51.04),S51.04,S51
19,S50.87,Other superficial bite of forearm,excludes1,open bite of forearm (S51.84),S51.84,S51
19,S51,Open wound of elbow and forearm,excludes1,open fracture of elbow and forearm (S52.- with open fracture 7th character),,
19,S51,Open wound of elbow and forearm,excludes1,traumatic amputation of elbow and forearm (S58.-),S58.-,S58
19,S51.05,Open bite of elbow,excludes1,"superficial bite of elbow (S50.36, S50.37)",S50.36; S50.37,S50
19,S51.85,Open bite of forearm,excludes1,"superficial bite of forearm (S50.86, S50.87)",S50.86; S50.87,S50
19,S52,Fracture of forearm,excludes1,traumatic amputation of forearm (S58.-),S58.-,S58
19,S53.0,Subluxation and dislocation of radial head,excludes1,Monteggia's fracture-dislocation (S52.27-),S52.27-,S52
19,S53.1,Subluxation and dislocation of ulnohumeral joint,excludes1,dislocation of radial head alone (S53.0-),S53.0-,S53
19,S53.2,Traumatic rupture of radial collateral ligament,excludes1,sprain of radial collateral ligament NOS (S53.43-),S53.43-,S53
19,S53.3,Traumatic rupture of ulnar collateral ligament,excludes1,sprain of ulnar collateral ligament (S53.44-),S53.44-,S53
19,S58,Traumatic amputation of elbow and forearm,excludes1,traumatic amputation of wrist and hand (S68.-),S68.-,S68
19,S58.9,"Traumatic amputation of forearm, level unspecified",excludes1,traumatic amputation of wrist (S68.-),S68.-,S68
19,S60.0,Contusion of finger without damage to nail,excludes1,contusion involving nail (matrix) (S60.1),S60.1,S60
19,S60.37,Other superficial bite of thumb,excludes1,"open bite of thumb (S61.05-, S61.15-)",S61.05-; S61.15-,S61
19,S60.47,Other superficial bite of fingers,excludes1,"open bite of fingers (S61.25-, S61.35-)",S61.25-; S61.35-,S61
19,S60.57,Other superficial bite of hand,excludes1,open bite of hand (S61.45-),S61.45-,S61
19,S60.87,Other superficial bite of wrist,excludes1,open bite of wrist (S61.55),S61.55,S61
19,S61,"Open wound of wrist, hand and fingers",excludes1,"open fracture of wrist, hand and finger (S62.- with 7th character B)",,
19,S61,"Open wound of wrist, hand and fingers",excludes1,traumatic amputation of wrist and hand (S68.-),S68.-,S68
19,S61.0,Open wound of thumb without damage to nail,excludes1,open wound of thumb with damage to nail (S61.1-),S61.1-,S61
19,S61.05,Open bite of thumb without damage to nail,excludes1,"superficial bite of thumb (S60.36-, S60.37-)",S60.36-; S60.37-,S60
19,S61.15,Open bite of thumb with damage to nail,excludes1,"superficial bite of thumb (S60.36-, S60.37-)",S60.36-; S60.37-,S60
19,S61.2,Open wound of other finger without damage to nail,excludes1,open wound of finger involving nail (matrix) (S61.3-),S61.3-,S61
19,S61.25,Open bite of finger without damage to nail,excludes1,"superficial bite of finger (S60.46-, S60.47-)",S60.46-; S60.47-,S60
19,S61.35,Open bite of finger with damage to nail,excludes1,"superficial bite of finger (S60.46-, S60.47-)",S60.46-; S60.47-,S60
19,S61.45,Open bite of hand,excludes1,"superficial bite of hand (S60.56-, S60.57-)",S60.56-; S60.57-,S60
19,S61.55,Open bite of wrist,excludes1,"superficial bite of wrist (S60.86-, S60.87-)",S60.86-; S60.87-,S60
19,S62,Fracture at wrist and hand level,excludes1,traumatic amputation of wrist and hand (S68.-),S68.-,S68
19,S63.52,Sprain of radiocarpal joint,excludes1,traumatic rupture of radiocarpal ligament (S63.32-),S63.32-,S63
19,S63.6,Other and unspecified sprain of finger(s),excludes1,traumatic rupture of ligament of finger at metacarpophalangeal and interphalangeal joint(s) (S63.4-),S63.4-,S63
19,S67.4,Crushing injury of wrist and hand,excludes1,crushing injury of hand alone (S67.2-),S67.2-,S67
19,S67.4,Crushing injury of wrist and hand,excludes1,crushing injury of wrist alone (S67.3-),S67.3-,S67
19,S70.27,Other superficial bite of hip,excludes1,open bite of hip (S71.05-),S71.05-,S71
19,S70.37,Other superficial bite of thigh,excludes1,open bite of thigh (S71.15),S71.15,S71
19,S71,Open wound of hip and thigh,excludes1,open fracture of hip and thigh (S72.-),S72.-,S72
19,S71,Open wound of hip and thigh,excludes1,traumatic amputation of hip and thigh (S78.-),S78.-,S78
19,S71.05,Open bite of hip,excludes1,"superficial bite of hip (S70.26, S70.27)",S70.26; S70.27,S70
19,S71.15,Open bite of thigh,excludes1,superficial bite of thigh (S70.37-),S70.37-,S70
19,S72,Fracture of femur,excludes1,traumatic amputation of hip and thigh (S78.-),S78.-,S78
19,S72.02,Fracture of epiphysis (separation) (upper) of femur,excludes1,capital femoral epiphyseal fracture (pediatric) of femur (S79.01-),S79.01-,S79
19,S72.02,Fracture of epiphysis (separation) (upper) of femur,excludes1,Salter-Harris Type I physeal fracture of upper end of femur (S79.01-),S79.01-,S79
19,S72.13,Apophyseal fracture of femur,excludes1,chronic (nontraumatic) slipped upper femoral epiphysis (M93.0-),M93.0-,M93
19,S72.44,Fracture of lower epiphysis (separation) of femur,excludes1,Salter-Harris Type I physeal fracture of lower end of femur (S79.11-),S79.11-,S79
19,S72.45,Supracondylar fracture without intracondylar extension of lower end of femur,excludes1,supracondylar fracture with intracondylar extension of lower end of femur (S72.46-),S72.46-,S72
19,S72.46,Supracondylar fracture with intracondylar extension of lower end of femur,excludes1,supracondylar fracture without intracondylar extension of lower end of femur (S72.45-),S72.45-,S72
19,S72.9,Unspecified fracture of femur,excludes1,"fracture of hip NOS (S72.00-, S72.01-)",S72.00-; S72.01-,S72
19,S75.2,Injury of greater saphenous vein at hip and thigh level,excludes1,greater saphenous vein NOS (S85.3),S85.3,S85
19,S78,Traumatic amputation of hip and thigh,excludes1,traumatic amputation of knee (S88.0-),S88.0-,S88
19,S78.1,Traumatic amputation at level between hip and knee,excludes1,traumatic amputation of knee (S88.0-),S88.0-,S88
19,S79.0,Physeal fracture of upper end of femur,excludes1,apophyseal fracture of upper end of femur (S72.13-),S72.13-,S72
19,S79.0,Physeal fracture of upper end of femur,excludes1,nontraumatic slipped upper femoral epiphysis (M93.0-),M93.0-,M93
19,S79.01,Salter-Harris Type I physeal fracture of upper end of femur,excludes1,chronic slipped upper femoral epiphysis (nontraumatic) (M93.02-),M93.02-,M93
19,S80.27,Other superficial bite of knee,excludes1,open bite of knee (S81.05-),S81.05-,S81
19,S80.87,Other superficial bite of lower leg,excludes1,open bite of lower leg (S81.85-),S81.85-,S81
19,S81,Open wound of knee and lower leg,excludes1,open fracture of knee and lower leg (S82.-),S82.-,S82
19,S81,Open wound of knee and lower leg,excludes1,traumatic amputation of lower leg (S88.-),S88.-,S88
19,S81.05,Open bite of knee,excludes1,superficial bite of knee (S80.27-),S80.27-,S80
19,S81.85,Open bite of lower leg,excludes1,"superficial bite of lower leg (S80.86-, S80.87-)",S80.86-; S80.87-,S80
19,S82,"Fracture of lower leg, including ankle",excludes1,traumatic amputation of lower leg (S88.-),S88.-,S88
19,S82.3,Fracture of lower end of tibia,excludes1,bimalleolar fracture of lower leg (S82.84-),S82.84-,S82
19,S82.3,Fracture of lower end of tibia,excludes1,fracture of medial malleolus alone (S82.5-),S82.5-,S82
19,S82.3,Fracture of lower end of tibia,excludes1,Maisonneuve's fracture (S82.86-),S82.86-,S82
19,S82.3,Fracture of lower end of tibia,excludes1,pilon fracture of distal tibia (S82.87-),S82.87-,S82
19,S82.3,Fracture of lower end of tibia,excludes1,trimalleolar fractures of lower leg (S82.85-),S82.85-,S82
19,S82.5,Fracture of medial malleolus,excludes1,pilon fracture of distal tibia (S82.87-),S82.87-,S82
19,S82.5,Fracture of medial malleolus,excludes1,Salter-Harris type III of lower end of tibia (S89.13-),S89.13-,S89
19,S82.5,Fracture of medial malleolus,excludes1,Salter-Harris type IV of lower end of tibia (S89.14-),S89.14-,S89
19,S82.6,Fracture of lateral malleolus,excludes1,pilon fracture of distal tibia (S82.87-),S82.87-,S82
19,S83.2,"Tear of meniscus, current injury",excludes1,old bucket-handle tear (M23.2),M23.2,M23
19,S88,Traumatic amputation of lower leg,excludes1,traumatic amputation of ankle and foot (S98.-),S98.-,S98
19,S89.13,Salter-Harris Type III physeal fracture of lower end of tibia,excludes1,fracture of medial malleolus (adult) (S82.5-),S82.5-,S82
19,S89.14,Salter-Harris Type IV physeal fracture of lower end of tibia,excludes1,fracture of medial malleolus (adult) (S82.5-),S82.5-,S82
19,S90.47,Other superficial bite of toe,excludes1,"open bite of toe (S91.15-, S91.25-)",S91.15-; S91.25-,S91
19,S90.57,Other superficial bite of ankle,excludes1,open bite of ankle (S91.05-),S91.05-,S91
19,S90.87,Other superficial bite of foot,excludes1,open bite of foot (S91.35-),S91.35-,S91
19,S91,"Open wound of ankle, foot and toes",excludes1,"open fracture of ankle, foot and toes (S92.-with 7th character B)",,
19,S91,"Open wound of ankle, foot and toes",excludes1,traumatic amputation of ankle and foot (S98.-),S98.-,S98
19,S91.05,Open bite of ankle,excludes1,"superficial bite of ankle (S90.56-, S90.57-)",S90.56-; S90.57-,S90
19,S91.15,Open bite of toe without damage to nail,excludes1,"superficial bite of toe (S90.46-, S90.47-)",S90.46-; S90.47-,S90
19,S91.25,Open bite of toe with damage to nail,excludes1,"superficial bite of toe (S90.46-, S90.47-)",S90.46-; S90.47-,S90
19,S91.35,Open bite of foot,excludes1,"superficial bite of foot (S90.86-, S90.87-)",S90.86-; S90.87-,S90
19,S92.14,Dome fracture of talus,excludes1,osteochondritis dissecans (M93.2),M93.2,M93
19,Block T07,Injuries involving multiple body regions (T07),excludes1,burns and corrosions (T20-T32),T20-T32,T20
19,Block T07,Injuries involving multiple body regions (T07),excludes1,frostbite (T33-T34),T33-T34,T33
19,Block T07,Injuries involving multiple body regions (T07),excludes1,"insect bite or sting, venomous (T63.4)",T63.4,T63
19,Block T07,Injuries involving multiple body regions (T07),excludes1,sunburn (L55.-),L55.-,L55
19,T07,Unspecified multiple injuries,excludes1,injury NOS (T14.90),T14.90,T14
19,T14,Injury of unspecified body region,excludes1,multiple unspecified injuries (T07),T07,T07
19,Block T36-T50,"Poisoning by, adverse effects of and underdosing of drugs, medicaments and biological substances (T36-T50)",excludes1,toxic reaction to local anesthesia in pregnancy (O29.3-),O29.3-,O29
19,T36,"Poisoning by, adverse effect of and underdosing of systemic antibiotics",excludes1,antineoplastic antibiotics (T45.1-),T45.1-,T45
19,T36,"Poisoning by, adverse effect of and underdosing of systemic antibiotics",excludes1,locally applied antibiotic NEC (T49.0),T49.0,T49
19,T36,"Poisoning by, adverse effect of and underdosing of systemic antibiotics",excludes1,"topically used antibiotic for ear, nose and throat (T49.6)",T49.6,T49
19,T36,"Poisoning by, adverse effect of and underdosing of systemic antibiotics",excludes1,topically used antibiotic for eye (T49.5),T49.5,T49
19,T37,"Poisoning by, adverse effect of and underdosing of other systemic anti-infectives and antiparasitics",excludes1,"anti-infectives topically used for ear, nose and throat (T49.6-)",T49.6-,T49
19,T37,"Poisoning by, adverse effect of and underdosing of other systemic anti-infectives and antiparasitics",excludes1,anti-infectives topically used for eye (T49.5-),T49.5-,T49
19,T37,"Poisoning by, adverse effect of and underdosing of other systemic anti-infectives and antiparasitics",excludes1,locally applied anti-infectives NEC (T49.0-),T49.0-,T49
19,T37.1,"Poisoning by, adverse effect of and underdosing of antimycobacterial drugs",excludes1,rifampicins (T36.6-),T36.6-,T36
19,T37.1,"Poisoning by, adverse effect of and underdosing of antimycobacterial drugs",excludes1,streptomycin (T36.5-),T36.5-,T36
19,T37.2,"Poisoning by, adverse effect of and underdosing of antimalarials and drugs acting on other blood protozoa",excludes1,hydroxyquinoline derivatives (T37.8-),T37.8-,T37
19,T37.5,"Poisoning by, adverse effect of and underdosing of antiviral drugs",excludes1,amantadine (T42.8-),T42.8-,T42
19,T37.5,"Poisoning by, adverse effect of and underdosing of antiviral drugs",excludes1,cytarabine (T45.1-),T45.1-,T45
19,T37.8,"Poisoning by, adverse effect of and underdosing of other specified systemic anti-infectives and antiparasitics",excludes1,antimalarial drugs (T37.2-),T37.2-,T37
19,T38,"Poisoning by, adverse effect of and underdosing of hormones and their synthetic substitutes and antagonists, not elsewhere classified",excludes1,mineralocorticoids and their antagonists (T50.0-),T50.0-,T50
19,T38,"Poisoning by, adverse effect of and underdosing of hormones and their synthetic substitutes and antagonists, not elsewhere classified",excludes1,oxytocic hormones (T48.0-),T48.0-,T48
19,T38,"Poisoning by, adverse effect of and underdosing of hormones and their synthetic substitutes and antagonists, not elsewhere classified",excludes1,parathyroid hormones and derivatives (T50.9-),T50.9-,T50
19,T38.0,"Poisoning by, adverse effect of and underdosing of glucocorticoids and synthetic analogues",excludes1,"glucocorticoids, topically used (T49.-)",T49.-,T49
19,T39.4,"Poisoning by, adverse effect of and underdosing of antirheumatics, not elsewhere classified",excludes1,"poisoning by, adverse effect of and underdosing of glucocorticoids (T38.0-)",T38.0-,T38
19,T39.4,"Poisoning by, adverse effect of and underdosing of antirheumatics, not elsewhere classified",excludes1,"poisoning by, adverse effect of and underdosing of salicylates (T39.0-)",T39.0-,T39
19,T41,"Poisoning by, adverse effect of and underdosing of anesthetics and therapeutic gases",excludes1,benzodiazepines (T42.4-),T42.4-,T42
19,T41,"Poisoning by, adverse effect of and underdosing of anesthetics and therapeutic gases",excludes1,cocaine (T40.5-),T40.5-,T40
19,T41,"Poisoning by, adverse effect of and underdosing of anesthetics and therapeutic gases",excludes1,complications of anesthesia during pregnancy (O29.-),O29.-,O29
19,T41,"Poisoning by, adverse effect of and underdosing of anesthetics and therapeutic gases",excludes1,complications of anesthesia during labor and delivery (O74.-),O74.-,O74
19,T41,"Poisoning by, adverse effect of and underdosing of anesthetics and therapeutic gases",excludes1,complications of anesthesia during the puerperium (O89.-),O89.-,O89
19,T41,"Poisoning by, adverse effect of and underdosing of anesthetics and therapeutic gases",excludes1,opioids (T40.0-T40.2-),T40.0-T40.2-,T40
19,T41.0,"Poisoning by, adverse effect of and underdosing of inhaled anesthetics",excludes1,oxygen (T41.5-),T41.5-,T41
19,T42.3,"Poisoning by, adverse effect of and underdosing of barbiturates",excludes1,"poisoning by, adverse effect of and underdosing of thiobarbiturates (T41.1-)",T41.1-,T41
19,T42.6,"Poisoning by, adverse effect of and underdosing of other antiepileptic and sedative-hypnotic drugs",excludes1,"poisoning by, adverse effect of and underdosing of carbamazepine (T42.1-)",T42.1-,T42
19,T43.5,"Poisoning by, adverse effect of and underdosing of other and unspecified antipsychotics and neuroleptics",excludes1,"poisoning by, adverse effect of and underdosing of rauwolfia (T46.5-)",T46.5-,T46
19,T43.6,"Poisoning by, adverse effect of and underdosing of psychostimulants",excludes1,"poisoning by, adverse effect of and underdosing of cocaine (T40.5-)",T40.5-,T40
19,T44.5,"Poisoning by, adverse effect of and underdosing of predominantly beta-adrenoreceptor agonists",excludes1,"poisoning by, adverse effect of and underdosing of beta-adrenoreceptor agonists used in asthma therapy (T48.6-)",T48.6-,T48
19,T44.6,"Poisoning by, adverse effect of and underdosing of alpha-adrenoreceptor antagonists",excludes1,"poisoning by, adverse effect of and underdosing of ergot alkaloids (T48.0)",T48.0,T48
19,T45.0,"Poisoning by, adverse effect of and underdosing of antiallergic and antiemetic drugs",excludes1,"poisoning by, adverse effect of and underdosing of phenothiazine-based neuroleptics (T43.3)",T43.3,T43
19,T45.1,"Poisoning by, adverse effect of and underdosing of antineoplastic and immunosuppressive drugs",excludes1,"poisoning by, adverse effect of and underdosing of immune checkpoint inhibitors and immunostimulant drugs (T45.A)",T45.A,T45
19,T45.1,"Poisoning by, adverse effect of and underdosing of antineoplastic and immunosuppressive drugs",excludes1,"poisoning by, adverse effect of and underdosing of tamoxifen (T38.6)",T38.6,T38
19,T45.2X6,Underdosing of vitamins,excludes1,vitamin deficiencies (E50-E56),E50-E56,E50
19,T45.4X6,Underdosing of iron and its compounds,excludes1,iron deficiency (E61.1),E61.1,E61
19,T45.7X6,"Underdosing of anticoagulant antagonist, vitamin K and other coagulants",excludes1,vitamin K deficiency (E56.1),E56.1,E56
19,T45.A,"Poisoning by, adverse effect of and underdosing of immune checkpoint inhibitors and immunostimulant drugs",excludes1,"poisoning by, adverse effect of and underdosing of antineoplastic and immunosuppressive drug (T45.1)",T45.1,T45
19,T46,"Poisoning by, adverse effect of and underdosing of agents primarily affecting the cardiovascular system",excludes1,"poisoning by, adverse effect of and underdosing of metaraminol (T44.4)",T44.4,T44
19,T46.2,"Poisoning by, adverse effect of and underdosing of other antidysrhythmic drugs, not elsewhere classified",excludes1,"poisoning by, adverse effect of and underdosing of beta-adrenoreceptor antagonists (T44.7-)",T44.7-,T44
19,T46.3,"Poisoning by, adverse effect of and underdosing of coronary vasodilators",excludes1,"poisoning by, adverse effect of and underdosing of",,
19,T46.3,"Poisoning by, adverse effect of and underdosing of coronary vasodilators",excludes1,calcium-channel blockers (T46.1),T46.1,T46
19,T46.7,"Poisoning by, adverse effect of and underdosing of peripheral vasodilators",excludes1,"poisoning by, adverse effect of and underdosing of papaverine (T44.3)",T44.3,T44
19,T48.0,"Poisoning by, adverse effect of and underdosing of oxytocic drugs",excludes1,"poisoning by, adverse effect of and underdosing of estrogens, progestogens and antagonists (T38.4-T38.6)",T38.4-T38.6,T38
19,T48.6,"Poisoning by, adverse effect of and underdosing of antiasthmatics, not elsewhere classified",excludes1,"poisoning by, adverse effect of and underdosing of beta-adrenoreceptor agonists not used in asthma therapy (T44.5)",T44.5,T44
19,T48.6,"Poisoning by, adverse effect of and underdosing of antiasthmatics, not elsewhere classified",excludes1,"poisoning by, adverse effect of and underdosing of anterior pituitary [adenohypophyseal] hormones (T38.8)",T38.8,T38
19,Block T51-T65,Toxic effects of substances chiefly nonmedicinal as to source (T51-T65),excludes1,contact with and (suspected) exposure to toxic substances (Z77.-),Z77.-,Z77
19,T52,Toxic effect of organic solvents,excludes1,halogen derivatives of aliphatic and aromatic hydrocarbons (T53.-),T53.-,T53
19,T52.1,Toxic effects of benzene,excludes1,homologues of benzene (T52.2),T52.2,T52
19,T52.1,Toxic effects of benzene,excludes1,nitroderivatives and aminoderivatives of benzene and its homologues (T65.3),T65.3,T65
19,T56,Toxic effect of metals,excludes1,arsenic and its compounds (T57.0),T57.0,T57
19,T56,Toxic effect of metals,excludes1,manganese and its compounds (T57.2),T57.2,T57
19,T56.82,Toxic effect of gadolinium,excludes1,adverse effect of diagnostic agents (T50.8X5-),T50.8X5-,T50
19,T57.1,Toxic effect of phosphorus and its compounds,excludes1,organophosphate insecticides (T60.0),T60.0,T60
19,T59,"Toxic effect of other gases, fumes and vapors",excludes1,chlorofluorocarbons (T53.5),T53.5,T53
19,T60.1,Toxic effect of halogenated insecticides,excludes1,chlorinated hydrocarbon (T53.-),T53.-,T53
19,T60.4,Toxic effect of rodenticides,excludes1,strychnine and its salts (T65.1),T65.1,T65
19,T60.4,Toxic effect of rodenticides,excludes1,thallium (T56.81-),T56.81-,T56
19,T61,Toxic effect of noxious substances eaten as seafood,excludes1,"allergic reaction to food, such as:",,
19,T61,Toxic effect of noxious substances eaten as seafood,excludes1,anaphylactic reaction or shock due to adverse food reaction (T78.0-),T78.0-,T78
19,T61,Toxic effect of noxious substances eaten as seafood,excludes1,bacterial foodborne intoxications (A05.-),A05.-,A05
19,T61,Toxic effect of noxious substances eaten as seafood,excludes1,"dermatitis (L23.6, L25.4, L27.2)",L23.6; L25.4; L27.2,L23; L25; L27
19,T61,Toxic effect of noxious substances eaten as seafood,excludes1,food protein-induced enterocolitis syndrome (K52.21),K52.21,K52
19,T61,Toxic effect of noxious substances eaten as seafood,excludes1,food protein-induced enteropathy (K52.22),K52.22,K52
19,T61,Toxic effect of noxious substances eaten as seafood,excludes1,gastroenteritis (noninfective) (K52.29),K52.29,K52
19,T61,Toxic effect of noxious substances eaten as seafood,excludes1,toxic effect of aflatoxin and other mycotoxins (T64),T64,T64
19,T61,Toxic effect of noxious substances eaten as seafood,excludes1,toxic effect of cyanides (T65.0-),T65.0-,T65
19,T61,Toxic effect of noxious substances eaten as seafood,excludes1,toxic effect of harmful algae bloom (T65.82-),T65.82-,T65
19,T61,Toxic effect of noxious substances eaten as seafood,excludes1,toxic effect of hydrogen cyanide (T57.3-),T57.3-,T57
19,T61,Toxic effect of noxious substances eaten as seafood,excludes1,toxic effect of mercury (T56.1-),T56.1-,T56
19,T61,Toxic effect of noxious substances eaten as seafood,excludes1,toxic effect of red tide (T65.82-),T65.82-,T65
19,T62,Toxic effect of other noxious substances eaten as food,excludes1,"allergic reaction to food, such as:",,
19,T62,Toxic effect of other noxious substances eaten as food,excludes1,anaphylactic shock (reaction) due to adverse food reaction (T78.0-),T78.0-,T78
19,T62,Toxic effect of other noxious substances eaten as food,excludes1,bacterial food borne intoxications (A05.-),A05.-,A05
19,T62,Toxic effect of other noxious substances eaten as food,excludes1,"dermatitis (L23.6, L25.4, L27.2)",L23.6; L25.4; L27.2,L23; L25; L27
19,T62,Toxic effect of other noxious substances eaten as food,excludes1,food protein-induced enterocolitis syndrome (K52.21),K52.21,K52
19,T62,Toxic effect of other noxious substances eaten as food,excludes1,food protein-induced enteropathy (K52.22),K52.22,K52
19,T62,Toxic effect of other noxious substances eaten as food,excludes1,gastroenteritis (noninfective) (K52.29),K52.29,K52
19,T62,Toxic effect of other noxious substances eaten as food,excludes1,toxic effect of aflatoxin and other mycotoxins (T64),T64,T64
19,T62,Toxic effect of other noxious substances eaten as food,excludes1,toxic effect of cyanides (T65.0-),T65.0-,T65
19,T62,Toxic effect of other noxious substances eaten as food,excludes1,toxic effect of hydrogen cyanide (T57.3-),T57.3-,T57
19,T62,Toxic effect of other noxious substances eaten as food,excludes1,toxic effect of mercury (T56.1-),T56.1-,T56
19,T63.6,Toxic effect of contact with other venomous marine animals,excludes1,sea-snake venom (T63.09),T63.09,T63
19,T63.81,Toxic effect of contact with venomous frog,excludes1,contact with nonvenomous frog (W62.0),W62.0,W62
19,T63.82,Toxic effect of contact with venomous toad,excludes1,contact with nonvenomous toad (W62.1),W62.1,W62
19,T63.83,Toxic effect of contact with other venomous amphibian,excludes1,contact with nonvenomous amphibian (W62.9),W62.9,W62
19,T65.0,Toxic effect of cyanides,excludes1,hydrogen cyanide (T57.3-),T57.3-,T57
19,T66,"Radiation sickness, unspecified",excludes1,"specified adverse effects of radiation, such as:",,
19,T66,"Radiation sickness, unspecified",excludes1,burns (T20-T31),T20-T31,T20
19,T66,"Radiation sickness, unspecified",excludes1,leukemia (C91-C95),C91-C95,C91
19,T66,"Radiation sickness, unspecified",excludes1,radiation gastroenteritis and colitis (K52.0),K52.0,K52
19,T66,"Radiation sickness, unspecified",excludes1,radiation pneumonitis (J70.0),J70.0,J70
19,T66,"Radiation sickness, unspecified",excludes1,radiation related disorders of the skin and subcutaneous tissue (L55-L59),L55-L59,L55
19,T66,"Radiation sickness, unspecified",excludes1,sunburn (L55.-),L55.-,L55
19,T67,Effects of heat and light,excludes1,erythema [dermatitis] ab igne (L59.0),L59.0,L59
19,T67,Effects of heat and light,excludes1,malignant hyperpyrexia due to anesthesia (T88.3),T88.3,T88
19,T67,Effects of heat and light,excludes1,radiation-related disorders of the skin and subcutaneous tissue (L55-L59),L55-L59,L55
19,T67.3,"Heat exhaustion, anhydrotic",excludes1,heat exhaustion due to salt depletion (T67.4),T67.4,T67
19,T68,Hypothermia,excludes1,hypothermia following anesthesia (T88.51),T88.51,T88
19,T68,Hypothermia,excludes1,hypothermia not associated with low environmental temperature (R68.0),R68.0,R68
19,T68,Hypothermia,excludes1,hypothermia of newborn (P80.-),P80.-,P80
19,T71,Asphyxiation,excludes1,acute respiratory distress (syndrome) (J80),J80,J80
19,T71,Asphyxiation,excludes1,anoxia due to high altitude (T70.2),T70.2,T70
19,T71,Asphyxiation,excludes1,asphyxia NOS (R09.01),R09.01,R09
19,T71,Asphyxiation,excludes1,asphyxia from carbon monoxide (T58.-),T58.-,T58
19,T71,Asphyxiation,excludes1,asphyxia from inhalation of food or foreign body (T17.-),T17.-,T17
19,T71,Asphyxiation,excludes1,"asphyxia from other gases, fumes and vapors (T59.-)",T59.-,T59
19,T71,Asphyxiation,excludes1,respiratory distress (syndrome) in newborn (P22.-),P22.-,P22
19,T74,"Adult and child abuse, neglect and other maltreatment, confirmed",excludes1,"abuse and maltreatment in pregnancy (O9A.3-, O9A.4-, O9A.5-)",O9A.3-; O9A.4-; O9A.5-,O9A
19,T74,"Adult and child abuse, neglect and other maltreatment, confirmed",excludes1,"adult and child maltreatment, suspected (T76.-)",T76.-,T76
19,T75,Other and unspecified effects of other external causes,excludes1,adverse effects NEC (T78.-),T78.-,T78
19,T75.1,Unspecified effects of drowning and nonfatal submersion,excludes1,specified effects of drowning- code to effects,,
19,T75.23,Vertigo from infrasound,excludes1,vertigo NOS (R42),R42,R42
19,T76,"Adult and child abuse, neglect and other maltreatment, suspected",excludes1,"adult and child maltreatment, confirmed (T74.-)",T74.-,T74
19,T76,"Adult and child abuse, neglect and other maltreatment, suspected",excludes1,"suspected abuse and maltreatment in pregnancy (O9A.3-, O9A.4-, O9A.5-)",O9A.3-; O9A.4-; O9A.5-,O9A
19,T76,"Adult and child abuse, neglect and other maltreatment, suspected",excludes1,"suspected adult physical abuse, ruled out (Z04.71)",Z04.71,Z04
19,T76,"Adult and child abuse, neglect and other maltreatment, suspected",excludes1,"suspected adult sexual abuse, ruled out (Z04.41)",Z04.41,Z04
19,T76,"Adult and child abuse, neglect and other maltreatment, suspected",excludes1,"suspected child physical abuse, ruled out (Z04.72)",Z04.72,Z04
19,T76,"Adult and child abuse, neglect and other maltreatment, suspected",excludes1,"suspected child sexual abuse, ruled out (Z04.42)",Z04.42,Z04
19,T76.2,"Sexual abuse, suspected",excludes1,"alleged abuse, ruled out (Z04.7)",Z04.7,Z04
19,T78.070,Anaphylactic reaction due to milk and dairy products with tolerance to baked milk,excludes1,Anaphylactic reaction due to milk and dairy products with reactivity to baked milk (T78.071),T78.071,T78
19,T78.071,Anaphylactic reaction due to milk and dairy products with reactivity to baked milk,excludes1,Anaphylactic reaction due to milk and dairy products with tolerance to baked milk (T78.070),T78.070,T78
19,T78.080,Anaphylactic reaction due to egg with tolerance to baked egg,excludes1,Anaphylactic reaction due to egg with reactivity to baked egg (T78.081),T78.081,T78
19,T78.081,Anaphylactic reaction due to egg with reactivity to baked egg,excludes1,Anaphylactic reaction due to egg with tolerance to baked egg (T78.080),T78.080,T78
19,T78.1,"Other adverse food reactions, not elsewhere classified",excludes1,anaphylactic reaction or shock due to adverse food reaction (T78.0-),T78.0-,T78
19,T78.1,"Other adverse food reactions, not elsewhere classified",excludes1,anaphylactic reaction due to food (T78.0-),T78.0-,T78
19,T78.1,"Other adverse food reactions, not elsewhere classified",excludes1,bacterial food borne intoxications (A05.-),A05.-,A05
19,T78.110,Other adverse food reactions due to milk and dairy products with tolerance to baked milk,excludes1,Other adverse food reaction due to milk and dairy products with reactivity to baked milk (T78.111),T78.111,T78
19,T78.111,Other adverse food reaction due to milk and dairy products with reactivity to baked milk,excludes1,Other adverse food reaction due to milk and dairy products with tolerance to baked milk (T78.110),T78.110,T78
19,T78.120,Other adverse food reaction due to egg with tolerance to baked egg,excludes1,Other adverse food reaction due to egg with reactivity to baked egg (T78.121),T78.121,T78
19,T78.121,Other adverse food reaction due to egg with reactivity to baked egg,excludes1,Other adverse food reaction due to egg with tolerance to baked egg (T78.120),T78.120,T78
19,T78.2,"Anaphylactic shock, unspecified",excludes1,anaphylactic reaction or shock due to adverse effect of correct medicinal substance properly administered (T88.6),T88.6,T88
19,T78.2,"Anaphylactic shock, unspecified",excludes1,anaphylactic reaction or shock due to adverse food reaction (T78.0-),T78.0-,T78
19,T78.2,"Anaphylactic shock, unspecified",excludes1,anaphylactic reaction or shock due to serum (T80.5-),T80.5-,T80
19,T78.3,Angioneurotic edema,excludes1,serum urticaria (T80.6-),T80.6-,T80
19,T78.3,Angioneurotic edema,excludes1,urticaria (L50.-),L50.-,L50
19,T78.4,Other and unspecified allergy,excludes1,specified types of allergic reaction such as:,,
19,T78.4,Other and unspecified allergy,excludes1,allergic diarrhea (K52.29),K52.29,K52
19,T78.4,Other and unspecified allergy,excludes1,allergic gastroenteritis and colitis (K52.29),K52.29,K52
19,T78.4,Other and unspecified allergy,excludes1,"dermatitis (L23-L25, L27.-)",L23-L25; L27.-,L23; L27
19,T78.4,Other and unspecified allergy,excludes1,food protein-induced enterocolitis syndrome (K52.21),K52.21,K52
19,T78.4,Other and unspecified allergy,excludes1,food protein-induced enteropathy (K52.22),K52.22,K52
19,T78.4,Other and unspecified allergy,excludes1,hay fever (J30.1),J30.1,J30
19,T79.0,Air embolism (traumatic),excludes1,"air embolism complicating abortion or ectopic or molar pregnancy (O00-O07, O08.2)",O00-O07; O08.2,O00; O08
19,T79.0,Air embolism (traumatic),excludes1,"air embolism complicating pregnancy, childbirth and the puerperium (O88.0)",O88.0,O88
19,T79.0,Air embolism (traumatic),excludes1,"air embolism following infusion, transfusion, and therapeutic injection (T80.0)",T80.0,T80
19,T79.0,Air embolism (traumatic),excludes1,air embolism following procedure NEC (T81.7-),T81.7-,T81
19,T79.1,Fat embolism (traumatic),excludes1,fat embolism complicating:,,
19,T79.1,Fat embolism (traumatic),excludes1,"abortion or ectopic or molar pregnancy (O00-O07, O08.2)",O00-O07; O08.2,O00; O08
19,T79.1,Fat embolism (traumatic),excludes1,"pregnancy, childbirth and the puerperium (O88.8)",O88.8,O88
19,T79.4,Traumatic shock,excludes1,anaphylactic shock due to adverse food reaction (T78.0-),T78.0-,T78
19,T79.4,Traumatic shock,excludes1,anaphylactic shock due to correct medicinal substance properly administered (T88.6),T88.6,T88
19,T79.4,Traumatic shock,excludes1,anaphylactic shock due to serum (T80.5-),T80.5-,T80
19,T79.4,Traumatic shock,excludes1,anaphylactic shock NOS (T78.2),T78.2,T78
19,T79.4,Traumatic shock,excludes1,electric shock (T75.4),T75.4,T75
19,T79.4,Traumatic shock,excludes1,nontraumatic shock NEC (R57.-),R57.-,R57
19,T79.4,Traumatic shock,excludes1,obstetric shock (O75.1),O75.1,O75
19,T79.4,Traumatic shock,excludes1,postprocedural shock (T81.1-),T81.1-,T81
19,T79.4,Traumatic shock,excludes1,septic shock (R65.21),R65.21,R65
19,T79.4,Traumatic shock,excludes1,"shock complicating abortion or ectopic or molar pregnancy (O00-O07, O08.3)",O00-O07; O08.3,O00; O08
19,T79.4,Traumatic shock,excludes1,shock due to anesthesia (T88.2),T88.2,T88
19,T79.4,Traumatic shock,excludes1,shock due to lightning (T75.01),T75.01,T75
19,T79.4,Traumatic shock,excludes1,shock NOS (R57.9),R57.9,R57
19,T79.A,Traumatic compartment syndrome,excludes1,fibromyalgia (M79.7),M79.7,M79
19,T79.A,Traumatic compartment syndrome,excludes1,nontraumatic compartment syndrome (M79.A-),M79.A-,M79
19,T80.3,ABO incompatibility reaction due to transfusion of blood or blood products,excludes1,minor blood group antigens reactions (Duffy) (E) (K) (Kell) (Kidd) (Lewis) (M) (N) (P) (S) (T80.A-),T80.A-,T80
19,T80.5,Anaphylactic reaction due to serum,excludes1,ABO incompatibility reaction due to transfusion of blood or blood products (T80.3-),T80.3-,T80
19,T80.5,Anaphylactic reaction due to serum,excludes1,allergic reaction or shock NOS (T78.2),T78.2,T78
19,T80.5,Anaphylactic reaction due to serum,excludes1,anaphylactic reaction or shock NOS (T78.2),T78.2,T78
19,T80.5,Anaphylactic reaction due to serum,excludes1,anaphylactic reaction or shock due to adverse effect of correct medicinal substance properly administered (T88.6),T88.6,T88
19,T80.5,Anaphylactic reaction due to serum,excludes1,other serum reaction (T80.6-),T80.6-,T80
19,T80.91,"Hemolytic transfusion reaction, unspecified incompatibility",excludes1,ABO incompatibility with hemolytic transfusion reaction (T80.31-),T80.31-,T80
19,T80.91,"Hemolytic transfusion reaction, unspecified incompatibility",excludes1,Non-ABO incompatibility with hemolytic transfusion reaction (T80.A1-),T80.A1-,T80
19,T80.91,"Hemolytic transfusion reaction, unspecified incompatibility",excludes1,Rh incompatibility with hemolytic transfusion reaction (T80.41-),T80.41-,T80
19,T81.1,Postprocedural shock,excludes1,anaphylactic shock NOS (T78.2),T78.2,T78
19,T81.1,Postprocedural shock,excludes1,anaphylactic shock due to correct substance properly administered (T88.6),T88.6,T88
19,T81.1,Postprocedural shock,excludes1,anaphylactic shock due to serum (T80.5-),T80.5-,T80
19,T81.1,Postprocedural shock,excludes1,electric shock (T75.4),T75.4,T75
19,T81.1,Postprocedural shock,excludes1,obstetric shock (O75.1),O75.1,O75
19,T81.1,Postprocedural shock,excludes1,shock due to anesthesia (T88.2),T88.2,T88
19,T81.1,Postprocedural shock,excludes1,"shock following abortion or ectopic or molar pregnancy (O00-O07, O08.3)",O00-O07; O08.3,O00; O08
19,T81.1,Postprocedural shock,excludes1,traumatic shock (T79.4),T79.4,T79
19,T81.3,"Disruption of wound, not elsewhere classified",excludes1,breakdown (mechanical) of permanent sutures (T85.612),T85.612,T85
19,T81.3,"Disruption of wound, not elsewhere classified",excludes1,displacement of permanent sutures (T85.622),T85.622,T85
19,T81.3,"Disruption of wound, not elsewhere classified",excludes1,disruption of cesarean delivery wound (O90.0),O90.0,O90
19,T81.3,"Disruption of wound, not elsewhere classified",excludes1,disruption of perineal obstetric wound (O90.1),O90.1,O90
19,T81.3,"Disruption of wound, not elsewhere classified",excludes1,mechanical complication of permanent sutures NEC (T85.692),T85.692,T85
19,T81.31,"Disruption of external operation (surgical) wound, not elsewhere classified",excludes1,dehiscence of amputation stump (T87.81),T87.81,T87
19,T81.7,"Vascular complications following a procedure, not elsewhere classified",excludes1,"embolism complicating abortion or ectopic or molar pregnancy (O00-O07, O08.2)",O00-O07; O08.2,O00; O08
19,T81.7,"Vascular complications following a procedure, not elsewhere classified",excludes1,"embolism complicating pregnancy, childbirth and the puerperium (O88.-)",O88.-,O88
19,T81.7,"Vascular complications following a procedure, not elsewhere classified",excludes1,traumatic embolism (T79.0),T79.0,T79
19,T82.0,Mechanical complication of heart valve prosthesis,excludes1,mechanical complication of biological heart valve graft (T82.22-),T82.22-,T82
19,T82.2,Mechanical complication of coronary artery bypass graft and biological heart valve graft,excludes1,mechanical complication of artificial heart valve prosthesis (T82.0-),T82.0-,T82
19,T82.4,Mechanical complication of vascular dialysis catheter,excludes1,mechanical complication of intraperitoneal dialysis catheter (T85.62),T85.62,T85
19,T84.01,Broken internal joint prosthesis,excludes1,periprosthetic joint implant fracture (M97.-),M97.-,M97
19,T85.611,Breakdown (mechanical) of intraperitoneal dialysis catheter,excludes1,mechanical complication of vascular dialysis catheter (T82.4-),T82.4-,T82
19,T85.612,Breakdown (mechanical) of permanent sutures,excludes1,mechanical complication of permanent (wire) suture used in bone repair (T84.1-T84.2),T84.1-T84.2,T84
19,T85.621,Displacement of intraperitoneal dialysis catheter,excludes1,mechanical complication of vascular dialysis catheter (T82.4-),T82.4-,T82
19,T85.622,Displacement of permanent sutures,excludes1,mechanical complication of permanent (wire) suture used in bone repair (T84.1-T84.2),T84.1-T84.2,T84
19,T85.631,Leakage of intraperitoneal dialysis catheter,excludes1,mechanical complication of vascular dialysis catheter (T82.4),T82.4,T82
19,T85.691,Other mechanical complication of intraperitoneal dialysis catheter,excludes1,mechanical complication of vascular dialysis catheter (T82.4),T82.4,T82
19,T85.692,Other mechanical complication of permanent sutures,excludes1,mechanical complication of permanent (wire) suture used in bone repair (T84.1-T84.2),T84.1-T84.2,T84
19,T86.2,Complications of heart transplant,excludes1,complication of:,,
19,T86.2,Complications of heart transplant,excludes1,artificial heart device (T82.5-),T82.5-,T82
19,T86.2,Complications of heart transplant,excludes1,heart-lung transplant (T86.3-),T86.3-,T86
19,T86.290,Cardiac allograft vasculopathy,excludes1,"atherosclerosis of coronary arteries (I25.75-, I25.76-, I25.81-)",I25.75-; I25.76-; I25.81-,I25
19,T86.81,Complications of lung transplant,excludes1,complication of heart-lung transplant (T86.3-),T86.3-,T86
19,T88.1,"Other complications following immunization, not elsewhere classified",excludes1,vaccinia not from vaccine (B08.011),B08.011,B08
19,T88.2,Shock due to anesthesia,excludes1,complications of anesthesia (in):,,
19,T88.2,Shock due to anesthesia,excludes1,labor and delivery (O74.-),O74.-,O74
19,T88.2,Shock due to anesthesia,excludes1,pregnancy (O29.-),O29.-,O29
19,T88.2,Shock due to anesthesia,excludes1,puerperium (O89.-),O89.-,O89
19,T88.2,Shock due to anesthesia,excludes1,postprocedural shock NOS (T81.1-),T81.1-,T81
19,T88.6,Anaphylactic reaction due to adverse effect of correct drug or medicament properly administered,excludes1,anaphylactic reaction due to serum (T80.5-),T80.5-,T80
19,T88.6,Anaphylactic reaction due to adverse effect of correct drug or medicament properly administered,excludes1,anaphylactic shock or reaction due to adverse food reaction (T78.0-),T78.0-,T78
19,T88.7,Unspecified adverse effect of drug or medicament,excludes1,"specified adverse effects of drugs and medicaments (A00-R94 and T80-T88.6, T88.8)",T88.8,T88
20,Block V00-V99,Transport accidents (V00-V99),excludes1,agricultural vehicles in stationary use or maintenance (W31.-),W31.-,W31
20,Block V00-V99,Transport accidents (V00-V99),excludes1,assault by crashing of motor vehicle (Y03.-),Y03.-,Y03
20,Block V00-V99,Transport accidents (V00-V99),excludes1,automobile or motor cycle in stationary use or maintenance- code to type of accident,,
20,Block V00-V99,Transport accidents (V00-V99),excludes1,"crashing of motor vehicle, undetermined intent (Y32)",Y32,Y32
20,Block V00-V99,Transport accidents (V00-V99),excludes1,intentional self-harm by crashing of motor vehicle (X82),X82,X82
20,Block V00-V09,Pedestrian injured in transport accident (V00-V09),excludes1,fall due to non-transport collision with other person (W03),W03,W03
20,Block V00-V09,Pedestrian injured in transport accident (V00-V09),excludes1,pedestrian on foot falling (slipping) on ice and snow (W00.-),W00.-,W00
20,Block V00-V09,Pedestrian injured in transport accident (V00-V09),excludes1,struck or bumped by another person (W51),W51,W51
20,V00,Pedestrian conveyance accident,excludes1,collision with another person without fall (W51),W51,W51
20,V00,Pedestrian conveyance accident,excludes1,fall due to person on foot colliding with another person on foot (W03),W03,W03
20,V00,Pedestrian conveyance accident,excludes1,"fall from non-moving wheelchair, nonmotorized scooter and motorized mobility scooter without collision (W05.-)",W05.-,W05
20,V00,Pedestrian conveyance accident,excludes1,pedestrian (conveyance) collision with other land transport vehicle (V01-V09),V01-V09,V01
20,V00,Pedestrian conveyance accident,excludes1,pedestrian on foot falling (slipping) on ice and snow (W00.-),W00.-,W00
20,V00.1,Rolling-type pedestrian conveyance accident,excludes1,accident with baby stroller (V00.82-),V00.82-,V00
20,V00.1,Rolling-type pedestrian conveyance accident,excludes1,accident with wheelchair (powered) (V00.81-),V00.81-,V00
20,V00.1,Rolling-type pedestrian conveyance accident,excludes1,accident with motorized mobility scooter (V00.83-),V00.83-,V00
20,V00.118,Other in-line roller-skate accident,excludes1,roller-skater collision with other land transport vehicle (V01-V09 with 5th character 1),,
20,V00.128,Other non-in-line roller-skating accident,excludes1,roller-skater collision with other land transport vehicle (V01-V09 with 5th character 1),,
20,V00.138,Other skateboard accident,excludes1,skateboarder collision with other land transport vehicle (V01-V09 with 5th character 2),,
20,V00.14,Scooter (nonmotorized) accident,excludes1,motor scooter accident (V20-V29),V20-V29,V20
20,V00.148,Other scooter (nonmotorized) accident,excludes1,scooter (nonmotorized) collision with other land transport vehicle (V01-V09 with fifth character 9),,
20,V00.218,Other ice-skates accident,excludes1,ice-skater collision with other land transport vehicle (V01-V09 with 5th character 9),,
20,V00.228,Other sled accident,excludes1,sled collision with other land transport vehicle (V01-V09 with 5th character 9),,
20,V00.288,Other accident on other gliding-type pedestrian conveyance,excludes1,gliding-type pedestrian conveyance collision with other land transport vehicle (V01-V09 with 5th character 9),,
20,V00.318,Other snowboard accident,excludes1,snowboarder collision with other land transport vehicle (V01-V09 with 5th character 9),,
20,V00.328,Other snow-ski accident,excludes1,snow-skier collision with other land transport vehicle (V01-V09 with 5th character 9),,
20,V00.811,Fall from moving wheelchair (powered),excludes1,fall from non-moving wheelchair (W05.0),W05.0,W05
20,V00.831,Fall from motorized mobility scooter,excludes1,fall from non-moving motorized mobility scooter (W05.2),W05.2,W05
20,V00.898,Other accident on other pedestrian conveyance,excludes1,other pedestrian (conveyance) collision with other land transport vehicle (V01-V09 with 5th character 9),,
20,V04,Pedestrian injured in collision with heavy transport vehicle or bus,excludes1,"pedestrian injured in collision with military vehicle (V09.01, V09.21)",V09.01; V09.21,V09
20,V06,Pedestrian injured in collision with other nonmotor vehicle,excludes1,pedestrian injured in collision with pedestrian conveyance (V00.0-),V00.0-,V00
20,V10,Pedal cycle rider injured in collision with pedestrian or animal,excludes1,pedal cycle rider collision with animal-drawn vehicle or animal being ridden (V16.-),V16.-,V16
20,V14,Pedal cycle rider injured in collision with heavy transport vehicle or bus,excludes1,pedal cycle rider injured in collision with military vehicle (V19.81),V19.81,V19
20,Block V20-V29,Motorcycle rider injured in transport accident (V20-V29),excludes1,three-wheeled motor vehicle (V30-V39),V30-V39,V30
20,V20,Motorcycle rider injured in collision with pedestrian or animal,excludes1,motorcycle rider collision with animal-drawn vehicle or animal being ridden (V26.-),V26.-,V26
20,V24,Motorcycle rider injured in collision with heavy transport vehicle or bus,excludes1,motorcycle rider injured in collision with military vehicle (V29.818),V29.818,V29
20,Block V30-V39,Occupant of three-wheeled motor vehicle injured in transport accident (V30-V39),excludes1,all-terrain vehicles (V86.-),V86.-,V86
20,Block V30-V39,Occupant of three-wheeled motor vehicle injured in transport accident (V30-V39),excludes1,motorcycle with sidecar (V20-V29),V20-V29,V20
20,Block V30-V39,Occupant of three-wheeled motor vehicle injured in transport accident (V30-V39),excludes1,vehicle designed primarily for off-road use (V86.-),V86.-,V86
20,V30,Occupant of three-wheeled motor vehicle injured in collision with pedestrian or animal,excludes1,three-wheeled motor vehicle collision with animal-drawn vehicle or animal being ridden (V36.-),V36.-,V36
20,V34,Occupant of three-wheeled motor vehicle injured in collision with heavy transport vehicle or bus,excludes1,occupant of three-wheeled motor vehicle injured in collision with military vehicle (V39.81),V39.81,V39
20,Block V40-V49,Car occupant injured in transport accident (V40-V49),excludes1,bus (V50-V59),V50-V59,V50
20,Block V40-V49,Car occupant injured in transport accident (V40-V49),excludes1,minibus (V50-V59),V50-V59,V50
20,Block V40-V49,Car occupant injured in transport accident (V40-V49),excludes1,minivan (V50-V59),V50-V59,V50
20,Block V40-V49,Car occupant injured in transport accident (V40-V49),excludes1,motorcoach (V70-V79),V70-V79,V70
20,Block V40-V49,Car occupant injured in transport accident (V40-V49),excludes1,pick-up truck (V50-V59),V50-V59,V50
20,Block V40-V49,Car occupant injured in transport accident (V40-V49),excludes1,sport utility vehicle (SUV) (V50-V59),V50-V59,V50
20,V40,Car occupant injured in collision with pedestrian or animal,excludes1,car collision with animal-drawn vehicle or animal being ridden (V46.-),V46.-,V46
20,V44,Car occupant injured in collision with heavy transport vehicle or bus,excludes1,car occupant injured in collision with military vehicle (V49.81),V49.81,V49
20,Block V50-V59,Occupant of pick-up truck or van injured in transport accident (V50-V59),excludes1,heavy transport vehicle (V60-V69),V60-V69,V60
20,V50,Occupant of pick-up truck or van injured in collision with pedestrian or animal,excludes1,pick-up truck or van collision with animal-drawn vehicle or animal being ridden (V56.-),V56.-,V56
20,V54,Occupant of pick-up truck or van injured in collision with heavy transport vehicle or bus,excludes1,occupant of pick-up truck or van injured in collision with military vehicle (V59.81),V59.81,V59
20,Block V60-V69,Occupant of heavy transport vehicle injured in transport accident (V60-V69),excludes1,bus,,
20,Block V60-V69,Occupant of heavy transport vehicle injured in transport accident (V60-V69),excludes1,motorcoach,,
20,V60,Occupant of heavy transport vehicle injured in collision with pedestrian or animal,excludes1,heavy transport vehicle collision with animal-drawn vehicle or animal being ridden (V66.-),V66.-,V66
20,V64,Occupant of heavy transport vehicle injured in collision with heavy transport vehicle or bus,excludes1,occupant of heavy transport vehicle injured in collision with military vehicle (V69.81),V69.81,V69
20,Block V70-V79,Bus occupant injured in transport accident (V70-V79),excludes1,minibus (V50-V59),V50-V59,V50
20,V70,Bus occupant injured in collision with pedestrian or animal,excludes1,bus collision with animal-drawn vehicle or animal being ridden (V76.-),V76.-,V76
20,V74,Bus occupant injured in collision with heavy transport vehicle or bus,excludes1,bus occupant injured in collision with military vehicle (V79.81),V79.81,V79
20,V80.1,Animal-rider or occupant of animal-drawn vehicle injured in collision with pedestrian or animal,excludes1,animal-rider or animal-drawn vehicle collision with animal-drawn vehicle or animal being ridden (V80.7),V80.7,V80
20,V80.4,"Animal-rider or occupant of animal-drawn vehicle injured in collision with car, pick-up truck, van, heavy transport vehicle or bus",excludes1,animal-rider injured in collision with military vehicle (V80.910),V80.910,V80
20,V80.4,"Animal-rider or occupant of animal-drawn vehicle injured in collision with car, pick-up truck, van, heavy transport vehicle or bus",excludes1,occupant of animal-drawn vehicle injured in collision with military vehicle (V80.920),V80.920,V80
20,V81,Occupant of railway train or railway vehicle injured in transport accident,excludes1,streetcar (V82.-),V82.-,V82
20,V81.0,Occupant of railway train or railway vehicle injured in collision with motor vehicle in nontraffic accident,excludes1,Occupant of railway train or railway vehicle injured due to collision with military vehicle (V81.83),V81.83,V81
20,V81.1,Occupant of railway train or railway vehicle injured in collision with motor vehicle in traffic accident,excludes1,Occupant of railway train or railway vehicle injured due to collision with military vehicle (V81.83),V81.83,V81
20,V82,Occupant of powered streetcar injured in transport accident,excludes1,bus (V70-V79),V70-V79,V70
20,V82,Occupant of powered streetcar injured in transport accident,excludes1,motorcoach (V70-V79),V70-V79,V70
20,V82,Occupant of powered streetcar injured in transport accident,excludes1,nonpowered streetcar (V76.-),V76.-,V76
20,V82,Occupant of powered streetcar injured in transport accident,excludes1,train (V81.-),V81.-,V81
20,V82.3,Occupant of streetcar injured in collision with other object,excludes1,collision with animal-drawn vehicle or animal being ridden (V82.8),V82.8,V82
20,V82.5,Occupant of streetcar injured by fall in streetcar,excludes1,fall in streetcar:,,
20,V82.5,Occupant of streetcar injured by fall in streetcar,excludes1,while boarding or alighting (V82.4),V82.4,V82
20,V82.5,Occupant of streetcar injured by fall in streetcar,excludes1,with antecedent collision (V82.0-V82.3),V82.0-V82.3,V82
20,V82.6,Occupant of streetcar injured by fall from streetcar,excludes1,fall from streetcar:,,
20,V82.6,Occupant of streetcar injured by fall from streetcar,excludes1,while boarding or alighting (V82.4),V82.4,V82
20,V82.6,Occupant of streetcar injured by fall from streetcar,excludes1,with antecedent collision (V82.0-V82.3),V82.0-V82.3,V82
20,V82.7,Occupant of streetcar injured in derailment without antecedent collision,excludes1,occupant of streetcar injured in derailment with antecedent collision (V82.0-V82.3),V82.0-V82.3,V82
20,V83,Occupant of special vehicle mainly used on industrial premises injured in transport accident,excludes1,special construction vehicles (V85.-),V85.-,V85
20,V83,Occupant of special vehicle mainly used on industrial premises injured in transport accident,excludes1,special industrial vehicle in stationary use or maintenance (W31.-),W31.-,W31
20,V84,Occupant of special vehicle mainly used in agriculture injured in transport accident,excludes1,animal-powered farm machinery accident (W30.8-),W30.8-,W30
20,V84,Occupant of special vehicle mainly used in agriculture injured in transport accident,excludes1,contact with combine harvester (W30.0),W30.0,W30
20,V84,Occupant of special vehicle mainly used in agriculture injured in transport accident,excludes1,special agricultural vehicle in stationary use or maintenance (W30.-),W30.-,W30
20,V85,Occupant of special construction vehicle injured in transport accident,excludes1,special industrial vehicle (V83.-),V83.-,V83
20,V85,Occupant of special construction vehicle injured in transport accident,excludes1,special construction vehicle in stationary use or maintenance (W31.-),W31.-,W31
20,V86,"Occupant of special all-terrain or other off-road motor vehicle, injured in transport accident",excludes1,special all-terrain vehicle in stationary use or maintenance (W31.-),W31.-,W31
20,V86,"Occupant of special all-terrain or other off-road motor vehicle, injured in transport accident",excludes1,sport-utility vehicle (V50-V59),V50-V59,V50
20,V86,"Occupant of special all-terrain or other off-road motor vehicle, injured in transport accident",excludes1,three-wheeled motor vehicle designed for on-road use (V30-V39),V30-V39,V30
20,V87,Traffic accident of specified type but victim's mode of transport unknown,excludes1,collision involving:,,
20,V87,Traffic accident of specified type but victim's mode of transport unknown,excludes1,pedal cycle (V10-V19),V10-V19,V10
20,V87,Traffic accident of specified type but victim's mode of transport unknown,excludes1,pedestrian (V01-V09),V01-V09,V01
20,V88,Nontraffic accident of specified type but victim's mode of transport unknown,excludes1,collision involving:,,
20,V88,Nontraffic accident of specified type but victim's mode of transport unknown,excludes1,pedal cycle (V10-V19),V10-V19,V10
20,V88,Nontraffic accident of specified type but victim's mode of transport unknown,excludes1,pedestrian (V01-V09),V01-V09,V01
20,V90,Drowning and submersion due to accident to watercraft,excludes1,civilian water transport accident involving military watercraft (V94.81-),V94.81-,V94
20,V90,Drowning and submersion due to accident to watercraft,excludes1,fall into water not from watercraft (W16.-),W16.-,W16
20,V90,Drowning and submersion due to accident to watercraft,excludes1,"military watercraft accident in military or war operations (Y36.0-, Y37.0-)",Y36.0-; Y37.0-,Y36; Y37
20,V90,Drowning and submersion due to accident to watercraft,excludes1,water-transport-related drowning or submersion without accident to watercraft (V92.-),V92.-,V92
20,V91,Other injury due to accident to watercraft,excludes1,civilian water transport accident involving military watercraft (V94.81-),V94.81-,V94
20,V91,Other injury due to accident to watercraft,excludes1,"military watercraft accident in military or war operations (Y36, Y37.-)",Y36; Y37.-,Y36; Y37
20,V91.0,Burn due to watercraft on fire,excludes1,burn from localized fire or explosion on board ship without accident to watercraft (V93.-),V93.-,V93
20,V91.2,Fall due to collision between watercraft and other watercraft or other object,excludes1,crushed between watercraft and other watercraft and other object due to collision (V91.1-),V91.1-,V91
20,V91.2,Fall due to collision between watercraft and other watercraft or other object,excludes1,drowning and submersion due to falling from crushed watercraft (V90.3-),V90.3-,V90
20,V92,"Drowning and submersion due to accident on board watercraft, without accident to watercraft",excludes1,civilian water transport accident involving military watercraft (V94.81-),V94.81-,V94
20,V92,"Drowning and submersion due to accident on board watercraft, without accident to watercraft",excludes1,drowning or submersion due to accident to watercraft (V90-V91),V90-V91,V90
20,V92,"Drowning and submersion due to accident on board watercraft, without accident to watercraft",excludes1,"drowning or submersion of diver who voluntarily jumps from boat not involved in an accident (W16.711, W16.721)",W16.711; W16.721,W16
20,V92,"Drowning and submersion due to accident on board watercraft, without accident to watercraft",excludes1,fall into water without watercraft (W16.-),W16.-,W16
20,V92,"Drowning and submersion due to accident on board watercraft, without accident to watercraft",excludes1,"military watercraft accident in military or war operations (Y36, Y37)",Y36; Y37,Y36; Y37
20,V92.07,Drowning and submersion due to fall off water-skis,excludes1,drowning and submersion due to falling off burning water-skis (V90.27),V90.27,V90
20,V92.07,Drowning and submersion due to fall off water-skis,excludes1,drowning and submersion due to falling off crushed water-skis (V90.37),V90.37,V90
20,V92.07,Drowning and submersion due to fall off water-skis,excludes1,hit by boat while water-skiing NOS (V94.-),V94.-,V94
20,V92.08,Drowning and submersion due to fall off other unpowered watercraft,excludes1,drowning and submersion due to fall off burning unpowered watercraft (V90.28),V90.28,V90
20,V92.08,Drowning and submersion due to fall off other unpowered watercraft,excludes1,drowning and submersion due to fall off crushed unpowered watercraft (V90.38),V90.38,V90
20,V92.08,Drowning and submersion due to fall off other unpowered watercraft,excludes1,drowning and submersion due to fall off damaged unpowered watercraft (V90.88),V90.88,V90
20,V92.08,Drowning and submersion due to fall off other unpowered watercraft,excludes1,drowning and submersion due to rider of nonpowered watercraft being hit by other watercraft (V94.-),V94.-,V94
20,V92.08,Drowning and submersion due to fall off other unpowered watercraft,excludes1,other injury due to rider of nonpowered watercraft being hit by other watercraft (V94.-),V94.-,V94
20,V92.1,Drowning and submersion due to being thrown overboard by motion of watercraft,excludes1,drowning and submersion due to fall off surf-board (V92.08),V92.08,V92
20,V92.1,Drowning and submersion due to being thrown overboard by motion of watercraft,excludes1,drowning and submersion due to fall off water-skis (V92.07),V92.07,V92
20,V92.1,Drowning and submersion due to being thrown overboard by motion of watercraft,excludes1,drowning and submersion due to fall off windsurfer (V92.08),V92.08,V92
20,V92.27,Drowning and submersion due to being washed overboard from water-skis,excludes1,drowning and submersion due to fall off water-skis (V92.07),V92.07,V92
20,V93,"Other injury due to accident on board watercraft, without accident to watercraft",excludes1,civilian water transport accident involving military watercraft (V94.81-),V94.81-,V94
20,V93,"Other injury due to accident on board watercraft, without accident to watercraft",excludes1,other injury due to accident to watercraft (V91.-),V91.-,V91
20,V93,"Other injury due to accident on board watercraft, without accident to watercraft",excludes1,"military watercraft accident in military or war operations (Y36, Y37.-)",Y36; Y37.-,Y36; Y37
20,V93.0,Burn due to localized fire on board watercraft,excludes1,burn due to watercraft on fire (V91.0-),V91.0-,V91
20,V93.1,Other burn on board watercraft,excludes1,burn due to watercraft on fire (V91.0-),V91.0-,V91
20,V93.2,Heat exposure on board watercraft,excludes1,exposure to man-made heat not aboard watercraft (W92),W92,W92
20,V93.2,Heat exposure on board watercraft,excludes1,exposure to natural heat while on board watercraft (X30),X30,X30
20,V93.2,Heat exposure on board watercraft,excludes1,exposure to sunlight while on board watercraft (X32),X32,X32
20,V93.3,Fall on board watercraft,excludes1,fall due to collision of watercraft (V91.2-),V91.2-,V91
20,V93.4,Struck by falling object on board watercraft,excludes1,struck by falling object due to accident to watercraft (V91.3),V91.3,V91
20,V93.6,Machinery accident on board watercraft,excludes1,machinery explosion on board watercraft (V93.4-),V93.4-,V93
20,V93.6,Machinery accident on board watercraft,excludes1,machinery fire on board watercraft (V93.0-),V93.0-,V93
20,V94,Other and unspecified water transport accidents,excludes1,"military watercraft accidents in military or war operations (Y36, Y37)",Y36; Y37,Y36; Y37
20,Block V95-V97,Air and space transport accidents (V95-V97),excludes1,"military aircraft accidents in military or war operations (Y36, Y37)",Y36; Y37,Y36; Y37
20,V97.0,Occupant of aircraft injured in other specified air transport accidents,excludes1,accident while boarding or alighting aircraft (V97.1),V97.1,V97
20,V97.8,"Other air transport accidents, not elsewhere classified",excludes1,aircraft accident NOS (V95.9),V95.9,V95
20,V97.8,"Other air transport accidents, not elsewhere classified",excludes1,exposure to changes in air pressure during ascent or descent (W94.-),W94.-,W94
20,Block V98-V99,Other and unspecified transport accidents (V98-V99),excludes1,"vehicle accident, type of vehicle unspecified (V89.-)",V89.-,V89
20,Block W00-W19,"Slipping, tripping, stumbling and falls (W00-W19)",excludes1,assault involving a fall (Y01-Y02),Y01-Y02,Y01
20,Block W00-W19,"Slipping, tripping, stumbling and falls (W00-W19)",excludes1,fall from animal (V80.-),V80.-,V80
20,Block W00-W19,"Slipping, tripping, stumbling and falls (W00-W19)",excludes1,fall (in) (from) machinery (in operation) (W28-W31),W28-W31,W28
20,Block W00-W19,"Slipping, tripping, stumbling and falls (W00-W19)",excludes1,fall (in) (from) transport vehicle (V01-V99),V01-V99,V01
20,Block W00-W19,"Slipping, tripping, stumbling and falls (W00-W19)",excludes1,intentional self-harm involving a fall (X80-X81),X80-X81,X80
20,W00,Fall due to ice and snow,excludes1,fall on (from) ice and snow involving pedestrian conveyance (V00.-),V00.-,V00
20,W00,Fall due to ice and snow,excludes1,fall from stairs and steps not due to ice and snow (W10.-),W10.-,W10
20,W01,"Fall on same level from slipping, tripping and stumbling",excludes1,fall due to bumping (striking) against object (W18.0-),W18.0-,W18
20,W01,"Fall on same level from slipping, tripping and stumbling",excludes1,fall in shower or bathtub (W18.2-),W18.2-,W18
20,W01,"Fall on same level from slipping, tripping and stumbling",excludes1,fall on same level NOS (W18.30),W18.30,W18
20,W01,"Fall on same level from slipping, tripping and stumbling",excludes1,"fall on same level from slipping, tripping and stumbling due to ice or snow (W00.0)",W00.0,W00
20,W01,"Fall on same level from slipping, tripping and stumbling",excludes1,fall off or from toilet (W18.1-),W18.1-,W18
20,W01,"Fall on same level from slipping, tripping and stumbling",excludes1,"slipping, tripping and stumbling NOS (W18.40)",W18.40,W18
20,W01,"Fall on same level from slipping, tripping and stumbling",excludes1,"slipping, tripping and stumbling without falling (W18.4-)",W18.4-,W18
20,W03,Other fall on same level due to collision with another person,excludes1,collision with another person without fall (W51),W51,W51
20,W03,Other fall on same level due to collision with another person,excludes1,crushed or pushed by a crowd or human stampede (W52),W52,W52
20,W03,Other fall on same level due to collision with another person,excludes1,fall involving pedestrian conveyance (V00-V09),V00-V09,V00
20,W03,Other fall on same level due to collision with another person,excludes1,fall due to ice or snow (W00),W00,W00
20,W03,Other fall on same level due to collision with another person,excludes1,fall on same level NOS (W18.30),W18.30,W18
20,W05,"Fall from non-moving wheelchair, nonmotorized scooter and motorized mobility scooter",excludes1,fall from moving wheelchair (powered) (V00.811),V00.811,V00
20,W05,"Fall from non-moving wheelchair, nonmotorized scooter and motorized mobility scooter",excludes1,fall from moving motorized mobility scooter (V00.831),V00.831,V00
20,W05,"Fall from non-moving wheelchair, nonmotorized scooter and motorized mobility scooter",excludes1,fall from nonmotorized scooter (V00.141),V00.141,V00
20,W09,Fall on and from playground equipment,excludes1,fall involving recreational machinery (W31),W31,W31
20,W10,Fall on and from stairs and steps,excludes1,Fall from stairs and steps due to ice and snow (W00.1),W00.1,W00
20,W13.9,"Fall from, out of or through building, not otherwise specified",excludes1,collapse of a building or structure (W20.-),W20.-,W20
20,W13.9,"Fall from, out of or through building, not otherwise specified",excludes1,fall or jump from burning building or structure (X00.-),X00.-,X00
20,W16,"Fall, jump or diving into water",excludes1,accidental non-watercraft drowning and submersion not involving fall (W65-W74),W65-W74,W65
20,W16,"Fall, jump or diving into water",excludes1,effects of air pressure from diving (W94.-),W94.-,W94
20,W16,"Fall, jump or diving into water",excludes1,fall into water from watercraft (V90-V94),V90-V94,V90
20,W16,"Fall, jump or diving into water",excludes1,hitting an object or against bottom when falling from watercraft (V94.0),V94.0,V94
20,W16.0,Fall into swimming pool,excludes1,fall into empty swimming pool (W17.3),W17.3,W17
20,W16.011,Fall into swimming pool striking water surface causing drowning and submersion,excludes1,drowning and submersion while in swimming pool without fall (W67),W67,W67
20,W16.021,Fall into swimming pool striking bottom causing drowning and submersion,excludes1,drowning and submersion while in swimming pool without fall (W67),W67,W67
20,W16.031,Fall into swimming pool striking wall causing drowning and submersion,excludes1,drowning and submersion while in swimming pool without fall (W67),W67,W67
20,W16.111,Fall into natural body of water striking water surface causing drowning and submersion,excludes1,drowning and submersion while in natural body of water without fall (W69),W69,W69
20,W16.121,Fall into natural body of water striking bottom causing drowning and submersion,excludes1,drowning and submersion while in natural body of water without fall (W69),W69,W69
20,W16.131,Fall into natural body of water striking side causing drowning and submersion,excludes1,drowning and submersion while in natural body of water without fall (W69),W69,W69
20,W16.21,Fall in (into) filled bathtub,excludes1,fall into empty bathtub (W18.2),W18.2,W18
20,W16.211,Fall in (into) filled bathtub causing drowning and submersion,excludes1,drowning and submersion while in filled bathtub without fall (W65),W65,W65
20,W16.311,Fall into other water striking water surface causing drowning and submersion,excludes1,drowning and submersion while in other water without fall (W73),W73,W73
20,W16.321,Fall into other water striking bottom causing drowning and submersion,excludes1,drowning and submersion while in other water without fall (W73),W73,W73
20,W16.331,Fall into other water striking wall causing drowning and submersion,excludes1,drowning and submersion while in other water without fall (W73),W73,W73
20,W16.511,Jumping or diving into swimming pool striking water surface causing drowning and submersion,excludes1,drowning and submersion while in swimming pool without jumping or diving (W67),W67,W67
20,W16.521,Jumping or diving into swimming pool striking bottom causing drowning and submersion,excludes1,drowning and submersion while in swimming pool without jumping or diving (W67),W67,W67
20,W16.531,Jumping or diving into swimming pool striking wall causing drowning and submersion,excludes1,drowning and submersion while in swimming pool without jumping or diving (W67),W67,W67
20,W16.611,Jumping or diving into natural body of water striking water surface causing drowning and submersion,excludes1,drowning and submersion while in natural body of water without jumping or diving (W69),W69,W69
20,W16.621,Jumping or diving into natural body of water striking bottom causing drowning and submersion,excludes1,drowning and submersion while in natural body of water without jumping or diving (W69),W69,W69
20,W16.7,Jumping or diving from boat,excludes1,Fall from boat into water -see watercraft accident (V90-V94),V90-V94,V90
20,W16.811,Jumping or diving into other water striking water surface causing drowning and submersion,excludes1,drowning and submersion while in other water without jumping or diving (W73),W73,W73
20,W16.821,Jumping or diving into other water striking bottom causing drowning and submersion,excludes1,drowning and submersion while in other water without jumping or diving (W73),W73,W73
20,W16.831,Jumping or diving into other water striking wall causing drowning and submersion,excludes1,drowning and submersion while in other water without jumping or diving (W73),W73,W73
20,W17.3,Fall into empty swimming pool,excludes1,fall into filled swimming pool (W16.0-),W16.0-,W16
20,W18.0,Fall due to bumping against object,excludes1,"fall on same level due to slipping, tripping, or stumbling with subsequent striking against object (W01.1-)",W01.1-,W01
20,W18.2,Fall in (into) shower or empty bathtub,excludes1,fall in full bathtub causing drowning or submersion (W16.21-),W16.21-,W16
20,W18.31,Fall on same level due to stepping on an object,excludes1,"slipping, tripping and stumbling without fall due to stepping on animal (W18.41)",W18.41,W18
20,W18.4,"Slipping, tripping and stumbling without falling",excludes1,collision with another person without fall (W51),W51,W51
20,W18.41,"Slipping, tripping and stumbling without falling due to stepping on object",excludes1,"slipping, tripping and stumbling with fall due to stepping on animal (W18.31)",W18.31,W18
20,Block W20-W49,Exposure to inanimate mechanical forces (W20-W49),excludes1,assault (X92-Y09),X92-Y09,X92
20,Block W20-W49,Exposure to inanimate mechanical forces (W20-W49),excludes1,contact or collision with animals or persons (W50-W64),W50-W64,W50
20,Block W20-W49,Exposure to inanimate mechanical forces (W20-W49),excludes1,"exposure to inanimate mechanical forces involving military or war operations (Y36.-, Y37.-)",Y36.-; Y37.-,Y36; Y37
20,Block W20-W49,Exposure to inanimate mechanical forces (W20-W49),excludes1,intentional self-harm (X71-X83),X71-X83,X71
20,W20,"Struck by thrown, projected or falling object",excludes1,"falling object in machinery accident (W24, W28-W31)",W24; W28-W31,W24; W28
20,W20,"Struck by thrown, projected or falling object",excludes1,falling object in transport accident (V01-V99),V01-V99,V01
20,W20,"Struck by thrown, projected or falling object",excludes1,object set in motion by explosion (W35-W40),W35-W40,W35
20,W20,"Struck by thrown, projected or falling object",excludes1,object set in motion by firearm (W32-W34),W32-W34,W32
20,W20,"Struck by thrown, projected or falling object",excludes1,struck by thrown sports equipment (W21.-),W21.-,W21
20,W20.1,Struck by object due to collapse of building,excludes1,"struck by object due to collapse of burning building (X00.2, X02.2)",X00.2; X02.2,X00; X02
20,W20.8,"Other cause of strike by thrown, projected or falling object",excludes1,struck by thrown sports equipment (W21.-),W21.-,W21
20,W21,Striking against or struck by sports equipment,excludes1,assault with sports equipment (Y08.0-),Y08.0-,Y08
20,W21,Striking against or struck by sports equipment,excludes1,striking against or struck by sports equipment with subsequent fall (W18.01),W18.01,W18
20,W22,Striking against or struck by other objects,excludes1,striking against or struck by object with subsequent fall (W18.09),W18.09,W18
20,W22.0,Striking against stationary object,excludes1,striking against stationary sports equipment (W21.8),W21.8,W21
20,W22.041,Striking against wall of swimming pool causing drowning and submersion,excludes1,drowning and submersion while swimming without striking against wall (W67),W67,W67
20,W22.8,Striking against or struck by other objects,excludes1,"struck by thrown, projected or falling object (W20.-)",W20.-,W20
20,W23,"Caught, crushed, jammed or pinched in or between objects",excludes1,injury caused by cutting or piercing instruments (W25-W27),W25-W27,W25
20,W23,"Caught, crushed, jammed or pinched in or between objects",excludes1,"injury caused by firearms malfunction (W32.1, W33.1-, W34.1-)",W32.1; W33.1-; W34.1-,W32; W33; W34
20,W23,"Caught, crushed, jammed or pinched in or between objects",excludes1,injury caused by lifting and transmission devices (W24.-),W24.-,W24
20,W23,"Caught, crushed, jammed or pinched in or between objects",excludes1,injury caused by machinery (W28-W31),W28-W31,W28
20,W23,"Caught, crushed, jammed or pinched in or between objects",excludes1,injury caused by nonpowered hand tools (W27.-),W27.-,W27
20,W23,"Caught, crushed, jammed or pinched in or between objects",excludes1,injury caused by transport vehicle being used as a means of transportation (V01-V99),V01-V99,V01
20,W23,"Caught, crushed, jammed or pinched in or between objects",excludes1,"injury caused by struck by thrown, projected or falling object (W20.-)",W20.-,W20
20,W24,"Contact with lifting and transmission devices, not elsewhere classified",excludes1,transport accidents (V01-V99),V01-V99,V01
20,W25,Contact with sharp glass,excludes1,"fall on same level due to slipping, tripping and stumbling with subsequent striking against sharp glass (W01.110-)",W01.110-,W01
20,W25,Contact with sharp glass,excludes1,striking against sharp glass with subsequent fall (W18.02-),W18.02-,W18
20,W26.0,Contact with knife,excludes1,contact with electric knife (W29.1),W29.1,W29
20,W27.3,Contact with needle (sewing),excludes1,contact with hypodermic needle (W46.-),W46.-,W46
20,W28,Contact with powered lawn mower,excludes1,contact with nonpowered lawn mower (W27.1),W27.1,W27
20,W29,Contact with other powered hand tools and household machinery,excludes1,contact with commercial machinery (W31.82),W31.82,W31
20,W29,Contact with other powered hand tools and household machinery,excludes1,contact with hot household appliance (X15),X15,X15
20,W29,Contact with other powered hand tools and household machinery,excludes1,contact with nonpowered hand tool (W27.-),W27.-,W27
20,W29,Contact with other powered hand tools and household machinery,excludes1,exposure to electric current (W86),W86,W86
20,W29.3,Contact with powered garden and outdoor hand tools and machinery,excludes1,contact with powered lawn mower (W28),W28,W28
20,W30,Contact with agricultural machinery,excludes1,agricultural transport vehicle accident (V01-V99),V01-V99,V01
20,W30,Contact with agricultural machinery,excludes1,explosion of grain store (W40.8),W40.8,W40
20,W30,Contact with agricultural machinery,excludes1,exposure to electric current (W86.-),W86.-,W86
20,W30.3,Contact with grain storage elevator,excludes1,explosion of grain store (W40.8),W40.8,W40
20,W30.81,Contact with agricultural transport vehicle in stationary use,excludes1,agricultural transport vehicle accident (V01-V99),V01-V99,V01
20,W31,Contact with other and unspecified machinery,excludes1,contact with agricultural machinery (W30.-),W30.-,W30
20,W31,Contact with other and unspecified machinery,excludes1,contact with machinery in transport under own power or being towed by a vehicle (V01-V99),V01-V99,V01
20,W31,Contact with other and unspecified machinery,excludes1,exposure to electric current (W86),W86,W86
20,W31.2,Contact with powered woodworking and forming machines,excludes1,nonpowered woodworking tools (W27.0),W27.0,W27
20,W31.82,Contact with other commercial machinery,excludes1,contact with household machinery (W29.-),W29.-,W29
20,W31.82,Contact with other commercial machinery,excludes1,contact with powered lawn mower (W28),W28,W28
20,W31.83,Contact with special construction vehicle in stationary use,excludes1,special construction vehicle accident (V01-V99),V01-V99,V01
20,W32,Accidental handgun discharge and malfunction,excludes1,"accidental airgun discharge and malfunction (W34.010, W34.110)",W34.010; W34.110,W34
20,W32,Accidental handgun discharge and malfunction,excludes1,"accidental BB gun discharge and malfunction (W34.010, W34.110)",W34.010; W34.110,W34
20,W32,Accidental handgun discharge and malfunction,excludes1,"accidental pellet gun discharge and malfunction (W34.010, W34.110)",W34.010; W34.110,W34
20,W32,Accidental handgun discharge and malfunction,excludes1,"accidental shotgun discharge and malfunction (W33.01, W33.11)",W33.01; W33.11,W33
20,W32,Accidental handgun discharge and malfunction,excludes1,assault by handgun discharge (X93),X93,X93
20,W32,Accidental handgun discharge and malfunction,excludes1,handgun discharge involving legal intervention (Y35.0-),Y35.0-,Y35
20,W32,Accidental handgun discharge and malfunction,excludes1,handgun discharge involving military or war operations (Y36.4-),Y36.4-,Y36
20,W32,Accidental handgun discharge and malfunction,excludes1,intentional self-harm by handgun discharge (X72),X72,X72
20,W32,Accidental handgun discharge and malfunction,excludes1,"Very pistol discharge and malfunction (W34.09, W34.19)",W34.09; W34.19,W34
20,W33,"Accidental rifle, shotgun and larger firearm discharge and malfunction",excludes1,"accidental airgun discharge and malfunction (W34.010, W34.110)",W34.010; W34.110,W34
20,W33,"Accidental rifle, shotgun and larger firearm discharge and malfunction",excludes1,"accidental BB gun discharge and malfunction (W34.010, W34.110)",W34.010; W34.110,W34
20,W33,"Accidental rifle, shotgun and larger firearm discharge and malfunction",excludes1,accidental handgun discharge and malfunction (W32.-),W32.-,W32
20,W33,"Accidental rifle, shotgun and larger firearm discharge and malfunction",excludes1,"accidental pellet gun discharge and malfunction (W34.010, W34.110)",W34.010; W34.110,W34
20,W33,"Accidental rifle, shotgun and larger firearm discharge and malfunction",excludes1,"assault by rifle, shotgun and larger firearm discharge (X94)",X94,X94
20,W33,"Accidental rifle, shotgun and larger firearm discharge and malfunction",excludes1,firearm discharge involving legal intervention (Y35.0-),Y35.0-,Y35
20,W33,"Accidental rifle, shotgun and larger firearm discharge and malfunction",excludes1,firearm discharge involving military or war operations (Y36.4-),Y36.4-,Y36
20,W33,"Accidental rifle, shotgun and larger firearm discharge and malfunction",excludes1,"intentional self-harm by rifle, shotgun and larger firearm discharge (X73)",X73,X73
20,W35,Explosion and rupture of boiler,excludes1,explosion and rupture of boiler on watercraft (V93.4),V93.4,V93
20,W40,Explosion of other materials,excludes1,assault by explosive material (X96),X96,X96
20,W40,Explosion of other materials,excludes1,explosion involving legal intervention (Y35.1-),Y35.1-,Y35
20,W40,Explosion of other materials,excludes1,"explosion involving military or war operations (Y36.0-, Y36.2-)",Y36.0-; Y36.2-,Y36
20,W40,Explosion of other materials,excludes1,intentional self-harm by explosive material (X75),X75,X75
20,W40.8,Explosion of other specified explosive materials,excludes1,explosion involving legal intervention (Y35.1-),Y35.1-,Y35
20,W40.8,Explosion of other specified explosive materials,excludes1,"explosion involving military or war operations (Y36.0-, Y36.2-)",Y36.0-; Y36.2-,Y36
20,W49,Exposure to other inanimate mechanical forces,excludes1,"exposure to inanimate mechanical forces involving military or war operations (Y36.-, Y37.-)",Y36.-; Y37.-,Y36; Y37
20,Block W50-W64,Exposure to animate mechanical forces (W50-W64),excludes1,Toxic effect of contact with venomous animals and plants (T63.-),T63.-,T63
20,W50,"Accidental hit, strike, kick, twist, bite or scratch by another person",excludes1,assault by bodily force (Y04),Y04,Y04
20,W50,"Accidental hit, strike, kick, twist, bite or scratch by another person",excludes1,struck by objects (W20-W22),W20-W22,W20
20,W51,Accidental striking against or bumped into by another person,excludes1,assault by striking against or bumping into by another person (Y04.2),Y04.2,Y04
20,W51,Accidental striking against or bumped into by another person,excludes1,fall due to collision with another person (W03),W03,W03
20,W55,Contact with other mammals,excludes1,animal being ridden- see transport accidents,,
20,W55,Contact with other mammals,excludes1,bitten or struck by dog (W54),W54,W54
20,W55,Contact with other mammals,excludes1,bitten or struck by rodent (W53.-),W53.-,W53
20,W55,Contact with other mammals,excludes1,contact with marine mammals (W56.-),W56.-,W56
20,W56,Contact with nonvenomous marine animal,excludes1,contact with venomous marine animal (T63.-),T63.-,T63
20,W57,Bitten or stung by nonvenomous insect and other nonvenomous arthropods,excludes1,"contact with venomous insects and arthropods (T63.2-, T63.3-, T63.4-)",T63.2-; T63.3-; T63.4-,T63
20,W59,Contact with other nonvenomous reptiles,excludes1,"contact with venomous reptile (T63.0-, T63.1-)",T63.0-; T63.1-,T63
20,W59.2,Contact with turtles,excludes1,contact with tortoises (W59.8-),W59.8-,W59
20,W60,Contact with nonvenomous plant thorns and spines and sharp leaves,excludes1,Contact with venomous plants (T63.7-),T63.7-,T63
20,W62,Contact with nonvenomous amphibians,excludes1,contact with venomous amphibians (T63.81-T63.83),T63.81-T63.83,T63
20,W64,Exposure to other animate mechanical forces,excludes1,contact with venomous animal (T63.-),T63.-,T63
20,Block W65-W74,Accidental non-transport drowning and submersion (W65-W74),excludes1,accidental drowning and submersion due to fall into water (W16.-),W16.-,W16
20,Block W65-W74,Accidental non-transport drowning and submersion (W65-W74),excludes1,"accidental drowning and submersion due to water transport accident (V90.-, V92.-)",V90.-; V92.-,V90; V92
20,W65,Accidental drowning and submersion while in bath-tub,excludes1,accidental drowning and submersion due to fall in (into) bathtub (W16.211),W16.211,W16
20,W67,Accidental drowning and submersion while in swimming-pool,excludes1,"accidental drowning and submersion due to fall into swimming pool (W16.011, W16.021, W16.031)",W16.011; W16.021; W16.031,W16
20,W67,Accidental drowning and submersion while in swimming-pool,excludes1,accidental drowning and submersion due to striking into wall of swimming pool (W22.041),W22.041,W22
20,W69,Accidental drowning and submersion while in natural water,excludes1,"accidental drowning and submersion due to fall into natural body of water (W16.111, W16.121, W16.131)",W16.111; W16.121; W16.131,W16
20,W73,Other specified cause of accidental non-transport drowning and submersion,excludes1,"accidental drowning and submersion due to fall into other water (W16.311, W16.321, W16.331)",W16.311; W16.321; W16.331,W16
20,Block W85-W99,"Exposure to electric current, radiation and extreme ambient air temperature and pressure (W85-W99)",excludes1,exposure to:,,
20,Block W85-W99,"Exposure to electric current, radiation and extreme ambient air temperature and pressure (W85-W99)",excludes1,failure in dosage of radiation or temperature during surgical and medical care (Y63.2-Y63.5),Y63.2-Y63.5,Y63
20,Block W85-W99,"Exposure to electric current, radiation and extreme ambient air temperature and pressure (W85-W99)",excludes1,lightning (T75.0-),T75.0-,T75
20,Block W85-W99,"Exposure to electric current, radiation and extreme ambient air temperature and pressure (W85-W99)",excludes1,natural cold (X31),X31,X31
20,Block W85-W99,"Exposure to electric current, radiation and extreme ambient air temperature and pressure (W85-W99)",excludes1,natural heat (X30),X30,X30
20,Block W85-W99,"Exposure to electric current, radiation and extreme ambient air temperature and pressure (W85-W99)",excludes1,natural radiation NOS (X39),X39,X39
20,Block W85-W99,"Exposure to electric current, radiation and extreme ambient air temperature and pressure (W85-W99)",excludes1,radiological procedure and radiotherapy (Y84.2),Y84.2,Y84
20,Block W85-W99,"Exposure to electric current, radiation and extreme ambient air temperature and pressure (W85-W99)",excludes1,sunlight (X32),X32,X32
20,W88,Exposure to ionizing radiation,excludes1,exposure to sunlight (X32),X32,X32
20,Block X00-X08,"Exposure to smoke, fire and flames (X00-X08)",excludes1,arson (X97),X97,X97
20,X00.2,Injury due to collapse of burning building or structure in uncontrolled fire,excludes1,injury due to collapse of building not on fire (W20.1),W20.1,W20
20,X02.2,Injury due to collapse of burning building or structure in controlled fire,excludes1,injury due to collapse of building not on fire (W20.1),W20.1,W20
20,Block X10-X19,Contact with heat and hot substances (X10-X19),excludes1,exposure to excessive natural heat (X30),X30,X30
20,Block X10-X19,Contact with heat and hot substances (X10-X19),excludes1,exposure to fire and flames (X00-X08),X00-X08,X00
20,X11,Contact with hot tap-water,excludes1,contact with water heated on stove (X12),X12,X12
20,X11.0,Contact with hot water in bath or tub,excludes1,contact with running hot water in bath or tub (X11.1),X11.1,X11
20,X12,Contact with other hot fluids,excludes1,hot (liquid) metals (X18),X18,X18
20,X15,Contact with hot household appliances,excludes1,contact with heating appliances (X16),X16,X16
20,X15,Contact with hot household appliances,excludes1,contact with powered household appliances (W29.-),W29.-,W29
20,X15,Contact with hot household appliances,excludes1,exposure to controlled fire in building or structure due to household appliance (X02.8),X02.8,X02
20,X15,Contact with hot household appliances,excludes1,exposure to household appliances electrical current (W86.0),W86.0,W86
20,X16,"Contact with hot heating appliances, radiators and pipes",excludes1,contact with powered appliances (W29.-),W29.-,W29
20,X16,"Contact with hot heating appliances, radiators and pipes",excludes1,exposure to controlled fire in building or structure due to appliance (X02.8),X02.8,X02
20,X16,"Contact with hot heating appliances, radiators and pipes",excludes1,exposure to industrial appliances electrical current (W86.1),W86.1,W86
20,X17,"Contact with hot engines, machinery and tools",excludes1,"contact with hot heating appliances, radiators and pipes (X16)",X16,X16
20,X17,"Contact with hot engines, machinery and tools",excludes1,contact with hot household appliances (X15),X15,X15
20,X19,Contact with other heat and hot substances,excludes1,"objects that are not normally hot, e.g., an object made hot by a house fire (X00-X08)",X00-X08,X00
20,X30,Exposure to excessive natural heat,excludes1,excessive heat of man-made origin (W92),W92,W92
20,X30,Exposure to excessive natural heat,excludes1,exposure to man-made radiation (W89),W89,W89
20,X30,Exposure to excessive natural heat,excludes1,exposure to sunlight (X32),X32,X32
20,X30,Exposure to excessive natural heat,excludes1,exposure to tanning bed (W89),W89,W89
20,X31,Exposure to excessive natural cold,excludes1,cold of man-made origin (W93.-),W93.-,W93
20,X31,Exposure to excessive natural cold,excludes1,contact with or inhalation of dry ice (W93.-),W93.-,W93
20,X31,Exposure to excessive natural cold,excludes1,contact with or inhalation of liquefied gas (W93.-),W93.-,W93
20,X32,Exposure to sunlight,excludes1,man-made radiation (tanning bed) (W89),W89,W89
20,X36,"Avalanche, landslide and other earth movements",excludes1,earthquake (X34),X34,X34
20,X37.9,Unspecified cataclysmic storm,excludes1,collapse of dam or man-made structure causing earth movement (X36.0),X36.0,X36
20,X38,Flood,excludes1,collapse of dam or man-made structure causing earth movement (X36.0),X36.0,X36
20,X38,Flood,excludes1,tidal wave NOS (X37.41),X37.41,X37
20,X38,Flood,excludes1,tidal wave caused by storm (X37.42),X37.42,X37
20,X39.0,Exposure to natural radiation,excludes1,contact with and (suspected) exposure to radon and other naturally occurring radiation (Z77.123),Z77.123,Z77
20,X39.0,Exposure to natural radiation,excludes1,exposure to man-made radiation (W88-W90),W88-W90,W88
20,X39.0,Exposure to natural radiation,excludes1,exposure to sunlight (X32),X32,X32
20,X72,Intentional self-harm by handgun discharge,excludes1,Very pistol (X74.8),X74.8,X74
20,X73,"Intentional self-harm by rifle, shotgun and larger firearm discharge",excludes1,airgun (X74.01),X74.01,X74
20,X83,Intentional self-harm by other specified means,excludes1,intentional self-harm by poisoning or contact with toxic substance- See Table of Drugs and Chemicals,,
20,Block X92-Y09,Assault (X92-Y09),excludes1,injuries due to legal intervention (Y35.-),Y35.-,Y35
20,Block X92-Y09,Assault (X92-Y09),excludes1,injuries due to operations of war (Y36.-),Y36.-,Y36
20,Block X92-Y09,Assault (X92-Y09),excludes1,injuries due to terrorism (Y38.-),Y38.-,Y38
20,X93,Assault by handgun discharge,excludes1,Very pistol (X95.8),X95.8,X95
20,X94,"Assault by rifle, shotgun and larger firearm discharge",excludes1,airgun (X95.01),X95.01,X95
20,X96,Assault by explosive material,excludes1,incendiary device (X97),X97,X97
20,X96,Assault by explosive material,excludes1,terrorism involving explosive material (Y38.2-),Y38.2-,Y38
20,X96.0,Assault by antipersonnel bomb,excludes1,antipersonnel bomb use in military or war (Y36.2-),Y36.2-,Y36
20,X99,Assault by sharp object,excludes1,assault by strike by sports equipment (Y08.0-),Y08.0-,Y08
20,Y00,Assault by blunt object,excludes1,assault by strike by sports equipment (Y08.0-),Y08.0-,Y08
20,Y04,Assault by bodily force,excludes1,assault by:,,
20,Y04,Assault by bodily force,excludes1,submersion (X92.-),X92.-,X92
20,Y04,Assault by bodily force,excludes1,"use of weapon (X93-X95, X99, Y00)",X93-X95; X99; Y00,X93; X99; Y00
20,Y07.41,"Sibling, perpetrator of maltreatment and neglect",excludes1,"stepsibling, perpetrator of maltreatment and neglect (Y07.435, Y07.436)",Y07.435; Y07.436,Y07
20,Y36,Operations of war,excludes1,injury to military personnel occurring during peacetime military operations (Y37.-),Y37.-,Y37
20,Y36,Operations of war,excludes1,"military vehicles involved in transport accidents with non-military vehicle during peacetime (V09.01, V09.21, V19.81, V29.818, V39.81, V49.81, V59.81, V69.81, V79.81)",V09.01; V09.21; V19.81; V29.818; V39.81; V49.81; V59.81; V69.81; V79.81,V09; V19; V29; V39; V49; V59; V69; V79
20,Y36.2,War operations involving other explosions and fragments,excludes1,war operations involving explosion of aircraft (Y36.1-),Y36.1-,Y36
20,Y36.2,War operations involving other explosions and fragments,excludes1,war operations involving explosion of marine weapons (Y36.0-),Y36.0-,Y36
20,Y36.2,War operations involving other explosions and fragments,excludes1,war operations involving explosion of nuclear weapons (Y36.5-),Y36.5-,Y36
20,Y36.2,War operations involving other explosions and fragments,excludes1,war operations involving explosion occurring after cessation of hostilities (Y36.8-),Y36.8-,Y36
20,Y36.3,"War operations involving fires, conflagrations and hot substances",excludes1,war operations involving fires and conflagrations aboard military aircraft (Y36.1-),Y36.1-,Y36
20,Y36.3,"War operations involving fires, conflagrations and hot substances",excludes1,war operations involving fires and conflagrations aboard military watercraft (Y36.0-),Y36.0-,Y36
20,Y36.3,"War operations involving fires, conflagrations and hot substances",excludes1,war operations involving fires and conflagrations caused indirectly by conventional weapons (Y36.2-),Y36.2-,Y36
20,Y36.3,"War operations involving fires, conflagrations and hot substances",excludes1,war operations involving fires and thermal effects of nuclear weapons (Y36.53-),Y36.53-,Y36
20,Y36.43,War operations involving other firearms discharge,excludes1,war operations involving munitions fragments (Y36.25-),Y36.25-,Y36
20,Y36.43,War operations involving other firearms discharge,excludes1,war operations involving incendiary bullets (Y36.32-),Y36.32-,Y36
20,Y36.44,War operations involving unarmed hand to hand combat,excludes1,war operations involving combat using blunt or piercing object (Y36.45-),Y36.45-,Y36
20,Y36.44,War operations involving unarmed hand to hand combat,excludes1,war operations involving intentional restriction of air and airway (Y36.46-),Y36.46-,Y36
20,Y36.44,War operations involving unarmed hand to hand combat,excludes1,war operations involving unintentional restriction of air and airway (Y36.47-),Y36.47-,Y36
20,Y36.7,War operations involving chemical weapons and other forms of unconventional warfare,excludes1,"war operations involving incendiary devices (Y36.3-, Y36.5-)",Y36.3-; Y36.5-,Y36
20,Y37,Military operations,excludes1,military aircraft involved in aircraft accident with civilian aircraft (V97.81-),V97.81-,V97
20,Y37,Military operations,excludes1,"military vehicles involved in transport accident with civilian vehicle (V09.01, V09.21, V19.81, V29.818, V39.81, V49.81, V59.81, V69.81, V79.81)",V09.01; V09.21; V19.81; V29.818; V39.81; V49.81; V59.81; V69.81; V79.81,V09; V19; V29; V39; V49; V59; V69; V79
20,Y37,Military operations,excludes1,military watercraft involved in water transport accident with civilian watercraft (V94.81-),V94.81-,V94
20,Y37,Military operations,excludes1,war operations (Y36.-),Y36.-,Y36
20,Y37.2,Military operations involving other explosions and fragments,excludes1,military operations involving explosion of aircraft (Y37.1-),Y37.1-,Y37
20,Y37.2,Military operations involving other explosions and fragments,excludes1,military operations involving explosion of marine weapons (Y37.0-),Y37.0-,Y37
20,Y37.2,Military operations involving other explosions and fragments,excludes1,military operations involving explosion of nuclear weapons (Y37.5-),Y37.5-,Y37
20,Y37.3,"Military operations involving fires, conflagrations and hot substances",excludes1,military operations involving fires and conflagrations aboard military aircraft (Y37.1-),Y37.1-,Y37
20,Y37.3,"Military operations involving fires, conflagrations and hot substances",excludes1,military operations involving fires and conflagrations aboard military watercraft (Y37.0-),Y37.0-,Y37
20,Y37.3,"Military operations involving fires, conflagrations and hot substances",excludes1,military operations involving fires and conflagrations caused indirectly by conventional weapons (Y37.2-),Y37.2-,Y37
20,Y37.3,"Military operations involving fires, conflagrations and hot substances",excludes1,military operations involving fires and thermal effects of nuclear weapons (Y36.53-),Y36.53-,Y36
20,Y37.43,Military operations involving other firearms discharge,excludes1,military operations involving munitions fragments (Y37.25-),Y37.25-,Y37
20,Y37.43,Military operations involving other firearms discharge,excludes1,military operations involving incendiary bullets (Y37.32-),Y37.32-,Y37
20,Y37.44,Military operations involving unarmed hand to hand combat,excludes1,military operations involving combat using blunt or piercing object (Y37.45-),Y37.45-,Y37
20,Y37.44,Military operations involving unarmed hand to hand combat,excludes1,military operations involving intentional restriction of air and airway (Y37.46-),Y37.46-,Y37
20,Y37.44,Military operations involving unarmed hand to hand combat,excludes1,military operations involving unintentional restriction of air and airway (Y37.47-),Y37.47-,Y37
20,Y37.7,Military operations involving chemical weapons and other forms of unconventional warfare,excludes1,"military operations involving incendiary devices (Y36.3-, Y36.5-)",Y36.3-; Y36.5-,Y36
20,Y38.2,Terrorism involving other explosions and fragments,excludes1,terrorism involving explosion of nuclear weapon (Y38.5),Y38.5,Y38
20,Y38.2,Terrorism involving other explosions and fragments,excludes1,terrorism involving suicide bomber (Y38.81),Y38.81,Y38
20,Y38.3,"Terrorism involving fires, conflagration and hot substances",excludes1,terrorism involving fire or heat of nuclear weapon (Y38.5),Y38.5,Y38
20,Block Y62-Y69,Misadventures to patients during surgical and medical care (Y62-Y69),excludes1,"surgical and medical procedures as the cause of abnormal reaction of the patient, without mention of misadventure at the time of the procedure (Y83-Y84)",Y83-Y84,Y83
20,Y65.51,Performance of wrong procedure (operation) on correct patient,excludes1,performance of correct procedure (operation) on wrong side or body part (Y65.53),Y65.53,Y65
20,Y66,Nonadministration of surgical and medical care,excludes1,DNR status (Z66),Z66,Z66
20,Y66,Nonadministration of surgical and medical care,excludes1,palliative care (Z51.5),Z51.5,Z51
20,Block Y83-Y84,"Surgical and other medical procedures as the cause of abnormal reaction of the patient, or of later complication, without mention of misadventure at the time of the procedure (Y83-Y84)",excludes1,"misadventures to patients during surgical and medical care, classifiable to (Y62-Y69)",Y62-Y69,Y62
20,Y92.0,Non-institutional (private) residence as the place of occurrence of the external cause,excludes1,abandoned or derelict house (Y92.89),Y92.89,Y92
20,Y92.0,Non-institutional (private) residence as the place of occurrence of the external cause,excludes1,home under construction but not yet occupied (Y92.6-),Y92.6-,Y92
20,Y92.0,Non-institutional (private) residence as the place of occurrence of the external cause,excludes1,institutional place of residence (Y92.1-),Y92.1-,Y92
20,Y92.01,Single-family non-institutional (private) house as the place of occurrence of the external cause,excludes1,barn (Y92.71),Y92.71,Y92
20,Y92.01,Single-family non-institutional (private) house as the place of occurrence of the external cause,excludes1,chicken coop or hen house (Y92.72),Y92.72,Y92
20,Y92.01,Single-family non-institutional (private) house as the place of occurrence of the external cause,excludes1,farm field (Y92.73),Y92.73,Y92
20,Y92.01,Single-family non-institutional (private) house as the place of occurrence of the external cause,excludes1,orchard (Y92.74),Y92.74,Y92
20,Y92.01,Single-family non-institutional (private) house as the place of occurrence of the external cause,excludes1,single family mobile home or trailer (Y92.02-),Y92.02-,Y92
20,Y92.01,Single-family non-institutional (private) house as the place of occurrence of the external cause,excludes1,slaughter house (Y92.86),Y92.86,Y92
20,Y92.13,Military base as the place of occurrence of the external cause,excludes1,military training grounds (Y92.83),Y92.83,Y92
20,Y92.16,School dormitory as the place of occurrence of the external cause,excludes1,reform school as the place of occurrence of the external cause (Y92.15-),Y92.15-,Y92
20,Y92.16,School dormitory as the place of occurrence of the external cause,excludes1,school buildings and grounds as the place of occurrence of the external cause (Y92.2-),Y92.2-,Y92
20,Y92.16,School dormitory as the place of occurrence of the external cause,excludes1,school sports and athletic areas as the place of occurrence of the external cause (Y92.3-),Y92.3-,Y92
20,Y92.2,"School, other institution and public administrative area as the place of occurrence of the external cause",excludes1,building under construction as the place of occurrence of the external cause (Y92.6),Y92.6,Y92
20,Y92.2,"School, other institution and public administrative area as the place of occurrence of the external cause",excludes1,residential institution as the place of occurrence of the external cause (Y92.1),Y92.1,Y92
20,Y92.2,"School, other institution and public administrative area as the place of occurrence of the external cause",excludes1,school dormitory as the place of occurrence of the external cause (Y92.16-),Y92.16-,Y92
20,Y92.2,"School, other institution and public administrative area as the place of occurrence of the external cause",excludes1,sports and athletics area of schools as the place of occurrence of the external cause (Y92.3-),Y92.3-,Y92
20,Y92.23,Hospital as the place of occurrence of the external cause,excludes1,ambulatory (outpatient) health services establishments (Y92.53-),Y92.53-,Y92
20,Y92.23,Hospital as the place of occurrence of the external cause,excludes1,home for the sick as the place of occurrence of the external cause (Y92.12-),Y92.12-,Y92
20,Y92.23,Hospital as the place of occurrence of the external cause,excludes1,hospice as the place of occurrence of the external cause (Y92.12-),Y92.12-,Y92
20,Y92.23,Hospital as the place of occurrence of the external cause,excludes1,nursing home as the place of occurrence of the external cause (Y92.12-),Y92.12-,Y92
20,Y92.31,Athletic court as the place of occurrence of the external cause,excludes1,tennis court in private home or garden (Y92.09),Y92.09,Y92
20,Y92.34,Swimming pool (public) as the place of occurrence of the external cause,excludes1,swimming pool in private home or garden (Y92.016),Y92.016,Y92
20,Y92.4,"Street, highway and other paved roadways as the place of occurrence of the external cause",excludes1,"private driveway of residence (Y92.014, Y92.024, Y92.043, Y92.093, Y92.113, Y92.123, Y92.154, Y92.194)",Y92.014; Y92.024; Y92.043; Y92.093; Y92.113; Y92.123; Y92.154; Y92.194,Y92
20,Y92.5,Trade and service area as the place of occurrence of the external cause,excludes1,garage in private home (Y92.015),Y92.015,Y92
20,Y92.5,Trade and service area as the place of occurrence of the external cause,excludes1,schools and other public administration buildings (Y92.2-),Y92.2-,Y92
20,Y92.7,Farm as the place of occurrence of the external cause,excludes1,farmhouse and home premises of farm (Y92.01-),Y92.01-,Y92
20,Y92.81,Transport vehicle as the place of occurrence of the external cause,excludes1,transport accidents (V00-V99),V00-V99,V00
20,Y93.0,Activities involving walking and running,excludes1,"activity, walking an animal (Y93.K1)",Y93.K1,Y93
20,Y93.0,Activities involving walking and running,excludes1,"activity, walking or running on a treadmill (Y93.A1)",Y93.A1,Y93
20,Y93.01,"Activity, walking, marching and hiking",excludes1,"activity, mountain climbing (Y93.31)",Y93.31,Y93
20,Y93.1,Activities involving water and water craft,excludes1,activities involving ice (Y93.2-),Y93.2-,Y93
20,Y93.2,Activities involving ice and snow,excludes1,"activity, shoveling ice and snow (Y93.H1)",Y93.H1,Y93
20,Y93.21,"Activity, ice skating",excludes1,"activity, ice hockey (Y93.22)",Y93.22,Y93
20,Y93.23,"Activity, snow (alpine) (downhill) skiing, snowboarding, sledding, tobogganing and snow tubing",excludes1,"activity, cross country skiing (Y93.24)",Y93.24,Y93
20,Y93.3,"Activities involving climbing, rappelling and jumping off",excludes1,"activity, hiking on level or elevated terrain (Y93.01)",Y93.01,Y93
20,Y93.3,"Activities involving climbing, rappelling and jumping off",excludes1,"activity, jumping rope (Y93.56)",Y93.56,Y93
20,Y93.3,"Activities involving climbing, rappelling and jumping off",excludes1,"activity, trampoline jumping (Y93.44)",Y93.44,Y93
20,Y93.4,Activities involving dancing and other rhythmic movement,excludes1,"activity, martial arts (Y93.75)",Y93.75,Y93
20,Y93.43,"Activity, gymnastics",excludes1,"activity, trampolining (Y93.44)",Y93.44,Y93
20,Y93.5,Activities involving other sports and athletics played individually,excludes1,"activity, dancing (Y93.41)",Y93.41,Y93
20,Y93.5,Activities involving other sports and athletics played individually,excludes1,"activity, gymnastic (Y93.43)",Y93.43,Y93
20,Y93.5,Activities involving other sports and athletics played individually,excludes1,"activity, trampolining (Y93.44)",Y93.44,Y93
20,Y93.5,Activities involving other sports and athletics played individually,excludes1,"activity, yoga (Y93.42)",Y93.42,Y93
20,Y93.57,"Activity, non-running track and field events",excludes1,"activity, running (any form) (Y93.02)",Y93.02,Y93
20,Y93.59,"Activity, other involving other sports and athletics played individually",excludes1,"activities involving climbing, rappelling, and jumping (Y93.3-)",Y93.3-,Y93
20,Y93.59,"Activity, other involving other sports and athletics played individually",excludes1,activities involving ice and snow (Y93.2-),Y93.2-,Y93
20,Y93.59,"Activity, other involving other sports and athletics played individually",excludes1,activities involving walking and running (Y93.0-),Y93.0-,Y93
20,Y93.59,"Activity, other involving other sports and athletics played individually",excludes1,activities involving water and watercraft (Y93.1-),Y93.1-,Y93
20,Y93.6,Activities involving other sports and athletics played as a team or group,excludes1,"activity, ice hockey (Y93.22)",Y93.22,Y93
20,Y93.6,Activities involving other sports and athletics played as a team or group,excludes1,"activity, water polo (Y93.13)",Y93.13,Y93
20,Y93.79,"Activity, other specified sports and athletics",excludes1,sports and athletics activities specified in categories Y93.0-Y93.6,,
20,Y93.A9,"Activity, other involving cardiorespiratory exercise",excludes1,activities involving cardiorespiratory exercise specified in categories Y93.0-Y93.7,,
20,Y93.B9,"Activity, other involving muscle strengthening exercises",excludes1,activities involving muscle strengthening specified in categories Y93.0-Y93.A,,
20,Y93.C,Activities involving computer technology and electronic devices,excludes1,"activity, electronic musical keyboard or instruments (Y93.J-)",Y93.J-,Y93
20,Y93.C2,"Activity, hand held interactive electronic device",excludes1,"activity, electronic game playing using keyboard or other stationary device (Y93.C1)",Y93.C1,Y93
20,Y93.D,Activities involving arts and handcrafts,excludes1,activities involving playing musical instrument (Y93.J-),Y93.J-,Y93
20,Y93.E,Activities involving personal hygiene and interior property and clothing maintenance,excludes1,activities involving cooking and grilling (Y93.G-),Y93.G-,Y93
20,Y93.E,Activities involving personal hygiene and interior property and clothing maintenance,excludes1,"activities involving exterior property and land maintenance, building and construction (Y93.H-)",Y93.H-,Y93
20,Y93.E,Activities involving personal hygiene and interior property and clothing maintenance,excludes1,activities involving caregiving (Y93.F-),Y93.F-,Y93
20,Y93.E,Activities involving personal hygiene and interior property and clothing maintenance,excludes1,"activity, dishwashing (Y93.G1)",Y93.G1,Y93
20,Y93.E,Activities involving personal hygiene and interior property and clothing maintenance,excludes1,"activity, food preparation (Y93.G1)",Y93.G1,Y93
20,Y93.E,Activities involving personal hygiene and interior property and clothing maintenance,excludes1,"activity, gardening (Y93.H2)",Y93.H2,Y93
20,Y93.K,Activities involving animal care,excludes1,"activity, horseback riding (Y93.52)",Y93.52,Y93
20,Y99.0,Civilian activity done for income or pay,excludes1,military activity (Y99.1),Y99.1,Y99
20,Y99.0,Civilian activity done for income or pay,excludes1,volunteer activity (Y99.2),Y99.2,Y99
20,Y99.1,Military activity,excludes1,activity of off duty military personnel (Y99.8),Y99.8,Y99
20,Y99.2,Volunteer activity,excludes1,activity of child or other family member assisting in compensated work of other family member (Y99.8),Y99.8,Y99
20,Y99.8,Other external cause status,excludes1,civilian activity done for income or compensation (Y99.0),Y99.0,Y99
20,Y99.8,Other external cause status,excludes1,military activity (Y99.1),Y99.1,Y99
21,Z00,"Encounter for general examination without complaint, suspected or reported diagnosis",excludes1,encounter for examination for administrative purposes (Z02.-),Z02.-,Z02
21,Z00.0,Encounter for general adult medical examination,excludes1,encounter for examination of sign or symptom- code to sign or symptom,,
21,Z00.0,Encounter for general adult medical examination,excludes1,general health check-up of infant or child (Z00.12.-),,
21,Z00.11,Newborn health examination,excludes1,health check for child over 28 days old (Z00.12-),Z00.12-,Z00
21,Z00.12,Encounter for routine child health examination,excludes1,health check for child under 29 days old (Z00.11-),Z00.11-,Z00
21,Z00.12,Encounter for routine child health examination,excludes1,health supervision of foundling or other healthy infant or child (Z76.1-Z76.2),Z76.1-Z76.2,Z76
21,Z00.12,Encounter for routine child health examination,excludes1,newborn health examination (Z00.11-),Z00.11-,Z00
21,Z01,"Encounter for other special examination without complaint, suspected or reported diagnosis",excludes1,encounter for examination for administrative purposes (Z02.-),Z02.-,Z02
21,Z01,"Encounter for other special examination without complaint, suspected or reported diagnosis",excludes1,"encounter for examination for suspected conditions, proven not to exist (Z03.-)",Z03.-,Z03
21,Z01,"Encounter for other special examination without complaint, suspected or reported diagnosis",excludes1,"encounter for laboratory, radiologic and imaging examinations for sign(s) and symptom(s) - code to the sign(s) or symptom(s)",,
21,Z01.0,Encounter for examination of eyes and vision,excludes1,examination for driving license (Z02.4),Z02.4,Z02
21,Z01.02,Encounter for examination of eyes and vision following failed vision screening,excludes1,encounter for examination of eyes and vision with abnormal findings (Z01.01),Z01.01,Z01
21,Z01.02,Encounter for examination of eyes and vision following failed vision screening,excludes1,encounter for examination of eyes and vision without abnormal findings (Z01.00),Z01.00,Z01
21,Z01.41,Encounter for routine gynecological examination,excludes1,gynecologic examination status-post hysterectomy for malignant condition (Z08),Z08,Z08
21,Z01.41,Encounter for routine gynecological examination,excludes1,screening cervical pap smear not a part of a routine gynecological examination (Z12.4),Z12.4,Z12
21,Z01.82,Encounter for allergy testing,excludes1,encounter for antibody response examination (Z01.84),Z01.84,Z01
21,Z01.84,Encounter for antibody response examination,excludes1,encounter for allergy testing (Z01.82),Z01.82,Z01
21,Z02.2,Encounter for examination for admission to residential institution,excludes1,examination for admission to prison (Z02.89),Z02.89,Z02
21,Z02.5,Encounter for examination for participation in sport,excludes1,blood-alcohol and blood-drug test (Z02.83),Z02.83,Z02
21,Z02.7,Encounter for issue of medical certificate,excludes1,"encounter for general medical examination (Z00-Z01, Z02.0-Z02.6, Z02.8-Z02.9)",Z00-Z01; Z02.0-Z02.6; Z02.8-Z02.9,Z00; Z02
21,Z02.89,Encounter for other administrative examinations,excludes1,health supervision of foundling or other healthy infant or child (Z76.1-Z76.2),Z76.1-Z76.2,Z76
21,Z03,Encounter for medical observation for suspected diseases and conditions ruled out,excludes1,contact with and (suspected) exposures hazardous to health (Z77.-),Z77.-,Z77
21,Z03,Encounter for medical observation for suspected diseases and conditions ruled out,excludes1,encounter for observation and evaluation of newborn for suspected diseases and conditions ruled out (Z05.-),Z05.-,Z05
21,Z03,Encounter for medical observation for suspected diseases and conditions ruled out,excludes1,person with feared complaint in whom no diagnosis is made (Z71.1),Z71.1,Z71
21,Z03,Encounter for medical observation for suspected diseases and conditions ruled out,excludes1,signs or symptoms under study- code to signs or symptoms,,
21,Z03.7,Encounter for suspected maternal and fetal conditions ruled out,excludes1,"known or suspected fetal anomalies affecting management of mother, not ruled out (O26.-, O35.-, O36.-, O40.-, O41.-)",O26.-; O35.-; O36.-; O40.-; O41.-,O26; O35; O36; O40; O41
21,Z03.82,Encounter for observation for suspected foreign body ruled out,excludes1,retained foreign body (Z18.-),Z18.-,Z18
21,Z03.82,Encounter for observation for suspected foreign body ruled out,excludes1,retained foreign body in eyelid (H02.81),H02.81,H02
21,Z03.82,Encounter for observation for suspected foreign body ruled out,excludes1,residual foreign body in soft tissue (M79.5),M79.5,M79
21,Z03.83,Encounter for observation for suspected conditions related to home physiologic monitoring device ruled out,excludes1,apnea NOS (R06.81),R06.81,R06
21,Z03.83,Encounter for observation for suspected conditions related to home physiologic monitoring device ruled out,excludes1,neonatal bradycardia (P29.12),P29.12,P29
21,Z03.83,Encounter for observation for suspected conditions related to home physiologic monitoring device ruled out,excludes1,newborn apnea (P28.4-),P28.4-,P28
21,Z03.83,Encounter for observation for suspected conditions related to home physiologic monitoring device ruled out,excludes1,primary sleep apnea of newborn (P28.3-),P28.3-,P28
21,Z03.83,Encounter for observation for suspected conditions related to home physiologic monitoring device ruled out,excludes1,sleep apnea (G47.3-),G47.3-,G47
21,Z04.1,Encounter for examination and observation following transport accident,excludes1,encounter for examination and observation following work accident (Z04.2),Z04.2,Z04
21,Z04.71,Encounter for examination and observation following alleged adult physical abuse,excludes1,confirmed case of adult physical abuse (T74.-),T74.-,T74
21,Z04.71,Encounter for examination and observation following alleged adult physical abuse,excludes1,encounter for examination and observation following alleged adult sexual abuse (Z04.41),Z04.41,Z04
21,Z04.71,Encounter for examination and observation following alleged adult physical abuse,excludes1,"suspected case of adult physical abuse, not ruled out (T76.-)",T76.-,T76
21,Z04.72,Encounter for examination and observation following alleged child physical abuse,excludes1,confirmed case of child physical abuse (T74.-),T74.-,T74
21,Z04.72,Encounter for examination and observation following alleged child physical abuse,excludes1,encounter for examination and observation following alleged child sexual abuse (Z04.42),Z04.42,Z04
21,Z04.72,Encounter for examination and observation following alleged child physical abuse,excludes1,"suspected case of child physical abuse, not ruled out (T76.-)",T76.-,T76
21,Z05.81,Observation and evaluation of newborn for suspected condition related to home physiologic monitoring device ruled out,excludes1,encounter for observation for suspected conditions related to home physiologic monitoring device ruled out (Z03.83),Z03.83,Z03
21,Z05.81,Observation and evaluation of newborn for suspected condition related to home physiologic monitoring device ruled out,excludes1,neonatal bradycardia (P29.12),P29.12,P29
21,Z05.81,Observation and evaluation of newborn for suspected condition related to home physiologic monitoring device ruled out,excludes1,other newborn apnea (P28.4-),P28.4-,P28
21,Z05.81,Observation and evaluation of newborn for suspected condition related to home physiologic monitoring device ruled out,excludes1,primary sleep apnea of newborn (P28.3-),P28.3-,P28
21,Z08,Encounter for follow-up examination after completed treatment for malignant neoplasm,excludes1,"aftercare following medical care (Z43-Z49, Z51)",Z43-Z49; Z51,Z43; Z51
21,Z09,Encounter for follow-up examination after completed treatment for conditions other than malignant neoplasm,excludes1,"aftercare following medical care (Z43-Z49, Z51)",Z43-Z49; Z51,Z43; Z51
21,Z09,Encounter for follow-up examination after completed treatment for conditions other than malignant neoplasm,excludes1,surveillance of contraception (Z30.4-),Z30.4-,Z30
21,Z09,Encounter for follow-up examination after completed treatment for conditions other than malignant neoplasm,excludes1,surveillance of prosthetic and other medical devices (Z44-Z46),Z44-Z46,Z44
21,Z11,Encounter for screening for infectious and parasitic diseases,excludes1,encounter for diagnostic examination-code to sign or symptom,,
21,Z12,Encounter for screening for malignant neoplasms,excludes1,encounter for diagnostic examination-code to sign or symptom,,
21,Z12.31,Encounter for screening mammogram for malignant neoplasm of breast,excludes1,inconclusive mammogram (R92.2),R92.2,R92
21,Z12.4,Encounter for screening for malignant neoplasm of cervix,excludes1,when screening is part of general gynecological examination (Z01.4-),Z01.4-,Z01
21,Z12.72,Encounter for screening for malignant neoplasm of vagina,excludes1,vaginal pap smear status-post hysterectomy for malignant conditions (Z08),Z08,Z08
21,Z13,Encounter for screening for other diseases and disorders,excludes1,encounter for diagnostic examination-code to sign or symptom,,
21,Z13.7,Encounter for screening for genetic and chromosomal anomalies,excludes1,genetic testing for procreative management (Z31.4-),Z31.4-,Z31
21,Z13.811,Encounter for screening for lower gastrointestinal disorder,excludes1,encounter for screening for intestinal infectious disease (Z11.0),Z11.0,Z11
21,Z13.83,Encounter for screening for respiratory disorder NEC,excludes1,encounter for screening for respiratory tuberculosis (Z11.1),Z11.1,Z11
21,Z13.88,Encounter for screening for disorder due to exposure to contaminants,excludes1,"those exposed to contaminants without suspected disorders (Z57.-, Z77.-)",Z57.-; Z77.-,Z57; Z77
21,Z15,Genetic susceptibility to disease,excludes1,chromosomal anomalies (Q90-Q99),Q90-Q99,Q90
21,Z15.81,Genetic susceptibility to multiple endocrine neoplasia [MEN],excludes1,multiple endocrine neoplasia [MEN] syndromes (E31.2-),E31.2-,E31
21,Z16,Resistance to antimicrobial drugs,excludes1,Methicillin resistant Staphylococcus aureus infection (A49.02),A49.02,A49
21,Z16,Resistance to antimicrobial drugs,excludes1,Methicillin resistant Staphylococcus aureus pneumonia (J15.212),J15.212,J15
21,Z16,Resistance to antimicrobial drugs,excludes1,Sepsis due to Methicillin resistant Staphylococcus aureus (A41.02),A41.02,A41
21,Z16.3,Resistance to other antimicrobial drugs,excludes1,"resistance to antibiotics (Z16.1-, Z16.2-)",Z16.1-; Z16.2-,Z16
21,Z16.35,Resistance to multiple antimicrobial drugs,excludes1,Resistance to multiple antibiotics only (Z16.24),Z16.24,Z16
21,Z18,Retained foreign body fragments,excludes1,artificial joint prosthesis status (Z96.6-),Z96.6-,Z96
21,Z18,Retained foreign body fragments,excludes1,foreign body accidentally left during a procedure (T81.5-),T81.5-,T81
21,Z18,Retained foreign body fragments,excludes1,foreign body entering through orifice (T15-T19),T15-T19,T15
21,Z18,Retained foreign body fragments,excludes1,in situ cardiac device (Z95.-),Z95.-,Z95
21,Z18,Retained foreign body fragments,excludes1,"organ or tissue replaced by means other than transplant (Z96.-, Z97.-)",Z96.-; Z97.-,Z96; Z97
21,Z18,Retained foreign body fragments,excludes1,organ or tissue replaced by transplant (Z94.-),Z94.-,Z94
21,Z18,Retained foreign body fragments,excludes1,personal history of retained foreign body fully removed Z87.821,,
21,Z18,Retained foreign body fragments,excludes1,"superficial foreign body (non-embedded splinter) - code to superficial foreign body, by site",,
21,Z18.1,Retained metal fragments,excludes1,retained radioactive metal fragments (Z18.01-Z18.09),Z18.01-Z18.09,Z18
21,Z20,Contact with and (suspected) exposure to communicable diseases,excludes1,carrier of infectious disease (Z22.-),Z22.-,Z22
21,Z20,Contact with and (suspected) exposure to communicable diseases,excludes1,diagnosed current infectious or parasitic disease -see Alphabetic Index,,
21,Z20.6,Contact with and (suspected) exposure to human immunodeficiency virus [HIV],excludes1,asymptomatic human immunodeficiency virus [HIV],,
21,Z20.6,Contact with and (suspected) exposure to human immunodeficiency virus [HIV],excludes1,HIV infection status (Z21),Z21,Z21
21,Z21,Asymptomatic human immunodeficiency virus [HIV] infection status,excludes1,acquired immunodeficiency syndrome (B20),B20,B20
21,Z21,Asymptomatic human immunodeficiency virus [HIV] infection status,excludes1,contact with human immunodeficiency virus [HIV] (Z20.6),Z20.6,Z20
21,Z21,Asymptomatic human immunodeficiency virus [HIV] infection status,excludes1,exposure to human immunodeficiency virus [HIV] (Z20.6),Z20.6,Z20
21,Z21,Asymptomatic human immunodeficiency virus [HIV] infection status,excludes1,human immunodeficiency virus [HIV] disease (B20),B20,B20
21,Z21,Asymptomatic human immunodeficiency virus [HIV] infection status,excludes1,inconclusive laboratory evidence of human immunodeficiency virus [HIV] (R75),R75,R75
21,Z22.330,Carrier of Group B streptococcus,excludes1,"Carrier of streptococcus group B (GBS) complicating pregnancy, childbirth and the puerperium (O99.82-)",O99.82-,O99
21,Z22.7,Latent tuberculosis,excludes1,nonspecific reaction to cell mediated immunity measurement of gamma interferon antigen response without active tuberculosis (R76.12),R76.12,R76
21,Z22.7,Latent tuberculosis,excludes1,nonspecific reaction to tuberculin skin test without active tuberculosis (R76.11),R76.11,R76
21,Z28.82,Immunization not carried out because of caregiver refusal,excludes1,immunization not carried out because of caregiver refusal because of religious belief (Z28.1),Z28.1,Z28
21,Z29,Encounter for other prophylactic measures,excludes1,desensitization to allergens (Z51.6),Z51.6,Z51
21,Z29,Encounter for other prophylactic measures,excludes1,prophylactic surgery (Z40.-),Z40.-,Z40
21,Z30.01,Encounter for initial prescription of contraceptives,excludes1,encounter for surveillance of contraceptives (Z30.4-),Z30.4-,Z30
21,Z30.014,Encounter for initial prescription of intrauterine contraceptive device,excludes1,"encounter for insertion of intrauterine contraceptive device (Z30.430, Z30.432)",Z30.430; Z30.432,Z30
21,Z30.8,Encounter for other contraceptive management,excludes1,sperm count following sterilization reversal (Z31.42),Z31.42,Z31
21,Z30.8,Encounter for other contraceptive management,excludes1,sperm count for fertility testing (Z31.41),Z31.41,Z31
21,Z31.4,Encounter for procreative investigation and testing,excludes1,postvasectomy sperm count (Z30.8),Z30.8,Z30
21,Z31.43,Encounter for genetic testing of female for procreative management,excludes1,nonprocreative genetic testing (Z13.7-),Z13.7-,Z13
21,Z31.44,Encounter for genetic testing of male for procreative management,excludes1,nonprocreative genetic testing (Z13.7-),Z13.7-,Z13
21,Z31.7,Encounter for procreative management and counseling for gestational carrier,excludes1,"pregnant state, gestational carrier (Z33.3)",Z33.3,Z33
21,Z31.83,Encounter for assisted reproductive fertility procedure cycle,excludes1,pre-cycle diagnosis and testing - code to reason for encounter,,
21,Z33.1,"Pregnant state, incidental",excludes1,complications of pregnancy (O00-O9A),O00-O9A,O00
21,Z33.1,"Pregnant state, incidental",excludes1,"pregnant state, gestational carrier (Z33.3)",Z33.3,Z33
21,Z33.2,Encounter for elective termination of pregnancy,excludes1,early fetal death with retention of dead fetus (O02.1),O02.1,O02
21,Z33.2,Encounter for elective termination of pregnancy,excludes1,late fetal death (O36.4),O36.4,O36
21,Z33.2,Encounter for elective termination of pregnancy,excludes1,spontaneous abortion (O03),O03,O03
21,Z33.3,"Pregnant state, gestational carrier",excludes1,encounter for procreative management and counseling for gestational carrier (Z31.7),Z31.7,Z31
21,Z34,Encounter for supervision of normal pregnancy,excludes1,any complication of pregnancy (O00-O9A),O00-O9A,O00
21,Z34,Encounter for supervision of normal pregnancy,excludes1,encounter for pregnancy test (Z32.0-),Z32.0-,Z32
21,Z34,Encounter for supervision of normal pregnancy,excludes1,encounter for supervision of high risk pregnancy (O09.-),O09.-,O09
21,Z36,Encounter for antenatal screening of mother,excludes1,diagnostic examination- code to sign or symptom,,
21,Z36,Encounter for antenatal screening of mother,excludes1,encounter for suspected maternal and fetal conditions ruled out (Z03.7-),Z03.7-,Z03
21,Z36,Encounter for antenatal screening of mother,excludes1,suspected fetal condition affecting management of pregnancy - code to condition in Chapter 15,,
21,Z37,Outcome of delivery,excludes1,stillbirth (P95),P95,P95
21,Z39.0,Encounter for care and examination of mother immediately after delivery,excludes1,care for postpartum complication- see Alphabetic index,,
21,Z39.1,Encounter for care and examination of lactating mother,excludes1,disorders of lactation (O92.-),O92.-,O92
21,Z40,Encounter for prophylactic surgery,excludes1,organ donations (Z52.-),Z52.-,Z52
21,Z40,Encounter for prophylactic surgery,excludes1,therapeutic organ removal-code to condition,,
21,Z41.1,Encounter for cosmetic surgery,excludes1,encounter for plastic and reconstructive surgery following medical procedure or healed injury (Z42.-),Z42.-,Z42
21,Z41.1,Encounter for cosmetic surgery,excludes1,encounter for post-mastectomy breast implantation (Z42.1),Z42.1,Z42
21,Z42,Encounter for plastic and reconstructive surgery following medical procedure or healed injury,excludes1,encounter for cosmetic plastic surgery (Z41.1),Z41.1,Z41
21,Z42,Encounter for plastic and reconstructive surgery following medical procedure or healed injury,excludes1,encounter for plastic surgery for treatment of current injury - code to relevent injury,,
21,Z42.1,Encounter for breast reconstruction following mastectomy,excludes1,deformity and disproportion of reconstructed breast (N65.1-),N65.1-,N65
21,Z43,Encounter for attention to artificial openings,excludes1,"complications of external stoma (J95.0-, K94.-, N99.5-)",J95.0-; K94.-; N99.5-,J95; K94; N99
21,Z44,Encounter for fitting and adjustment of external prosthetic device,excludes1,malfunction or other complications of device - see Alphabetical Index,,
21,Z44,Encounter for fitting and adjustment of external prosthetic device,excludes1,presence of prosthetic device (Z97.-),Z97.-,Z97
21,Z44.2,Encounter for fitting and adjustment of artificial eye,excludes1,mechanical complication of ocular prosthesis (T85.3),T85.3,T85
21,Z44.3,Encounter for fitting and adjustment of external breast prosthesis,excludes1,complications of breast implant (T85.4-),T85.4-,T85
21,Z44.3,Encounter for fitting and adjustment of external breast prosthesis,excludes1,encounter for adjustment or removal of breast implant (Z45.81-),Z45.81-,Z45
21,Z44.3,Encounter for fitting and adjustment of external breast prosthesis,excludes1,encounter for initial breast implant insertion for cosmetic breast augmentation (Z41.1),Z41.1,Z41
21,Z44.3,Encounter for fitting and adjustment of external breast prosthesis,excludes1,encounter for breast reconstruction following mastectomy (Z42.1),Z42.1,Z42
21,Z45,Encounter for adjustment and management of implanted device,excludes1,malfunction or other complications of device - see Alphabetical Index,,
21,Z45.01,Encounter for adjustment and management of cardiac pacemaker,excludes1,encounter for adjustment and management of automatic implantable cardiac defibrillator with synchronous cardiac pacemaker (Z45.02),Z45.02,Z45
21,Z45.018,Encounter for adjustment and management of other part of cardiac pacemaker,excludes1,presence of other part of cardiac pacemaker (Z95.0),Z95.0,Z95
21,Z45.2,Encounter for adjustment and management of vascular access device,excludes1,encounter for adjustment and management of renal dialysis catheter (Z49.01),Z49.01,Z49
21,Z45.32,Encounter for adjustment and management of implanted hearing device,excludes1,Encounter for fitting and adjustment of hearing aid (Z46.1),Z46.1,Z46
21,Z45.81,Encounter for adjustment or removal of breast implant,excludes1,complications of breast implant (T85.4-),T85.4-,T85
21,Z45.81,Encounter for adjustment or removal of breast implant,excludes1,encounter for initial breast implant insertion for cosmetic breast augmentation (Z41.1),Z41.1,Z41
21,Z45.81,Encounter for adjustment or removal of breast implant,excludes1,encounter for breast reconstruction following mastectomy (Z42.1),Z42.1,Z42
21,Z46,Encounter for fitting and adjustment of other devices,excludes1,malfunction or other complications of device - see Alphabetical Index,,
21,Z46.1,Encounter for fitting and adjustment of hearing aid,excludes1,encounter for adjustment and management of implanted hearing device (Z45.32-),Z45.32-,Z45
21,Z46.5,Encounter for fitting and adjustment of other gastrointestinal appliance and device,excludes1,encounter for attention to artificial openings of digestive tract (Z43.1-Z43.4),Z43.1-Z43.4,Z43
21,Z47,Orthopedic aftercare,excludes1,aftercare for healing fracture-code to fracture with 7th character D,,
21,Z47.2,Encounter for removal of internal fixation device,excludes1,encounter for adjustment of internal fixation device for fracture treatment- code to fracture with appropriate 7th character,,
21,Z47.2,Encounter for removal of internal fixation device,excludes1,encounter for removal of external fixation device- code to fracture with 7th character D,,
21,Z47.2,Encounter for removal of internal fixation device,excludes1,infection or inflammatory reaction to internal fixation device (T84.6-),T84.6-,T84
21,Z47.2,Encounter for removal of internal fixation device,excludes1,mechanical complication of internal fixation device (T84.1-),T84.1-,T84
21,Z47.31,Aftercare following explantation of shoulder joint prosthesis,excludes1,acquired absence of shoulder joint following prior explantation of shoulder joint prosthesis (Z89.23-),Z89.23-,Z89
21,Z47.31,Aftercare following explantation of shoulder joint prosthesis,excludes1,shoulder joint prosthesis explantation status (Z89.23-),Z89.23-,Z89
21,Z47.32,Aftercare following explantation of hip joint prosthesis,excludes1,acquired absence of hip joint following prior explantation of hip joint prosthesis (Z89.62-),Z89.62-,Z89
21,Z47.32,Aftercare following explantation of hip joint prosthesis,excludes1,hip joint prosthesis explantation status (Z89.62-),Z89.62-,Z89
21,Z47.33,Aftercare following explantation of knee joint prosthesis,excludes1,acquired absence of knee joint following prior explantation of knee prosthesis (Z89.52-,,
21,Z47.33,Aftercare following explantation of knee joint prosthesis,excludes1,knee joint prosthesis explantation status (Z89.52-),Z89.52-,Z89
21,Z48,Encounter for other postprocedural aftercare,excludes1,encounter for follow-up examination after completed treatment (Z08-Z09),Z08-Z09,Z08
21,Z48,Encounter for other postprocedural aftercare,excludes1,"encounter for aftercare following injury - code to Injury, by site, with appropriate 7th character for subsequent encounter",,
21,Z48.0,"Encounter for attention to dressings, sutures and drains",excludes1,encounter for planned postprocedural wound closure (Z48.1),Z48.1,Z48
21,Z48.1,Encounter for planned postprocedural wound closure,excludes1,encounter for attention to dressings and sutures (Z48.0-),Z48.0-,Z48
21,Z48.81,Encounter for surgical aftercare following surgery on specified body systems,excludes1,aftercare for injury- code the injury with 7th character D,,
21,Z48.81,Encounter for surgical aftercare following surgery on specified body systems,excludes1,aftercare following surgery for neoplasm (Z48.3),Z48.3,Z48
21,Z48.816,Encounter for surgical aftercare following surgery on the genitourinary system,excludes1,encounter for aftercare following sterilization reversal (Z31.42),Z31.42,Z31
21,Z51,Encounter for other aftercare and medical care,excludes1,follow-up examination after treatment (Z08-Z09),Z08-Z09,Z08
21,Z51.8,Encounter for other specified aftercare,excludes1,holiday relief care (Z75.5),Z75.5,Z75
21,Z51.81,Encounter for therapeutic drug level monitoring,excludes1,encounter for blood-drug test for administrative or medicolegal reasons (Z02.83),Z02.83,Z02
21,Z52,Donors of organs and tissues,excludes1,cadaveric donor - omit code,,
21,Z52,Donors of organs and tissues,excludes1,examination of potential donor (Z00.5),Z00.5,Z00
21,Z55,Problems related to education and literacy,excludes1,disorders of psychological development (F80-F89),F80-F89,F80
21,Z59.3,Problems related to living in residential institution,excludes1,institutional upbringing (Z62.22),Z62.22,Z62
21,Z60.4,Social exclusion and rejection,excludes1,target of adverse discrimination such as for racial or religious reasons (Z60.5),Z60.5,Z60
21,Z60.5,Target of (perceived) adverse discrimination and persecution,excludes1,social exclusion and rejection (Z60.4),Z60.4,Z60
21,Z62.2,Upbringing away from parents,excludes1,problems with boarding school (Z59.3),Z59.3,Z59
21,Z62.810,Personal history of physical and sexual abuse in childhood,excludes1,"current child physical abuse (T74.12, T76.12)",T74.12; T76.12,T74; T76
21,Z62.810,Personal history of physical and sexual abuse in childhood,excludes1,"current child sexual abuse (T74.22, T76.22)",T74.22; T76.22,T74; T76
21,Z62.811,Personal history of psychological abuse in childhood,excludes1,"current child psychological abuse (T74.32, T76.32)",T74.32; T76.32,T74; T76
21,Z62.812,Personal history of neglect in childhood,excludes1,"current child neglect (T74.02, T76.02)",T74.02; T76.02,T74; T76
21,Z62.814,Personal history of child financial abuse,excludes1,current child financial abuse (T74.A2),T74.A2,T74
21,Z62.819,Personal history of unspecified abuse in childhood,excludes1,"current child abuse NOS (T74.92, T76.92)",T74.92; T76.92,T74; T76
21,Z62.831,Non-parental relative-child conflict,excludes1,group home staff-child conflict (Z62.833),Z62.833,Z62
21,Z62.832,Non-relative guardian-child conflict,excludes1,group home staff-child conflict (Z62.833),Z62.833,Z62
21,Z63.0,Problems in relationship with spouse or partner,excludes1,counseling for spousal or partner abuse problems (Z69.1),Z69.1,Z69
21,Z63.0,Problems in relationship with spouse or partner,excludes1,"counseling related to sexual attitude, behavior, and orientation (Z70.-)",Z70.-,Z70
21,Z63.3,Absence of family member,excludes1,absence of family member due to disappearance and death (Z63.4),Z63.4,Z63
21,Z63.3,Absence of family member,excludes1,absence of family member due to separation and divorce (Z63.5),Z63.5,Z63
21,Z63.31,Absence of family member due to military deployment,excludes1,family disruption due to return of family member from military deployment (Z63.71),Z63.71,Z63
21,Z65.5,"Exposure to disaster, war and other hostilities",excludes1,target of perceived discrimination or persecution (Z60.5),Z60.5,Z60
21,Z69.011,Encounter for mental health services for perpetrator of parental child abuse,excludes1,encounter for mental health services for non-parental child abuse (Z69.02-),Z69.02-,Z69
21,Z71.1,Person with feared health complaint in whom no diagnosis is made,excludes1,medical observation for suspected diseases and conditions proven not to exist (Z03.-),Z03.-,Z03
21,Z71.83,Encounter for nonprocreative genetic counseling,excludes1,counseling for procreative genetics (Z31.5),Z31.5,Z31
21,Z71.83,Encounter for nonprocreative genetic counseling,excludes1,counseling for procreative management (Z31.6),Z31.6,Z31
21,Z71.85,Encounter for immunization safety counseling,excludes1,encounter for health counseling related to travel (Z71.84),Z71.84,Z71
21,Z72.0,Tobacco use,excludes1,history of tobacco dependence (Z87.891),Z87.891,Z87
21,Z72.0,Tobacco use,excludes1,nicotine dependence (F17.2-),F17.2-,F17
21,Z72.0,Tobacco use,excludes1,tobacco dependence (F17.2-),F17.2-,F17
21,Z72.0,Tobacco use,excludes1,tobacco use during pregnancy (O99.33-),O99.33-,O99
21,Z72.4,Inappropriate diet and eating habits,excludes1,behavioral eating disorders of infancy or childhood (F98.2.-F98.3),,
21,Z72.4,Inappropriate diet and eating habits,excludes1,eating disorders (F50.-),F50.-,F50
21,Z72.4,Inappropriate diet and eating habits,excludes1,lack of adequate food (Z59.48),Z59.48,Z59
21,Z72.4,Inappropriate diet and eating habits,excludes1,malnutrition and other nutritional deficiencies (E40-E64),E40-E64,E40
21,Z72.5,High risk sexual behavior,excludes1,paraphilias (F65),F65,F65
21,Z72.6,Gambling and betting,excludes1,compulsive or pathological gambling (F63.0),F63.0,F63
21,Z72.81,Antisocial behavior,excludes1,conduct disorders (F91.-),F91.-,F91
21,Z72.820,Sleep deprivation,excludes1,insomnia (G47.0-),G47.0-,G47
21,Z72.821,Inadequate sleep hygiene,excludes1,"insomnia (F51.0-, G47.0-)",F51.0-; G47.0-,F51; G47
21,Z73.3,"Stress, not elsewhere classified",excludes1,stress related to employment or unemployment (Z56.-),Z56.-,Z56
21,Z73.6,Limitation of activities due to disability,excludes1,care-provider dependency (Z74.-),Z74.-,Z74
21,Z75.0,Medical services not available in home,excludes1,no other household member able to render care (Z74.2),Z74.2,Z74
21,Z75.3,Unavailability and inaccessibility of health-care facilities,excludes1,bed unavailable (Z75.1),Z75.1,Z75
21,Z76.4,Other boarder to healthcare facility,excludes1,homelessness (Z59.0-),Z59.0-,Z59
21,Z76.5,Malingerer [conscious simulation],excludes1,"factitious disorder (F68.1-, F68.A)",F68.1-; F68.A,F68
21,Z76.5,Malingerer [conscious simulation],excludes1,peregrinating patient (F68.1-),F68.1-,F68
21,Z77.012,Contact with and (suspected) exposure to uranium,excludes1,retained depleted uranium fragments (Z18.01),Z18.01,Z18
21,Z77.22,Contact with and (suspected) exposure to environmental tobacco smoke (acute) (chronic),excludes1,nicotine dependence (F17.-),F17.-,F17
21,Z77.22,Contact with and (suspected) exposure to environmental tobacco smoke (acute) (chronic),excludes1,tobacco use (Z72.0),Z72.0,Z72
21,Z78.1,Physical restraint status,excludes1,physical restraint due to a procedure - omit code,,
21,Z79.81,Long term (current) use of agents affecting estrogen receptors and estrogen levels,excludes1,hormone replacement therapy (Z79.890),Z79.890,Z79
21,Z85.52,Personal history of malignant neoplasm of kidney,excludes1,personal history of malignant neoplasm of renal pelvis (Z85.53),Z85.53,Z85
21,Z85.6,Personal history of leukemia,excludes1,leukemia in remission C91.0-C95.9 with 5th character 1,,
21,Z85.79,"Personal history of other malignant neoplasms of lymphoid, hematopoietic and related tissues",excludes1,multiple myeloma in remission (C90.01),C90.01,C90
21,Z85.79,"Personal history of other malignant neoplasms of lymphoid, hematopoietic and related tissues",excludes1,plasma cell leukemia in remission (C90.11),C90.11,C90
21,Z85.79,"Personal history of other malignant neoplasms of lymphoid, hematopoietic and related tissues",excludes1,plasmacytoma in remission (C90.21),C90.21,C90
21,Z86.1,Personal history of infectious and parasitic diseases,excludes1,personal history of infectious diseases specific to a body system,,
21,Z86.1,Personal history of infectious and parasitic diseases,excludes1,sequelae of infectious and parasitic diseases (B90-B94),B90-B94,B90
21,Z86.16,Personal history of COVID-19,excludes1,post COVID-19 condition (U09.9),U09.9,U09
21,Z86.17,Personal history of Clostridioides difficile infection,excludes1,"enterocolitis due to Clostridium difficile, recurrent (A04.71)",A04.71,A04
21,Z86.32,Personal history of gestational diabetes,excludes1,gestational diabetes mellitus in current pregnancy (O24.4-),O24.4-,O24
21,Z86.73,"Personal history of transient ischemic attack (TIA), and cerebral infarction without residual deficits",excludes1,personal history of traumatic brain injury (Z87.820),Z87.820,Z87
21,Z86.73,"Personal history of transient ischemic attack (TIA), and cerebral infarction without residual deficits",excludes1,sequelae of cerebrovascular disease (I69.-),I69.-,I69
21,Z87.41,Personal history of dysplasia of the female genital tract,excludes1,"personal history of intraepithelial neoplasia III of female genital tract (Z86.001, Z86.008, Z86.00A)",Z86.001; Z86.008; Z86.00A,Z86
21,Z87.41,Personal history of dysplasia of the female genital tract,excludes1,"personal history of malignant neoplasm of female genital tract (Z85.40-Z85.44, Z85.4A)",Z85.40-Z85.44; Z85.4A,Z85
21,Z87.430,Personal history of prostatic dysplasia,excludes1,personal history of malignant neoplasm of prostate (Z85.46),Z85.46,Z85
21,Z87.44,Personal history of diseases of urinary system,excludes1,personal history of malignant neoplasm of cervix uteri (Z85.41),Z85.41,Z85
21,Z87.51,Personal history of pre-term labor,excludes1,current pregnancy with history of pre-term labor (O09.21-),O09.21-,O09
21,Z87.6,Personal history of certain (corrected) conditions arising in the perinatal period,excludes1,personal history of (corrected) congenital malformations (Z87.7-),Z87.7-,Z87
21,Z87.820,Personal history of traumatic brain injury,excludes1,"personal history of transient ischemic attack (TIA), and cerebral infarction without residual deficits (Z86.73)",Z86.73,Z86
21,Z87.891,Personal history of nicotine dependence,excludes1,current nicotine dependence (F17.2-),F17.2-,F17
21,Z89,Acquired absence of limb,excludes1,acquired deformities of limbs (M20-M21),M20-M21,M20
21,Z89,Acquired absence of limb,excludes1,congenital absence of limbs (Q71-Q73),Q71-Q73,Q71
21,Z90,"Acquired absence of organs, not elsewhere classified",excludes1,congenital absence - see Alphabetical Index,,
21,Z90.7,Acquired absence of genital organ(s),excludes1,personal history of sex reassignment (Z87.890-),Z87.890-,Z87
21,Z91.011,Allergy to milk products,excludes1,lactose intolerance (E73.-),E73.-,E73
21,Z91.0111,Allergy to milk products with tolerance to baked milk,excludes1,Allergy to milk products with reactivity to baked milk (Z91.0112),Z91.0112,Z91
21,Z91.0112,Allergy to milk products with reactivity to baked milk,excludes1,Allergy to milk products with tolerance to baked milk (Z91.0111),Z91.0111,Z91
21,Z91.0121,Allergy to eggs with tolerance to baked egg,excludes1,Allergy to eggs with reactivity to baked egg (Z91.0122),Z91.0122,Z91
21,Z91.0122,Allergy to eggs with reactivity to baked egg,excludes1,Allergy to egg with tolerance to baked egg (Z91.0121),Z91.0121,Z91
21,Z91.410,Personal history of adult physical and sexual abuse,excludes1,"current adult physical abuse (T74.11, T76.11)",T74.11; T76.11,T74; T76
21,Z91.410,Personal history of adult physical and sexual abuse,excludes1,"current adult sexual abuse (T74.21, T76.11)",T74.21; T76.11,T74; T76
21,Z91.412,Personal history of adult neglect,excludes1,"current adult neglect (T74.01, T76.01)",T74.01; T76.01,T74; T76
21,Z92.0,Personal history of contraception,excludes1,counseling or management of current contraceptive practices (Z30.-),Z30.-,Z30
21,Z92.0,Personal history of contraception,excludes1,long term (current) use of contraception (Z79.3),Z79.3,Z79
21,Z92.0,Personal history of contraception,excludes1,presence of (intrauterine) contraceptive device (Z97.5),Z97.5,Z97
21,Z92.3,Personal history of irradiation,excludes1,exposure to radiation in the physical environment (Z77.12),Z77.12,Z77
21,Z92.3,Personal history of irradiation,excludes1,occupational exposure to radiation (Z57.1),Z57.1,Z57
21,Z93,Artificial opening status,excludes1,artificial openings requiring attention or management (Z43.-),Z43.-,Z43
21,Z93,Artificial opening status,excludes1,"complications of external stoma (J95.0-, K94.-, N99.5-)",J95.0-; K94.-; N99.5-,J95; K94; N99
21,Z94,Transplanted organ and tissue status,excludes1,complications of transplanted organ or tissue - see Alphabetical Index,,
21,Z94.1,Heart transplant status,excludes1,artificial heart status (Z95.812),Z95.812,Z95
21,Z94.1,Heart transplant status,excludes1,heart-valve replacement status (Z95.2-Z95.4),Z95.2-Z95.4,Z95
21,Z95.0,Presence of cardiac pacemaker,excludes1,adjustment or management of cardiac device (Z45.0-),Z45.0-,Z45
21,Z95.0,Presence of cardiac pacemaker,excludes1,adjustment or management of cardiac pacemaker (Z45.0),Z45.0,Z45
21,Z95.0,Presence of cardiac pacemaker,excludes1,presence of automatic (implantable) cardiac defibrillator with synchronous cardiac pacemaker (Z95.810),Z95.810,Z95
21,Z95.5,Presence of coronary angioplasty implant and graft,excludes1,coronary angioplasty status without implant and graft (Z98.61),Z98.61,Z98
21,Z95.820,Peripheral vascular angioplasty status with implants and grafts,excludes1,peripheral vascular angioplasty without implant and graft (Z98.62),Z98.62,Z98
21,Z97,Presence of other devices,excludes1,"complications of internal prosthetic devices, implants and grafts (T82-T85)",T82-T85,T82
21,Z97.5,Presence of (intrauterine) contraceptive device,excludes1,"checking, reinsertion or removal of implantable subdermal contraceptive (Z30.46)",Z30.46,Z30
21,Z97.5,Presence of (intrauterine) contraceptive device,excludes1,"checking, reinsertion or removal of intrauterine contraceptive device (Z30.43-)",Z30.43-,Z30
21,Z98.4,Cataract extraction status,excludes1,aphakia (H27.0),H27.0,H27
21,Z98.5,Sterilization status,excludes1,female infertility (N97.-),N97.-,N97
21,Z98.5,Sterilization status,excludes1,male infertility (N46.-),N46.-,N46
21,Z98.61,Coronary angioplasty status,excludes1,coronary angioplasty status with implant and graft (Z95.5),Z95.5,Z95
21,Z98.62,Peripheral vascular angioplasty status,excludes1,peripheral vascular angioplasty status with implant and graft (Z95.820),Z95.820,Z95
21,Z98.82,Breast implant status,excludes1,breast implant removal status (Z98.86),Z98.86,Z98
21,Z98.83,Filtering (vitreous) bleb after glaucoma surgery status,excludes1,Inflammation (infection) of postprocedural bleb (H59.4-),H59.4-,H59
21,Z98.84,Bariatric surgery status,excludes1,"bariatric surgery status complicating pregnancy, childbirth, or the puerperium (O99.84)",O99.84,O99
21,Z98.85,Transplanted organ removal status,excludes1,encounter for removal of transplanted organ -code to complication of transplanted organ (T86.-),T86.-,T86
21,Z98.891,History of uterine scar from previous surgery,excludes1,Maternal care due to uterine scar from previous surgery (O34.2-),O34.2-,O34
21,Z99.12,Encounter for respirator [ventilator] dependence during power failure,excludes1,mechanical complication of respirator [ventilator] (J95.850),J95.850,J95
21,Z99.2,Dependence on renal dialysis,excludes1,encounter for fitting and adjustment of dialysis catheter (Z49.0-),Z49.0-,Z49
