chapter,code,codeTitle,noteType,noteText,referencedCodes,referencedCategories
1,Chapter 1,Certain infectious and parasitic diseases,excludes2,carrier or suspected carrier of infectious disease (Z22.-),Z22.-,Z22
1,Chapter 1,Certain infectious and parasitic diseases,excludes2,certain localized infections - see body system-related chapters,,
1,Chapter 1,Certain infectious and parasitic diseases,excludes2,"infectious and parasitic diseases complicating pregnancy, childbirth and the puerperium (O98.-)",O98.-,O98
1,Chapter 1,Certain infectious and parasitic diseases,excludes2,infectious and parasitic diseases specific to the perinatal period (P35-P39),P35-P39,P35
1,Chapter 1,Certain infectious and parasitic diseases,excludes2,influenza and other acute respiratory infections (J00-J22),J00-J22,J00
1,A06,Amebiasis,excludes2,acanthamebiasis (B60.1-),B60.1-,B60
1,A06,Amebiasis,excludes2,Naegleriasis (B60.2),B60.2,B60
1,A17.1,Meningeal tuberculoma,excludes2,tuberculoma of brain and spinal cord (A17.81),A17.81,A17
1,A18.2,Tuberculous peripheral lymphadenopathy,excludes2,tuberculosis of bronchial and mediastinal lymph nodes (A15.4),A15.4,A15
1,A18.2,Tuberculous peripheral lymphadenopathy,excludes2,tuberculosis of mesenteric and retroperitoneal lymph nodes (A18.39),A18.39,A18
1,A18.2,Tuberculous peripheral lymphadenopathy,excludes2,tuberculous tracheobronchial adenopathy (A15.4),A15.4,A15
1,A18.4,Tuberculosis of skin and subcutaneous tissue,excludes2,lupus erythematosus (L93.-),L93.-,L93
1,A18.4,Tuberculosis of skin and subcutaneous tissue,excludes2,systemic lupus erythematosus (M32.-),M32.-,M32
1,A18.5,Tuberculosis of eye,excludes2,lupus vulgaris of eyelid (A18.4),A18.4,A18
1,A18.6,Tuberculosis of (inner) (middle) ear,excludes2,tuberculosis of external ear (A18.4),A18.4,A18
1,A18.6,Tuberculosis of (inner) (middle) ear,excludes2,tuberculous mastoiditis (A18.03),A18.03,A18
1,A31,Infection due to other mycobacteria,excludes2,leprosy (A30.-),A30.-,A30
1,A31,Infection due to other mycobacteria,excludes2,tuberculosis (A15-A19),A15-A19,A15
1,A36.3,Cutaneous diphtheria,excludes2,erythrasma (L08.1),L08.1,L08
1,A38,Scarlet fever,excludes2,streptococcal sore throat (J02.0),J02.0,J02
1,A41,Other sepsis,excludes2,sepsis (due to) (in) actinomycotic (A42.7),A42.7,A42
1,A41,Other sepsis,excludes2,sepsis (due to) (in) anthrax (A22.7),A22.7,A22
1,A41,Other sepsis,excludes2,sepsis (due to) (in) candidal (B37.7),B37.7,B37
1,A41,Other sepsis,excludes2,sepsis (due to) (in) Erysipelothrix (A26.7),A26.7,A26
1,A41,Other sepsis,excludes2,sepsis (due to) (in) extraintestinal yersiniosis (A28.2),A28.2,A28
1,A41,Other sepsis,excludes2,sepsis (due to) (in) gonococcal (A54.86),A54.86,A54
1,A41,Other sepsis,excludes2,sepsis (due to) (in) herpesviral (B00.7),B00.7,B00
1,A41,Other sepsis,excludes2,sepsis (due to) (in) listerial (A32.7),A32.7,A32
1,A41,Other sepsis,excludes2,sepsis (due to) (in) melioidosis (A24.1),A24.1,A24
1,A41,Other sepsis,excludes2,sepsis (due to) (in) meningococcal (A39.2-A39.4),A39.2-A39.4,A39
1,A41,Other sepsis,excludes2,sepsis (due to) (in) plague (A20.7),A20.7,A20
1,A41,Other sepsis,excludes2,sepsis (due to) (in) tularemia (A21.7),A21.7,A21
1,A41,Other sepsis,excludes2,toxic shock syndrome (A48.3),A48.3,A48
1,A49,Bacterial infection of unspecified site,excludes2,chlamydial infection NOS (A74.9),A74.9,A74
1,Block A50-A64,Infections with a predominantly sexual mode of transmission (A50-A64),excludes2,human immunodeficiency virus [HIV] disease (B20),B20,B20
1,A54.42,Gonococcal arthritis,excludes2,gonococcal infection of spine (A54.41),A54.41,A54
1,A54.43,Gonococcal osteomyelitis,excludes2,gonococcal infection of spine (A54.41),A54.41,A54
1,A56,Other sexually transmitted chlamydial diseases,excludes2,chlamydial lymphogranuloma (A55),A55,A55
1,A56,Other sexually transmitted chlamydial diseases,excludes2,conditions classified to A74.-,,
1,A59,Trichomoniasis,excludes2,intestinal trichomoniasis (A07.8),A07.8,A07
1,A63,"Other predominantly sexually transmitted diseases, not elsewhere classified",excludes2,molluscum contagiosum (B08.1),B08.1,B08
1,A63,"Other predominantly sexually transmitted diseases, not elsewhere classified",excludes2,papilloma of cervix (D26.0),D26.0,D26
1,Block A65-A69,Other spirochetal diseases (A65-A69),excludes2,leptospirosis (A27.-),A27.-,A27
1,Block A65-A69,Other spirochetal diseases (A65-A69),excludes2,syphilis (A50-A53),A50-A53,A50
1,A68,Relapsing fevers,excludes2,Lyme disease (A69.2-),A69.2-,A69
1,A74,Other diseases caused by chlamydiae,excludes2,chlamydial pneumonia (J16.0),J16.0,J16
1,A83,Mosquito-borne viral encephalitis,excludes2,Venezuelan equine encephalitis (A92.2),A92.2,A92
1,A83,Mosquito-borne viral encephalitis,excludes2,West Nile fever (A92.3-),A92.3-,A92
1,A83,Mosquito-borne viral encephalitis,excludes2,West Nile virus (A92.3-),A92.3-,A92
1,B00,Herpesviral [herpes simplex] infections,excludes2,anogenital herpesviral infection (A60.-),A60.-,A60
1,B00,Herpesviral [herpes simplex] infections,excludes2,gammaherpesviral mononucleosis (B27.0-),B27.0-,B27
1,B00,Herpesviral [herpes simplex] infections,excludes2,herpangina (B08.5),B08.5,B08
1,B07,Viral warts,excludes2,anogenital (venereal) warts (A63.0),A63.0,A63
1,B07,Viral warts,excludes2,papilloma of bladder (D41.4),D41.4,D41
1,B07,Viral warts,excludes2,papilloma of cervix (D26.0),D26.0,D26
1,B07,Viral warts,excludes2,papilloma larynx (D14.1),D14.1,D14
1,B08.0,Other orthopoxvirus infections,excludes2,monkeypox (B04),B04,B04
1,B10,Other human herpesviruses,excludes2,cytomegalovirus (B25.9),B25.9,B25
1,B10,Other human herpesviruses,excludes2,Epstein-Barr virus (B27.0-),B27.0-,B27
1,B10,Other human herpesviruses,excludes2,herpes NOS (B00.9),B00.9,B00
1,B10,Other human herpesviruses,excludes2,herpes simplex (B00.-),B00.-,B00
1,B10,Other human herpesviruses,excludes2,herpes zoster (B02.-),B02.-,B02
1,B10,Other human herpesviruses,excludes2,human herpesvirus NOS (B00.-),B00.-,B00
1,B10,Other human herpesviruses,excludes2,human herpesvirus 1 and 2 (B00.-),B00.-,B00
1,B10,Other human herpesviruses,excludes2,"human herpesvirus 3 (B01.-, B02.-)",B01.-; B02.-,B01; B02
1,B10,Other human herpesviruses,excludes2,human herpesvirus 4 (B27.0-),B27.0-,B27
1,B10,Other human herpesviruses,excludes2,human herpesvirus 5 (B25.-),B25.-,B25
1,B10,Other human herpesviruses,excludes2,varicella (B01.-),B01.-,B01
1,B10,Other human herpesviruses,excludes2,zoster (B02.-),B02.-,B02
1,B10.0,Other human herpesvirus encephalitis,excludes2,herpes encephalitis NOS (B00.4),B00.4,B00
1,B10.0,Other human herpesvirus encephalitis,excludes2,herpes simplex encephalitis (B00.4),B00.4,B00
1,B10.0,Other human herpesvirus encephalitis,excludes2,human herpesvirus encephalitis (B00.4),B00.4,B00
1,B10.0,Other human herpesvirus encephalitis,excludes2,simian B herpes virus encephalitis (B00.4),B00.4,B00
1,Block B15-B19,Viral hepatitis (B15-B19),excludes2,cytomegaloviral hepatitis (B25.1),B25.1,B25
1,Block B15-B19,Viral hepatitis (B15-B19),excludes2,herpesviral [herpes simplex] hepatitis (B00.81),B00.81,B00
1,Block B35-B49,Mycoses (B35-B49),excludes2,hypersensitivity pneumonitis due to organic dust (J67.-),J67.-,J67
1,Block B35-B49,Mycoses (B35-B49),excludes2,mycosis fungoides (C84.0-),C84.0-,C84
1,B37.2,Candidiasis of skin and nail,excludes2,diaper dermatitis (L22),L22,L22
1,B47,Mycetoma,excludes2,pulmonary mycetoma (J4B),J4B,J4B
1,B70.0,Diphyllobothriasis,excludes2,larval diphyllobothriasis (B70.1),B70.1,B70
1,B74,Filariasis,excludes2,onchocerciasis (B73),B73,B73
1,B74,Filariasis,excludes2,tropical (pulmonary) eosinophilia NOS (J82.89),J82.89,J82
1,B81.1,Intestinal capillariasis,excludes2,hepatic capillariasis (B83.8),B83.8,B83
1,B83,Other helminthiases,excludes2,intestinal capillariasis (B81.1),B81.1,B81
1,B83.2,Angiostrongyliasis due to Parastrongylus cantonensis,excludes2,intestinal angiostrongyliasis (B81.3),B81.3,B81
1,B83.4,Internal hirudiniasis,excludes2,external hirudiniasis (B88.3),B88.3,B88
1,B88.0,Other acariasis,excludes2,scabies (B86),B86,B86
1,B88.3,External hirudiniasis,excludes2,internal hirudiniasis (B83.4),B83.4,B83
1,B90.8,Sequelae of tuberculosis of other organs,excludes2,sequelae of respiratory tuberculosis (B90.9),B90.9,B90
1,B94.9,Sequelae of unspecified infectious and parasitic disease,excludes2,post COVID-19 condition (U09.9),U09.9,U09
2,C02.0,Malignant neoplasm of dorsal surface of tongue,excludes2,malignant neoplasm of dorsal surface of base of tongue (C01),C01,C01
2,C02.4,Malignant neoplasm of lingual tonsil,excludes2,malignant neoplasm of tonsil NOS (C09.9),C09.9,C09
2,C03,Malignant neoplasm of gum,excludes2,malignant odontogenic neoplasms (C41.0-C41.1),C41.0-C41.1,C41
2,C05.1,Malignant neoplasm of soft palate,excludes2,malignant neoplasm of nasopharyngeal surface of soft palate (C11.3),C11.3,C11
2,C08,Malignant neoplasm of other and unspecified major salivary glands,excludes2,malignant neoplasms of minor salivary glands NOS (C06.9),C06.9,C06
2,C08,Malignant neoplasm of other and unspecified major salivary glands,excludes2,malignant neoplasm of parotid gland (C07),C07,C07
2,C09,Malignant neoplasm of tonsil,excludes2,malignant neoplasm of lingual tonsil (C02.4),C02.4,C02
2,C09,Malignant neoplasm of tonsil,excludes2,malignant neoplasm of pharyngeal tonsil (C11.1),C11.1,C11
2,C10,Malignant neoplasm of oropharynx,excludes2,malignant neoplasm of tonsil (C09.-),C09.-,C09
2,C10.1,Malignant neoplasm of anterior surface of epiglottis,excludes2,malignant neoplasm of epiglottis (suprahyoid portion) NOS (C32.1),C32.1,C32
2,C13,Malignant neoplasm of hypopharynx,excludes2,malignant neoplasm of pyriform sinus (C12),C12,C12
2,C13.1,"Malignant neoplasm of aryepiglottic fold, hypopharyngeal aspect",excludes2,"malignant neoplasm of aryepiglottic fold or interarytenoid fold, laryngeal aspect (C32.1)",C32.1,C32
2,Block C15-C26,Malignant neoplasms of digestive organs (C15-C26),excludes2,gastrointestinal stromal tumors (C49.A-),C49.A-,C49
2,C16,Malignant neoplasm of stomach,excludes2,malignant carcinoid tumor of the stomach (C7A.092),C7A.092,C7A
2,C21,Malignant neoplasm of anus and anal canal,excludes2,malignant carcinoid tumors of the colon (C7A.02-),C7A.02-,C7A
2,C21,Malignant neoplasm of anus and anal canal,excludes2,malignant melanoma of anal margin (C43.51),C43.51,C43
2,C21,Malignant neoplasm of anus and anal canal,excludes2,malignant melanoma of anal skin (C43.51),C43.51,C43
2,C21,Malignant neoplasm of anus and anal canal,excludes2,malignant melanoma of perianal skin (C43.51),C43.51,C43
2,C21,Malignant neoplasm of anus and anal canal,excludes2,"other and unspecified malignant neoplasm of anal margin (C44.500, C44.510, C44.520, C44.590)",C44.500; C44.510; C44.520; C44.590,C44
2,C21,Malignant neoplasm of anus and anal canal,excludes2,"other and unspecified malignant neoplasm of anal skin (C44.500, C44.510, C44.520, C44.590)",C44.500; C44.510; C44.520; C44.590,C44
2,C21,Malignant neoplasm of anus and anal canal,excludes2,"other and unspecified malignant neoplasm of perianal skin (C44.500, C44.510, C44.520, C44.590)",C44.500; C44.510; C44.520; C44.590,C44
2,C32.1,Malignant neoplasm of supraglottis,excludes2,malignant neoplasm of anterior surface of epiglottis (C10.1),C10.1,C10
2,C32.1,Malignant neoplasm of supraglottis,excludes2,"malignant neoplasm of aryepiglottic fold or interarytenoid fold, hypopharyngeal aspect (C13.1)",C13.1,C13
2,C32.1,Malignant neoplasm of supraglottis,excludes2,"malignant neoplasm of aryepiglottic fold or interarytenoid fold, marginal zone (C13.1)",C13.1,C13
2,C32.1,Malignant neoplasm of supraglottis,excludes2,malignant neoplasm of aryepiglottic fold or interarytenoid fold NOS (C13.1),C13.1,C13
2,C41.0,Malignant neoplasm of bones of skull and face,excludes2,"carcinoma, any type except intraosseous or odontogenic of:",,
2,C41.0,Malignant neoplasm of bones of skull and face,excludes2,maxillary sinus (C31.0),C31.0,C31
2,C41.0,Malignant neoplasm of bones of skull and face,excludes2,upper jaw (C03.0),C03.0,C03
2,C41.0,Malignant neoplasm of bones of skull and face,excludes2,malignant neoplasm of jaw bone (lower) (C41.1),C41.1,C41
2,C41.1,Malignant neoplasm of mandible,excludes2,"carcinoma, any type except intraosseous or odontogenic of:",,
2,C41.1,Malignant neoplasm of mandible,excludes2,jaw NOS (C03.9),C03.9,C03
2,C41.1,Malignant neoplasm of mandible,excludes2,lower (C03.1),C03.1,C03
2,C41.1,Malignant neoplasm of mandible,excludes2,malignant neoplasm of upper jaw bone (C41.0),C41.0,C41
2,C43,Malignant melanoma of skin,excludes2,"malignant melanoma of skin of genital organs (C51-C52, C60.-, C63.-)",C51-C52; C60.-; C63.-,C51; C60; C63
2,C43,Malignant melanoma of skin,excludes2,Merkel cell carcinoma (C4A.-),C4A.-,C4A
2,C43,Malignant melanoma of skin,excludes2,sites other than skin-code to malignant neoplasm of the site,,
2,C43.5,Malignant melanoma of trunk,excludes2,malignant neoplasm of anus NOS (C21.0),C21.0,C21
2,C43.5,Malignant melanoma of trunk,excludes2,malignant neoplasm of scrotum (C63.2),C63.2,C63
2,C4A.5,Merkel cell carcinoma of trunk,excludes2,malignant neoplasm of anus NOS (C21.0),C21.0,C21
2,C4A.5,Merkel cell carcinoma of trunk,excludes2,malignant neoplasm of scrotum (C63.2),C63.2,C63
2,C46.1,Kaposi's sarcoma of soft tissue,excludes2,Kaposi's sarcoma of lymph glands and nodes (C46.3),C46.3,C46
2,C49,Malignant neoplasm of other connective and soft tissue,excludes2,Kaposi's sarcoma of soft tissue (C46.1),C46.1,C46
2,C49,Malignant neoplasm of other connective and soft tissue,excludes2,malignant neoplasm of heart (C38.0),C38.0,C38
2,C49,Malignant neoplasm of other connective and soft tissue,excludes2,malignant neoplasm of peripheral nerves and autonomic nervous system (C47.-),C47.-,C47
2,C49,Malignant neoplasm of other connective and soft tissue,excludes2,malignant neoplasm of peritoneum (C48.2),C48.2,C48
2,C49,Malignant neoplasm of other connective and soft tissue,excludes2,malignant neoplasm of retroperitoneum (C48.0),C48.0,C48
2,C49,Malignant neoplasm of other connective and soft tissue,excludes2,malignant neoplasm of uterine ligament (C57.3),C57.3,C57
2,C49,Malignant neoplasm of other connective and soft tissue,excludes2,mesothelioma (C45.-),C45.-,C45
2,C7A,Malignant neuroendocrine tumors,excludes2,malignant pancreatic islet cell tumors (C25.4),C25.4,C25
2,C7A,Malignant neuroendocrine tumors,excludes2,Merkel cell carcinoma (C4A.-),C4A.-,C4A
2,C78,Secondary malignant neoplasm of respiratory and digestive organs,excludes2,lymph node metastases (C77.0),C77.0,C77
2,C79.11,Secondary malignant neoplasm of bladder,excludes2,lymph node metastases (C77.0),C77.0,C77
2,Block C81-C96,"Malignant neoplasms of lymphoid, hematopoietic and related tissue (C81-C96)",excludes2,Kaposi's sarcoma of lymph nodes (C46.3),C46.3,C46
2,Block C81-C96,"Malignant neoplasms of lymphoid, hematopoietic and related tissue (C81-C96)",excludes2,secondary and unspecified neoplasm of lymph nodes (C77.-),C77.-,C77
2,Block C81-C96,"Malignant neoplasms of lymphoid, hematopoietic and related tissue (C81-C96)",excludes2,secondary neoplasm of bone marrow (C79.52),C79.52,C79
2,Block C81-C96,"Malignant neoplasms of lymphoid, hematopoietic and related tissue (C81-C96)",excludes2,secondary neoplasm of spleen (C78.89),C78.89,C78
2,D04.0,Carcinoma in situ of skin of lip,excludes2,carcinoma in situ of vermilion border of lip (D00.01),D00.01,D00
2,D12,"Benign neoplasm of colon, rectum, anus and anal canal",excludes2,benign carcinoid tumors of the large intestine and rectum (D3A.02-),D3A.02-,D3A
2,D12,"Benign neoplasm of colon, rectum, anus and anal canal",excludes2,polyp of colon NOS (K63.5),K63.5,K63
2,D12.6,"Benign neoplasm of colon, unspecified",excludes2,inflammatory polyp of colon (K51.4-),K51.4-,K51
2,D16.4,Benign neoplasm of bones of skull and face,excludes2,benign neoplasm of lower jaw bone (D16.5),D16.5,D16
2,D18,"Hemangioma and lymphangioma, any site",excludes2,benign neoplasm of glomus jugulare (D35.6),D35.6,D35
2,D18,"Hemangioma and lymphangioma, any site",excludes2,blue or pigmented nevus (D22.-),D22.-,D22
2,D18,"Hemangioma and lymphangioma, any site",excludes2,nevus NOS (D22.-),D22.-,D22
2,D18,"Hemangioma and lymphangioma, any site",excludes2,vascular nevus (Q82.5),Q82.5,Q82
2,D23,Other benign neoplasms of skin,excludes2,melanocytic nevi (D22.-),D22.-,D22
2,D24,Benign neoplasm of breast,excludes2,adenofibrosis of breast (N60.2),N60.2,N60
2,D24,Benign neoplasm of breast,excludes2,benign cyst of breast (N60.-),N60.-,N60
2,D24,Benign neoplasm of breast,excludes2,benign mammary dysplasia (N60.-),N60.-,N60
2,D24,Benign neoplasm of breast,excludes2,"benign neoplasm of skin of breast (D22.5, D23.5)",D22.5; D23.5,D22; D23
2,D24,Benign neoplasm of breast,excludes2,fibrocystic disease of breast (N60.-),N60.-,N60
2,D27,Benign neoplasm of ovary,excludes2,corpus albicans cyst (N83.2-),N83.2-,N83
2,D27,Benign neoplasm of ovary,excludes2,corpus luteum cyst (N83.1-),N83.1-,N83
2,D27,Benign neoplasm of ovary,excludes2,endometrial cyst (N80.1-),N80.1-,N80
2,D27,Benign neoplasm of ovary,excludes2,follicular (atretic) cyst (N83.0-),N83.0-,N83
2,D27,Benign neoplasm of ovary,excludes2,graafian follicle cyst (N83.0-),N83.0-,N83
2,D27,Benign neoplasm of ovary,excludes2,ovarian cyst NEC (N83.2-),N83.2-,N83
2,D27,Benign neoplasm of ovary,excludes2,ovarian retention cyst (N83.2-),N83.2-,N83
2,D3A,Benign neuroendocrine tumors,excludes2,benign pancreatic islet cell tumors (D13.7),D13.7,D13
2,D46,Myelodysplastic syndromes,excludes2,drug-induced aplastic anemia (D61.1),D61.1,D61
2,D47.3,Essential (hemorrhagic) thrombocythemia,excludes2,reactive thrombocytosis (D75.838),D75.838,D75
2,D47.3,Essential (hemorrhagic) thrombocythemia,excludes2,secondary thrombocytosis (D75.838),D75.838,D75
2,D47.3,Essential (hemorrhagic) thrombocythemia,excludes2,thrombocythemia NOS (D75.839),D75.839,D75
2,D47.3,Essential (hemorrhagic) thrombocythemia,excludes2,thrombocytosis NOS (D75.839),D75.839,D75
2,D47.Z2,Castleman disease,excludes2,Kaposi's sarcoma (C46.-),C46.-,C46
2,D49,Neoplasms of unspecified behavior,excludes2,"neoplasms of uncertain behavior (D37-D44, D48)",D37-D44; D48,D37; D48
3,Chapter 3,Diseases of the blood and blood-forming organs and certain disorders involving the immune mechanism,excludes2,autoimmune disease (systemic) NOS (M35.9),M35.9,M35
3,Chapter 3,Diseases of the blood and blood-forming organs and certain disorders involving the immune mechanism,excludes2,certain conditions originating in the perinatal period (P00-P96),P00-P96,P00
3,Chapter 3,Diseases of the blood and blood-forming organs and certain disorders involving the immune mechanism,excludes2,"complications of pregnancy, childbirth and the puerperium (O00-O9A)",O00-O9A,O00
3,Chapter 3,Diseases of the blood and blood-forming organs and certain disorders involving the immune mechanism,excludes2,"congenital malformations, deformations and chromosomal abnormalities (Q00-Q99)",Q00-Q99,Q00
3,Chapter 3,Diseases of the blood and blood-forming organs and certain disorders involving the immune mechanism,excludes2,"endocrine, nutritional and metabolic diseases (E00-E88)",E00-E88,E00
3,Chapter 3,Diseases of the blood and blood-forming organs and certain disorders involving the immune mechanism,excludes2,human immunodeficiency virus [HIV] disease (B20),B20,B20
3,Chapter 3,Diseases of the blood and blood-forming organs and certain disorders involving the immune mechanism,excludes2,"injury, poisoning and certain other consequences of external causes (S00-T88)",S00-T88,S00
3,Chapter 3,Diseases of the blood and blood-forming organs and certain disorders involving the immune mechanism,excludes2,neoplasms (C00-D49),C00-D49,C00
3,Chapter 3,Diseases of the blood and blood-forming organs and certain disorders involving the immune mechanism,excludes2,"symptoms, signs and abnormal clinical and laboratory findings, not elsewhere classified (R00-R94)",R00-R94,R00
3,D51,Vitamin B12 deficiency anemia,excludes2,deficiency of other B group vitamins (E53-),E53-,E53
3,D53.8,Other specified nutritional anemias,excludes2,"nutritional deficiencies without anemia, such as:",,
3,D53.8,Other specified nutritional anemias,excludes2,copper deficiency NOS (E61.0),E61.0,E61
3,D53.8,Other specified nutritional anemias,excludes2,molybdenum deficiency NOS (E61.5),E61.5,E61
3,D53.8,Other specified nutritional anemias,excludes2,zinc deficiency NOS (E60),E60,E60
3,D59.1,Other autoimmune hemolytic anemias,excludes2,Evans syndrome (D69.41),D69.41,D69
3,D59.1,Other autoimmune hemolytic anemias,excludes2,hemolytic disease of newborn (P55.-),P55.-,P55
3,D59.1,Other autoimmune hemolytic anemias,excludes2,paroxysmal cold hemoglobinuria (D59.6),D59.6,D59
3,D61,Other aplastic anemias and other bone marrow failure syndromes,excludes2,neutropenia (D70.-),D70.-,D70
3,D61.81,Pancytopenia,excludes2,pancytopenia (due to) (with) myelodysplastic syndromes (D46.-),D46.-,D46
3,D61.810,Antineoplastic chemotherapy induced pancytopenia,excludes2,aplastic anemia due to antineoplastic chemotherapy (D61.1),D61.1,D61
3,D61.811,Other drug-induced pancytopenia,excludes2,aplastic anemia due to drugs (D61.1),D61.1,D61
3,D63.0,Anemia in neoplastic disease,excludes2,anemia due to antineoplastic chemotherapy (D64.81),D64.81,D64
3,D64.81,Anemia due to antineoplastic chemotherapy,excludes2,anemia in neoplastic disease (D63.0),D63.0,D63
3,D64.81,Anemia due to antineoplastic chemotherapy,excludes2,aplastic anemia due to antineoplastic chemotherapy (D61.1),D61.1,D61
3,D65,Disseminated intravascular coagulation [defibrination syndrome],excludes2,disseminated intravascular coagulation (complicating):,,
3,D65,Disseminated intravascular coagulation [defibrination syndrome],excludes2,"abortion or ectopic or molar pregnancy (O00-O07, O08.1)",O00-O07; O08.1,O00; O08
3,D68,Other coagulation defects,excludes2,"coagulation defects complicating abortion or ectopic or molar pregnancy (O00-O07, O08.1)",O00-O07; O08.1,O00; O08
3,D68,Other coagulation defects,excludes2,"coagulation defects complicating pregnancy, childbirth and the puerperium (O45.0, O46.0, O67.0, O72.3)",O45.0; O46.0; O67.0; O72.3,O45; O46; O67; O72
3,D68.312,Antiphospholipid antibody with hemorrhagic disorder,excludes2,antiphospholipid antibody syndrome (D68.61),D68.61,D68
3,D68.312,Antiphospholipid antibody with hemorrhagic disorder,excludes2,antiphospholipid antibody with hypercoagulable state (D68.61),D68.61,D68
3,D68.312,Antiphospholipid antibody with hemorrhagic disorder,excludes2,lupus anticoagulant (LAC) with hypercoagulable state (D68.62),D68.62,D68
3,D68.312,Antiphospholipid antibody with hemorrhagic disorder,excludes2,systemic lupus erythematosus [SLE] inhibitor with hypercoagulable state (D68.62),D68.62,D68
3,D68.61,Antiphospholipid syndrome,excludes2,anti-phospholipid antibody with hemorrhagic disorder (D68.312),D68.312,D68
3,D68.61,Antiphospholipid syndrome,excludes2,lupus anticoagulant syndrome (D68.62),D68.62,D68
3,D68.62,Lupus anticoagulant syndrome,excludes2,anticardiolipin syndrome (D68.61),D68.61,D68
3,D68.62,Lupus anticoagulant syndrome,excludes2,antiphospholipid syndrome (D68.61),D68.61,D68
3,D68.62,Lupus anticoagulant syndrome,excludes2,lupus anticoagulant (LAC) with hemorrhagic disorder (D68.312),D68.312,D68
3,D69.1,Qualitative platelet defects,excludes2,von Willebrand disease (D68.0-),D68.0-,D68
3,D72,Other disorders of white blood cells,excludes2,neutropenia (D70),D70,D70
3,D72.1,Eosinophilia,excludes2,Löffler's syndrome (J82.89),J82.89,J82
3,D72.1,Eosinophilia,excludes2,pulmonary eosinophilia (J82.-),J82.-,J82
3,D72.81,Decreased white blood cell count,excludes2,neutropenia (D70),D70,D70
3,D75,Other and unspecified diseases of blood and blood-forming organs,excludes2,acute lymphadenitis (L04.-),L04.-,L04
3,D75,Other and unspecified diseases of blood and blood-forming organs,excludes2,chronic lymphadenitis (I88.1),I88.1,I88
3,D75,Other and unspecified diseases of blood and blood-forming organs,excludes2,enlarged lymph nodes (R59.-),R59.-,R59
3,D75,Other and unspecified diseases of blood and blood-forming organs,excludes2,hypergammaglobulinemia NOS (D89.2),D89.2,D89
3,D75,Other and unspecified diseases of blood and blood-forming organs,excludes2,lymphadenitis NOS (I88.9),I88.9,I88
3,D75,Other and unspecified diseases of blood and blood-forming organs,excludes2,mesenteric lymphadenitis (acute) (chronic) (I88.0),I88.0,I88
3,D75.83,Thrombocytosis,excludes2,essential thrombocythemia (D47.3),D47.3,D47
3,Block D80-D89,Certain disorders involving the immune mechanism (D80-D89),excludes2,human immunodeficiency virus [HIV] disease (B20),B20,B20
3,D89,"Other disorders involving the immune mechanism, not elsewhere classified",excludes2,transplant failure and rejection (T86.-),T86.-,T86
4,E21,Hyperparathyroidism and other disorders of parathyroid gland,excludes2,familial hypocalciuric hypercalcemia (E83.52),E83.52,E83
4,E21.2,Other hyperparathyroidism,excludes2,familial hypocalciuric hypercalcemia (E83.52),E83.52,E83
4,E34.8,Other specified endocrine disorders,excludes2,pseudohypoparathyroidism (E20.1),E20.1,E20
4,E36,Intraoperative complications of endocrine system,excludes2,"postprocedural endocrine and metabolic complications and disorders, not elsewhere classified (E89.-)",E89.-,E89
4,Block E40-E46,Malnutrition (E40-E46),excludes2,nutritional anemias (D50-D53),D50-D53,D50
4,Block E40-E46,Malnutrition (E40-E46),excludes2,starvation (T73.0),T73.0,T73
4,Block E50-E64,Other nutritional deficiencies (E50-E64),excludes2,nutritional anemias (D50-D53),D50-D53,D50
4,E53.8,Deficiency of other specified B group vitamins,excludes2,vitamin B12 deficiency anemia (D51.-),D51.-,D51
4,E63,Other nutritional deficiencies,excludes2,dehydration (E86.0),E86.0,E86
4,E63,Other nutritional deficiencies,excludes2,"failure to thrive, adult (R62.7)",R62.7,R62
4,E63,Other nutritional deficiencies,excludes2,"failure to thrive, child (R62.51)",R62.51,R62
4,E63,Other nutritional deficiencies,excludes2,feeding problems in newborn (P92.-),P92.-,P92
4,E63,Other nutritional deficiencies,excludes2,sequelae of malnutrition and other nutritional deficiencies (E64.-),E64.-,E64
4,E64.0,Sequelae of protein-calorie malnutrition,excludes2,retarded development following protein-calorie malnutrition (E45),E45,E45
4,E66,Overweight and obesity,excludes2,adiposogenital dystrophy (E23.6),E23.6,E23
4,E66,Overweight and obesity,excludes2,lipomatosis dolorosa [Dercum] (E88.2),E88.2,E88
4,E66,Overweight and obesity,excludes2,lipomatosis NOS (E88.2),E88.2,E88
4,E66,Overweight and obesity,excludes2,Prader-Willi syndrome (Q87.11),Q87.11,Q87
4,Block E70-E88,Metabolic disorders (E70-E88),excludes2,Ehlers-Danlos syndromes (Q79.6-),Q79.6-,Q79
4,E71.3,Disorders of fatty-acid metabolism,excludes2,carnitine deficiency due to inborn error of metabolism (E71.42),E71.42,E71
4,E74.3,Other disorders of intestinal carbohydrate absorption,excludes2,lactose intolerance (E73.-),E73.-,E73
4,E83.3,Disorders of phosphorus metabolism and phosphatases,excludes2,disorders of pyrophosphate metabolism (E83.82-),E83.82-,E83
4,E85,Amyloidosis,excludes2,Alzheimer's disease (G30.0-),G30.0-,G30
4,E85.0,Non-neuropathic heredofamilial amyloidosis,excludes2,Transthyretin-related (ATTR) familial amyloid cardiomyopathy (E85.4),E85.4,E85
4,E86,Volume depletion,excludes2,hypovolemic shock NOS (R57.1),R57.1,R57
4,E87.0,Hyperosmolality and hypernatremia,excludes2,"diabetes with hyperosmolarity (E08, E09, E11, E13 with final characters .00 or .01)",E08; E09; E11,E08; E09; E11
4,E87.29,Other acidosis,excludes2,acute respiratory acidosis (J96.02),J96.02,J96
4,E87.29,Other acidosis,excludes2,chronic respiratory acidosis (J96.12),J96.12,J96
4,E88.0,"Disorders of plasma-protein metabolism, not elsewhere classified",excludes2,disorder of lipoprotein metabolism (E78.-),E78.-,E78
4,E88.A,Wasting disease (syndrome) due to underlying condition,excludes2,"failure to thrive (R62.51, R62.7)",R62.51; R62.7,R62
4,E89,"Postprocedural endocrine and metabolic complications and disorders, not elsewhere classified",excludes2,"intraoperative complications of endocrine system organ or structure (E36.0-, E36.1-, E36.8)",E36.0-; E36.1-; E36.8,E36
5,Chapter 5,"Mental, Behavioral and Neurodevelopmental disorders",excludes2,"symptoms, signs and abnormal clinical laboratory findings, not elsewhere classified (R00-R99)",R00-R99,R00
5,F02,Dementia in other diseases classified elsewhere,excludes2,"dementia in alcohol and psychoactive substance disorders (F10-F19, with .17, .27, .97)",F10-F19,F10
5,F02,Dementia in other diseases classified elsewhere,excludes2,"vascular dementia (F01.5-, F01.A-, F01.B-, F01.C-)",F01.5-; F01.A-; F01.B-; F01.C-,F01
5,F03,Unspecified dementia,excludes2,dementia with delirium or acute confusional state (F05),F05,F05
5,F03,Unspecified dementia,excludes2,mild memory disturbance due to known physiological condition (F06.8),F06.8,F06
5,F04,Amnestic disorder due to known physiological condition,excludes2,"alcohol-induced or unspecified Korsakov's syndrome (F10.26, F10.96)",F10.26; F10.96,F10
5,F04,Amnestic disorder due to known physiological condition,excludes2,"Korsakov's syndrome induced by other psychoactive substances (F13.26, F13.96, F19.16, F19.26, F19.96)",F13.26; F13.96; F19.16; F19.26; F19.96,F13; F19
5,F05,Delirium due to known physiological condition,excludes2,"delirium tremens alcohol-induced or unspecified (F10.231, F10.921)",F10.231; F10.921,F10
5,F06,Other mental disorders due to known physiological condition,excludes2,delirium due to known physiological condition (F05),F05,F05
5,F06,Other mental disorders due to known physiological condition,excludes2,dementia as classified in F01-F02,,
5,F06,Other mental disorders due to known physiological condition,excludes2,other mental disorders associated with alcohol and other psychoactive substances (F10-F19),F10-F19,F10
5,F06.0,Psychotic disorder with hallucinations due to known physiological condition,excludes2,"hallucinations and perceptual disturbance induced by alcohol and other psychoactive substances (F10-F19 with .151, .251, .951)",,
5,F06.0,Psychotic disorder with hallucinations due to known physiological condition,excludes2,schizophrenia (F20.-),F20.-,F20
5,F06.1,Catatonic disorder due to known physiological condition,excludes2,catatonic schizophrenia (F20.2),F20.2,F20
5,F06.1,Catatonic disorder due to known physiological condition,excludes2,dissociative stupor (F44.2),F44.2,F44
5,F06.2,Psychotic disorder with delusions due to known physiological condition,excludes2,"alcohol and drug-induced psychotic disorder (F10-F19 with .150, .250, .950)",,
5,F06.2,Psychotic disorder with delusions due to known physiological condition,excludes2,brief psychotic disorder (F23),F23,F23
5,F06.2,Psychotic disorder with delusions due to known physiological condition,excludes2,delusional disorder (F22),F22,F22
5,F06.2,Psychotic disorder with delusions due to known physiological condition,excludes2,schizophrenia (F20.-),F20.-,F20
5,F06.3,Mood disorder due to known physiological condition,excludes2,"mood disorders due to alcohol and other psychoactive substances (F10-F19 with .14, .24, .94)",,
5,F06.3,Mood disorder due to known physiological condition,excludes2,"mood disorders, not due to known physiological condition or unspecified (F30-F39)",F30-F39,F30
5,F06.4,Anxiety disorder due to known physiological condition,excludes2,"anxiety disorders due to alcohol and other psychoactive substances (F10-F19 with .180, .280, .980)",,
5,F06.4,Anxiety disorder due to known physiological condition,excludes2,"anxiety disorders, not due to known physiological condition or unspecified (F40.-, F41.-)",F40.-; F41.-,F40; F41
5,F07.0,Personality change due to known physiological condition,excludes2,specific personality disorder (F60.-),F60.-,F60
5,F10.2,Alcohol dependence,excludes2,toxic effect of alcohol (T51.0-),T51.0-,T51
5,F10.22,Alcohol dependence with intoxication,excludes2,alcohol dependence with withdrawal (F10.23-),F10.23-,F10
5,F10.23,Alcohol dependence with withdrawal,excludes2,Alcohol dependence with intoxication (F10.22-),F10.22-,F10
5,F11.2,Opioid dependence,excludes2,opioid poisoning (T40.0-T40.2-),T40.0-T40.2-,T40
5,F12.2,Cannabis dependence,excludes2,cannabis poisoning (T40.7-),T40.7-,T40
5,F13.2,"Sedative, hypnotic or anxiolytic-related dependence",excludes2,"sedative, hypnotic, or anxiolytic poisoning (T42.-)",T42.-,T42
5,F14,Cocaine related disorders,excludes2,other stimulant-related disorders (F15.-),F15.-,F15
5,F14.2,Cocaine dependence,excludes2,cocaine poisoning (T40.5-),T40.5-,T40
5,F15,Other stimulant related disorders,excludes2,cocaine-related disorders (F14.-),F14.-,F14
5,F17,Nicotine dependence,excludes2,"tobacco use (smoking) during pregnancy, childbirth and the puerperium (O99.33-)",O99.33-,O99
5,F17,Nicotine dependence,excludes2,toxic effect of nicotine (T65.2-),T65.2-,T65
5,F20,Schizophrenia,excludes2,schizophrenic reaction in:,,
5,F20,Schizophrenia,excludes2,"alcoholism (F10.15-, F10.25-, F10.95-)",F10.15-; F10.25-; F10.95-,F10
5,F20,Schizophrenia,excludes2,brain disease (F06.2),F06.2,F06
5,F20,Schizophrenia,excludes2,epilepsy (F06.2),F06.2,F06
5,F20,Schizophrenia,excludes2,"psychoactive drug use (F11-F19 with .15. .25, .95)",,
5,F20,Schizophrenia,excludes2,schizotypal disorder (F21),F21,F21
5,F20.3,Undifferentiated schizophrenia,excludes2,post-schizophrenic depression (F32.89),F32.89,F32
5,F21,Schizotypal disorder,excludes2,Asperger's syndrome (F84.5),F84.5,F84
5,F21,Schizotypal disorder,excludes2,schizoid personality disorder (F60.1),F60.1,F60
5,F22,Delusional disorders,excludes2,paranoid personality disorder (F60.0),F60.0,F60
5,F22,Delusional disorders,excludes2,"paranoid psychosis, psychogenic (F23)",F23,F23
5,F22,Delusional disorders,excludes2,paranoid reaction (F23),F23,F23
5,F23,Brief psychotic disorder,excludes2,"mood [affective] disorders with psychotic symptoms (F30.2, F31.2, F31.5, F31.64, F32.3, F33.3)",F30.2; F31.2; F31.5; F31.64; F32.3; F33.3,F30; F31; F32; F33
5,F31,Bipolar disorder,excludes2,cyclothymia (F34.0),F34.0,F34
5,F32,Depressive episode,excludes2,adjustment disorder (F43.2),F43.2,F43
5,F34.1,Dysthymic disorder,excludes2,anxiety depression (mild or not persistent) (F41.8),F41.8,F41
5,F40.2,Specific (isolated) phobias,excludes2,dysmorphophobia (nondelusional) (F45.22),F45.22,F45
5,F40.2,Specific (isolated) phobias,excludes2,nosophobia (F45.22),F45.22,F45
5,F41,Other anxiety disorders,excludes2,anxiety in:,,
5,F41,Other anxiety disorders,excludes2,acute stress reaction (F43.0),F43.0,F43
5,F41,Other anxiety disorders,excludes2,transient adjustment reaction (F43.2),F43.2,F43
5,F41,Other anxiety disorders,excludes2,neurasthenia (F48.8),F48.8,F48
5,F41,Other anxiety disorders,excludes2,psychophysiologic disorders (F45.-),F45.-,F45
5,F41,Other anxiety disorders,excludes2,separation anxiety (F93.0),F93.0,F93
5,F41.1,Generalized anxiety disorder,excludes2,neurasthenia (F48.8),F48.8,F48
5,F42,Obsessive-compulsive disorder,excludes2,obsessive-compulsive personality (disorder) (F60.5),F60.5,F60
5,F42,Obsessive-compulsive disorder,excludes2,"obsessive-compulsive symptoms occurring in depression (F32.-, F33.-)",F32.-; F33.-,F32; F33
5,F42,Obsessive-compulsive disorder,excludes2,obsessive-compulsive symptoms occurring in schizophrenia (F20.-),F20.-,F20
5,F43.2,Adjustment disorders,excludes2,separation anxiety disorder of childhood (F93.0),F93.0,F93
5,F44,Dissociative and conversion disorders,excludes2,malingering [conscious simulation] (Z76.5),Z76.5,Z76
5,F44.0,Dissociative amnesia,excludes2,"alcohol-or other psychoactive substance-induced amnestic disorder (F10, F13, F19 with .26, .96)",F10; F13,F10; F13
5,F44.0,Dissociative amnesia,excludes2,amnestic disorder due to known physiological condition (F04),F04,F04
5,F44.0,Dissociative amnesia,excludes2,postictal amnesia in epilepsy (G40.-),G40.-,G40
5,F44.1,Dissociative fugue,excludes2,postictal fugue in epilepsy (G40.-),G40.-,G40
5,F44.2,Dissociative stupor,excludes2,catatonic disorder due to known physiological condition (F06.1),F06.1,F06
5,F44.2,Dissociative stupor,excludes2,"depressive stupor (F32, F33)",F32; F33,F32; F33
5,F44.2,Dissociative stupor,excludes2,"manic stupor (F30, F31)",F30; F31,F30; F31
5,F45,Somatoform disorders,excludes2,dissociative and conversion disorders (F44.-),F44.-,F44
5,F45,Somatoform disorders,excludes2,"factitious disorders (F68.1-, F68.A)",F68.1-; F68.A,F68
5,F45,Somatoform disorders,excludes2,hair-plucking (F63.3),F63.3,F63
5,F45,Somatoform disorders,excludes2,lalling (F80.0),F80.0,F80
5,F45,Somatoform disorders,excludes2,lisping (F80.0),F80.0,F80
5,F45,Somatoform disorders,excludes2,malingering [conscious simulation] (Z76.5),Z76.5,Z76
5,F45,Somatoform disorders,excludes2,nail-biting (F98.8),F98.8,F98
5,F45,Somatoform disorders,excludes2,psychological or behavioral factors associated with disorders or diseases classified elsewhere (F54),F54,F54
5,F45,Somatoform disorders,excludes2,"sexual dysfunction, not due to a substance or known physiological condition (F52.-)",F52.-,F52
5,F45,Somatoform disorders,excludes2,thumb-sucking (F98.8),F98.8,F98
5,F45,Somatoform disorders,excludes2,tic disorders (in childhood and adolescence) (F95.-),F95.-,F95
5,F45,Somatoform disorders,excludes2,Tourette's syndrome (F95.2),F95.2,F95
5,F45,Somatoform disorders,excludes2,trichotillomania (F63.3),F63.3,F63
5,F45.2,Hypochondriacal disorders,excludes2,delusional dysmorphophobia (F22),F22,F22
5,F45.2,Hypochondriacal disorders,excludes2,fixed delusions about bodily functions or shape (F22),F22,F22
5,F50,Eating disorders,excludes2,feeding difficulties (R63.3-),R63.3-,R63
5,F50,Eating disorders,excludes2,feeding disorder in infancy or childhood (F98.2-),F98.2-,F98
5,F51,Sleep disorders not due to a substance or known physiological condition,excludes2,organic sleep disorders (G47.-),G47.-,G47
5,F51.0,Insomnia not due to a substance or known physiological condition,excludes2,"alcohol related insomnia (F10.182, F10.282, F10.982)",F10.182; F10.282; F10.982,F10
5,F51.0,Insomnia not due to a substance or known physiological condition,excludes2,"drug-related insomnia (F11.182, F11.282, F11.982, F13.182, F13.282, F13.982, F14.182, F14.282, F14.982, F15.182, F15.282, F15.982, F19.182, F19.282, F19.982)",F11.182; F11.282; F11.982; F13.182; F13.282; F13.982; F14.182; F14.282; F14.982; F15.182; F15.282; F15.982; F19.182; F19.282; F19.982,F11; F13; F14; F15; F19
5,F51.0,Insomnia not due to a substance or known physiological condition,excludes2,insomnia NOS (G47.0-),G47.0-,G47
5,F51.0,Insomnia not due to a substance or known physiological condition,excludes2,insomnia due to known physiological condition (G47.0-),G47.0-,G47
5,F51.0,Insomnia not due to a substance or known physiological condition,excludes2,organic insomnia (G47.0-),G47.0-,G47
5,F51.0,Insomnia not due to a substance or known physiological condition,excludes2,sleep deprivation (Z72.820),Z72.820,Z72
5,F51.1,Hypersomnia not due to a substance or known physiological condition,excludes2,"alcohol related hypersomnia (F10.182, F10.282, F10.982)",F10.182; F10.282; F10.982,F10
5,F51.1,Hypersomnia not due to a substance or known physiological condition,excludes2,"drug-related hypersomnia (F11.182, F11.282, F11.982, F13.182, F13.282, F13.982, F14.182, F14.282, F14.982, F15.182, F15.282, F15.982, F19.182, F19.282, F19.982)",F11.182; F11.282; F11.982; F13.182; F13.282; F13.982; F14.182; F14.282; F14.982; F15.182; F15.282; F15.982; F19.182; F19.282; F19.982,F11; F13; F14; F15; F19
5,F51.1,Hypersomnia not due to a substance or known physiological condition,excludes2,hypersomnia NOS (G47.10),G47.10,G47
5,F51.1,Hypersomnia not due to a substance or known physiological condition,excludes2,hypersomnia due to known physiological condition (G47.10),G47.10,G47
5,F51.1,Hypersomnia not due to a substance or known physiological condition,excludes2,"idiopathic hypersomnia (G47.11, G47.12)",G47.11; G47.12,G47
5,F51.1,Hypersomnia not due to a substance or known physiological condition,excludes2,narcolepsy (G47.4-),G47.4-,G47
5,F52,Sexual dysfunction not due to a substance or known physiological condition,excludes2,Dhat syndrome (F48.8),F48.8,F48
5,F52.5,Vaginismus not due to a substance or known physiological condition,excludes2,vaginismus (due to a known physiological condition) (N94.2),N94.2,N94
5,F52.6,Dyspareunia not due to a substance or known physiological condition,excludes2,dyspareunia (due to a known physiological condition) (N94.1-),N94.1-,N94
5,F54,Psychological and behavioral factors associated with disorders or diseases classified elsewhere,excludes2,tension-type headache (G44.2),G44.2,G44
5,F55,Abuse of non-psychoactive substances,excludes2,abuse of psychoactive substances (F10-F19),F10-F19,F10
5,F60.0,Paranoid personality disorder,excludes2,paranoia (F22),F22,F22
5,F60.0,Paranoid personality disorder,excludes2,paranoia querulans (F22),F22,F22
5,F60.0,Paranoid personality disorder,excludes2,paranoid psychosis (F22),F22,F22
5,F60.0,Paranoid personality disorder,excludes2,paranoid schizophrenia (F20.0),F20.0,F20
5,F60.0,Paranoid personality disorder,excludes2,paranoid state (F22),F22,F22
5,F60.1,Schizoid personality disorder,excludes2,Asperger's syndrome (F84.5),F84.5,F84
5,F60.1,Schizoid personality disorder,excludes2,delusional disorder (F22),F22,F22
5,F60.1,Schizoid personality disorder,excludes2,schizoid disorder of childhood (F84.5),F84.5,F84
5,F60.1,Schizoid personality disorder,excludes2,schizophrenia (F20.-),F20.-,F20
5,F60.1,Schizoid personality disorder,excludes2,schizotypal disorder (F21),F21,F21
5,F60.2,Antisocial personality disorder,excludes2,borderline personality disorder (F60.3),F60.3,F60
5,F60.3,Borderline personality disorder,excludes2,antisocial personality disorder (F60.2),F60.2,F60
5,F60.5,Obsessive-compulsive personality disorder,excludes2,obsessive-compulsive disorder (F42.-),F42.-,F42
5,F63,Impulse disorders,excludes2,habitual excessive use of alcohol or psychoactive substances (F10-F19),F10-F19,F10
5,F63,Impulse disorders,excludes2,impulse disorders involving sexual behavior (F65.-),F65.-,F65
5,F63.0,Pathological gambling,excludes2,"excessive gambling by manic patients (F30, F31)",F30; F31,F30; F31
5,F63.0,Pathological gambling,excludes2,gambling in antisocial personality disorder (F60.2),F60.2,F60
5,F63.1,Pyromania,excludes2,fire-setting (by) (in):,,
5,F63.1,Pyromania,excludes2,adult with antisocial personality disorder (F60.2),F60.2,F60
5,F63.1,Pyromania,excludes2,alcohol or psychoactive substance intoxication (F10-F19),F10-F19,F10
5,F63.1,Pyromania,excludes2,conduct disorders (F91.-),F91.-,F91
5,F63.1,Pyromania,excludes2,mental disorders due to known physiological condition (F01-F09),F01-F09,F01
5,F63.1,Pyromania,excludes2,schizophrenia (F20.-),F20.-,F20
5,F63.2,Kleptomania,excludes2,"depressive disorder with stealing (F31.-,  F32.-, F33.-)",F31.-; F32.-; F33.-,F31; F32; F33
5,F63.2,Kleptomania,excludes2,stealing due to underlying mental condition-code to mental condition,,
5,F63.2,Kleptomania,excludes2,stealing in mental disorders due to known physiological condition (F01-F09),F01-F09,F01
5,F63.3,Trichotillomania,excludes2,other stereotyped movement disorder (F98.4),F98.4,F98
5,F64.1,Dual role transvestism,excludes2,fetishistic transvestism (F65.1),F65.1,F65
5,F64.2,Gender identity disorder of childhood,excludes2,sexual maturation disorder (F66),F66,F66
5,F68.1,Factitious disorder imposed on self,excludes2,factitial dermatitis (L98.1),L98.1,L98
5,F68.1,Factitious disorder imposed on self,excludes2,person feigning illness (with obvious motivation) (Z76.5),Z76.5,Z76
5,F80.0,Phonological disorder,excludes2,speech articulation impairment due to hearing loss (F80.4),F80.4,F80
5,F80.0,Phonological disorder,excludes2,speech articulation impairment due to intellectual disabilities (F70-F79),F70-F79,F70
5,F80.0,Phonological disorder,excludes2,speech articulation impairment with expressive language developmental disorder (F80.1),F80.1,F80
5,F80.0,Phonological disorder,excludes2,speech articulation impairment with mixed receptive expressive language developmental disorder (F80.2),F80.2,F80
5,F80.1,Expressive language disorder,excludes2,acquired aphasia with epilepsy [Landau-Kleffner] (G40.80-),G40.80-,G40
5,F80.1,Expressive language disorder,excludes2,selective mutism (F94.0),F94.0,F94
5,F80.1,Expressive language disorder,excludes2,intellectual disabilities (F70-F79),F70-F79,F70
5,F80.1,Expressive language disorder,excludes2,pervasive developmental disorders (F84.-),F84.-,F84
5,F80.2,Mixed receptive-expressive language disorder,excludes2,acquired aphasia with epilepsy [Landau-Kleffner] (G40.80-),G40.80-,G40
5,F80.2,Mixed receptive-expressive language disorder,excludes2,pervasive developmental disorders (F84.-),F84.-,F84
5,F80.2,Mixed receptive-expressive language disorder,excludes2,selective mutism (F94.0),F94.0,F94
5,F80.2,Mixed receptive-expressive language disorder,excludes2,intellectual disabilities (F70-F79),F70-F79,F70
5,F81.2,Mathematics disorder,excludes2,arithmetical difficulties associated with a reading disorder (F81.0),F81.0,F81
5,F81.2,Mathematics disorder,excludes2,arithmetical difficulties associated with a spelling disorder (F81.81),F81.81,F81
5,F81.2,Mathematics disorder,excludes2,arithmetical difficulties due to inadequate teaching (Z55.8),Z55.8,Z55
5,F82,Specific developmental disorder of motor function,excludes2,lack of coordination secondary to intellectual disabilities (F70-F79),F70-F79,F70
5,F90,Attention-deficit hyperactivity disorders,excludes2,"anxiety disorders (F40.-, F41.-)",F40.-; F41.-,F40; F41
5,F90,Attention-deficit hyperactivity disorders,excludes2,mood [affective] disorders (F30-F39),F30-F39,F30
5,F90,Attention-deficit hyperactivity disorders,excludes2,pervasive developmental disorders (F84.-),F84.-,F84
5,F90,Attention-deficit hyperactivity disorders,excludes2,schizophrenia (F20.-),F20.-,F20
5,F91,Conduct disorders,excludes2,conduct problems associated with attention-deficit hyperactivity disorder (F90.-),F90.-,F90
5,F91,Conduct disorders,excludes2,mood [affective] disorders (F30-F39),F30-F39,F30
5,F91,Conduct disorders,excludes2,pervasive developmental disorders (F84.-),F84.-,F84
5,F91,Conduct disorders,excludes2,schizophrenia (F20.-),F20.-,F20
5,F93.0,Separation anxiety disorder of childhood,excludes2,mood [affective] disorders (F30-F39),F30-F39,F30
5,F93.0,Separation anxiety disorder of childhood,excludes2,nonpsychotic mental disorders (F40-F48),F40-F48,F40
5,F93.0,Separation anxiety disorder of childhood,excludes2,phobic anxiety disorder of childhood (F40.8),F40.8,F40
5,F93.0,Separation anxiety disorder of childhood,excludes2,social phobia (F40.1),F40.1,F40
5,F93.8,Other childhood emotional disorders,excludes2,gender identity disorder of childhood (F64.2),F64.2,F64
5,F94.0,Selective mutism,excludes2,pervasive developmental disorders (F84.-),F84.-,F84
5,F94.0,Selective mutism,excludes2,schizophrenia (F20.-),F20.-,F20
5,F94.0,Selective mutism,excludes2,specific developmental disorders of speech and language (F80.-),F80.-,F80
5,F94.0,Selective mutism,excludes2,transient mutism as part of separation anxiety in young children (F93.0),F93.0,F93
5,F94.1,Reactive attachment disorder of childhood,excludes2,Asperger's syndrome (F84.5),F84.5,F84
5,F94.1,Reactive attachment disorder of childhood,excludes2,maltreatment syndromes (T74.-),T74.-,T74
5,F94.1,Reactive attachment disorder of childhood,excludes2,"sexual or physical abuse in childhood, resulting in psychosocial problems (Z62.81-)",Z62.81-,Z62
5,F94.2,Disinhibited attachment disorder of childhood,excludes2,Asperger's syndrome (F84.5),F84.5,F84
5,F94.2,Disinhibited attachment disorder of childhood,excludes2,attention-deficit hyperactivity disorders (F90.-),F90.-,F90
5,F94.2,Disinhibited attachment disorder of childhood,excludes2,hospitalism in children (F43.2-),F43.2-,F43
5,F98,Other behavioral and emotional disorders with onset usually occurring in childhood and adolescence,excludes2,breath-holding spells (R06.89),R06.89,R06
5,F98,Other behavioral and emotional disorders with onset usually occurring in childhood and adolescence,excludes2,gender identity disorder of childhood (F64.2),F64.2,F64
5,F98,Other behavioral and emotional disorders with onset usually occurring in childhood and adolescence,excludes2,Kleine-Levin syndrome (G47.13),G47.13,G47
5,F98,Other behavioral and emotional disorders with onset usually occurring in childhood and adolescence,excludes2,obsessive-compulsive disorder (F42.-),F42.-,F42
5,F98,Other behavioral and emotional disorders with onset usually occurring in childhood and adolescence,excludes2,sleep disorders not due to a substance or known physiological condition (F51.-),F51.-,F51
5,F98.2,Other feeding disorders of infancy and childhood,excludes2,anorexia nervosa and other eating disorders (F50.-),F50.-,F50
5,F98.2,Other feeding disorders of infancy and childhood,excludes2,feeding difficulties (R63.3-),R63.3-,R63
5,F98.2,Other feeding disorders of infancy and childhood,excludes2,feeding problems of newborn (P92.-),P92.-,P92
5,F98.2,Other feeding disorders of infancy and childhood,excludes2,pica of infancy or childhood (F98.3),F98.3,F98
5,F98.4,Stereotyped movement disorders,excludes2,compulsions in obsessive-compulsive disorder (F42.-),F42.-,F42
5,F98.4,Stereotyped movement disorders,excludes2,hair plucking (F63.3),F63.3,F63
5,F98.4,Stereotyped movement disorders,excludes2,movement disorders of organic origin (G20-G25),G20-G25,G20
5,F98.4,Stereotyped movement disorders,excludes2,nail-biting (F98.8),F98.8,F98
5,F98.4,Stereotyped movement disorders,excludes2,nose-picking (F98.8),F98.8,F98
5,F98.4,Stereotyped movement disorders,excludes2,stereotypies that are part of a broader psychiatric condition (F01-F95),F01-F95,F01
5,F98.4,Stereotyped movement disorders,excludes2,thumb-sucking (F98.8),F98.8,F98
5,F98.4,Stereotyped movement disorders,excludes2,tic disorders (F95.-),F95.-,F95
5,F98.4,Stereotyped movement disorders,excludes2,trichotillomania (F63.3),F63.3,F63
6,Chapter 6,Diseases of the nervous system,excludes2,certain conditions originating in the perinatal period (P04-P96),P04-P96,P04
6,Chapter 6,Diseases of the nervous system,excludes2,certain infectious and parasitic diseases (A00-B99),A00-B99,A00
6,Chapter 6,Diseases of the nervous system,excludes2,"complications of pregnancy, childbirth and the puerperium (O00-O9A)",O00-O9A,O00
6,Chapter 6,Diseases of the nervous system,excludes2,"congenital malformations, deformations, and chromosomal abnormalities (Q00-Q99)",Q00-Q99,Q00
6,Chapter 6,Diseases of the nervous system,excludes2,"endocrine, nutritional and metabolic diseases (E00-E88)",E00-E88,E00
6,Chapter 6,Diseases of the nervous system,excludes2,"injury, poisoning and certain other consequences of external causes (S00-T88)",S00-T88,S00
6,Chapter 6,Diseases of the nervous system,excludes2,neoplasms (C00-D49),C00-D49,C00
6,Chapter 6,Diseases of the nervous system,excludes2,"symptoms, signs and abnormal clinical and laboratory findings, not elsewhere classified (R00-R94)",R00-R94,R00
6,G04,"Encephalitis, myelitis and encephalomyelitis",excludes2,acute transverse myelitis (G37.3),G37.3,G37
6,G04,"Encephalitis, myelitis and encephalomyelitis",excludes2,alcoholic encephalopathy (G31.2),G31.2,G31
6,G04,"Encephalitis, myelitis and encephalomyelitis",excludes2,multiple sclerosis (G35-),G35-,G35
6,G04,"Encephalitis, myelitis and encephalomyelitis",excludes2,myalgic encephalomyelitis (G93.32),G93.32,G93
6,G04,"Encephalitis, myelitis and encephalomyelitis",excludes2,subacute necrotizing myelitis (G37.4),G37.4,G37
6,G04,"Encephalitis, myelitis and encephalomyelitis",excludes2,toxic encephalitis (G92.8),G92.8,G92
6,G04,"Encephalitis, myelitis and encephalomyelitis",excludes2,toxic encephalopathy (G92.8),G92.8,G92
6,G08,Intracranial and intraspinal phlebitis and thrombophlebitis,excludes2,intracranial phlebitis and thrombophlebitis complicating nonpyogenic intraspinal phlebitis and thrombophlebitis (G95.1),G95.1,G95
6,G11,Hereditary ataxia,excludes2,cerebral palsy (G80.-),G80.-,G80
6,G11,Hereditary ataxia,excludes2,hereditary and idiopathic neuropathy (G60.-),G60.-,G60
6,G11,Hereditary ataxia,excludes2,metabolic disorders (E70-E88),E70-E88,E70
6,G11.3,Cerebellar ataxia with defective DNA repair,excludes2,Cockayne's syndrome (Q87.19),Q87.19,Q87
6,G11.3,Cerebellar ataxia with defective DNA repair,excludes2,other disorders of purine and pyrimidine metabolism (E79.-),E79.-,E79
6,G11.3,Cerebellar ataxia with defective DNA repair,excludes2,xeroderma pigmentosum (Q82.1),Q82.1,Q82
6,G23,Other degenerative diseases of basal ganglia,excludes2,multi-system degeneration of the autonomic nervous system (G90.3),G90.3,G90
6,G24,Dystonia,excludes2,athetoid cerebral palsy (G80.3),G80.3,G80
6,G25,Other extrapyramidal and movement disorders,excludes2,sleep related movement disorders (G47.6-),G47.6-,G47
6,G31,"Other degenerative diseases of nervous system, not elsewhere classified",excludes2,Reye's syndrome (G93.7),G93.7,G93
6,G36.0,Neuromyelitis optica [Devic],excludes2,optic neuritis NOS (H46),H46,H46
6,G40,Epilepsy and recurrent seizures,excludes2,hippocampal sclerosis (G93.81),G93.81,G93
6,G40,Epilepsy and recurrent seizures,excludes2,mesial temporal sclerosis (G93.81),G93.81,G93
6,G40,Epilepsy and recurrent seizures,excludes2,temporal sclerosis (G93.81),G93.81,G93
6,G40,Epilepsy and recurrent seizures,excludes2,Todd's paralysis (G83.84),G83.84,G83
6,G43,Migraine,excludes2,headache NOS (R51.9),R51.9,R51
6,G43,Migraine,excludes2,headache syndromes (G44.-),G44.-,G44
6,G44,Other headache syndromes,excludes2,atypical facial pain (G50.1),G50.1,G50
6,G44,Other headache syndromes,excludes2,headache due to lumbar puncture (G97.1),G97.1,G97
6,G44,Other headache syndromes,excludes2,migraines (G43.-),G43.-,G43
6,G44,Other headache syndromes,excludes2,trigeminal neuralgia (G50.0),G50.0,G50
6,G44.1,"Vascular headache, not elsewhere classified",excludes2,cluster headache (G44.0),G44.0,G44
6,G44.1,"Vascular headache, not elsewhere classified",excludes2,complicated headache syndromes (G44.5-),G44.5-,G44
6,G44.1,"Vascular headache, not elsewhere classified",excludes2,drug-induced headache (G44.4-),G44.4-,G44
6,G44.1,"Vascular headache, not elsewhere classified",excludes2,migraine (G43.-),G43.-,G43
6,G44.1,"Vascular headache, not elsewhere classified",excludes2,other specified headache syndromes (G44.8-),G44.8-,G44
6,G44.1,"Vascular headache, not elsewhere classified",excludes2,post-traumatic headache (G44.3-),G44.3-,G44
6,G44.1,"Vascular headache, not elsewhere classified",excludes2,tension-type headache (G44.2-),G44.2-,G44
6,G44.8,Other specified headache syndromes,excludes2,"headache with orthostatic or positional component, not elsewhere classified (R51.0)",R51.0,R51
6,G47,Sleep disorders,excludes2,nightmares (F51.5),F51.5,F51
6,G47,Sleep disorders,excludes2,nonorganic sleep disorders (F51.-),F51.-,F51
6,G47,Sleep disorders,excludes2,sleep terrors (F51.4),F51.4,F51
6,G47,Sleep disorders,excludes2,sleepwalking (F51.3),F51.3,F51
6,G47.0,Insomnia,excludes2,"alcohol related insomnia (F10.182, F10.282, F10.982)",F10.182; F10.282; F10.982,F10
6,G47.0,Insomnia,excludes2,"drug-related insomnia (F11.182, F11.282, F11.982, F13.182, F13.282, F13.982, F14.182, F14.282, F14.982, F15.182, F15.282, F15.982, F19.182, F19.282, F19.982)",F11.182; F11.282; F11.982; F13.182; F13.282; F13.982; F14.182; F14.282; F14.982; F15.182; F15.282; F15.982; F19.182; F19.282; F19.982,F11; F13; F14; F15; F19
6,G47.0,Insomnia,excludes2,idiopathic insomnia (F51.01),F51.01,F51
6,G47.0,Insomnia,excludes2,insomnia due to a mental disorder (F51.05),F51.05,F51
6,G47.0,Insomnia,excludes2,insomnia not due to a substance or known physiological condition (F51.0-),F51.0-,F51
6,G47.0,Insomnia,excludes2,nonorganic insomnia (F51.0-),F51.0-,F51
6,G47.0,Insomnia,excludes2,primary insomnia (F51.01),F51.01,F51
6,G47.0,Insomnia,excludes2,sleep apnea (G47.3-),G47.3-,G47
6,G47.1,Hypersomnia,excludes2,"alcohol-related hypersomnia (F10.182, F10.282, F10.982)",F10.182; F10.282; F10.982,F10
6,G47.1,Hypersomnia,excludes2,"drug-related hypersomnia (F11.182, F11.282, F11.982, F13.182, F13.282, F13.982, F14.182, F14.282, F14.982, F15.182, F15.282, F15.982, F19.182, F19.282, F19.982)",F11.182; F11.282; F11.982; F13.182; F13.282; F13.982; F14.182; F14.282; F14.982; F15.182; F15.282; F15.982; F19.182; F19.282; F19.982,F11; F13; F14; F15; F19
6,G47.1,Hypersomnia,excludes2,hypersomnia due to a mental disorder (F51.13),F51.13,F51
6,G47.1,Hypersomnia,excludes2,hypersomnia not due to a substance or known physiological condition (F51.1-),F51.1-,F51
6,G47.1,Hypersomnia,excludes2,primary hypersomnia (F51.11),F51.11,F51
6,G47.1,Hypersomnia,excludes2,sleep apnea (G47.3-),G47.3-,G47
6,G47.6,Sleep related movement disorders,excludes2,restless legs syndrome (G25.81),G25.81,G25
6,G52,Disorders of other cranial nerves,excludes2,disorders of acoustic [8th] nerve (H93.3),H93.3,H93
6,G52,Disorders of other cranial nerves,excludes2,"disorders of optic [2nd] nerve (H46, H47.0)",H46; H47.0,H46; H47
6,G52,Disorders of other cranial nerves,excludes2,paralytic strabismus due to nerve palsy (H49.0-H49.2),H49.0-H49.2,H49
6,G57.0,Lesion of sciatic nerve,excludes2,sciatica attributed to intervertebral disc disorder (M51.1.-),,
6,G71,Primary disorders of muscles,excludes2,arthrogryposis multiplex congenita (Q74.3),Q74.3,Q74
6,G71,Primary disorders of muscles,excludes2,metabolic disorders (E70-E88),E70-E88,E70
6,G71,Primary disorders of muscles,excludes2,myositis (M60.-),M60.-,M60
6,G71.2,Congenital myopathies,excludes2,arthrogryposis multiplex congenita (Q74.3),Q74.3,Q74
6,G89,"Pain, not elsewhere classified",excludes2,atypical face pain (G50.1),G50.1,G50
6,G89,"Pain, not elsewhere classified",excludes2,headache syndromes (G44.-),G44.-,G44
6,G89,"Pain, not elsewhere classified",excludes2,"localized pain, unspecified type - code to pain by site, such as:",,
6,G89,"Pain, not elsewhere classified",excludes2,abdomen pain (R10.-),R10.-,R10
6,G89,"Pain, not elsewhere classified",excludes2,back pain (M54.9),M54.9,M54
6,G89,"Pain, not elsewhere classified",excludes2,breast pain (N64.4),N64.4,N64
6,G89,"Pain, not elsewhere classified",excludes2,chest pain (R07.1-R07.9),R07.1-R07.9,R07
6,G89,"Pain, not elsewhere classified",excludes2,ear pain (H92.0-),H92.0-,H92
6,G89,"Pain, not elsewhere classified",excludes2,eye pain (H57.1),H57.1,H57
6,G89,"Pain, not elsewhere classified",excludes2,headache (R51.9),R51.9,R51
6,G89,"Pain, not elsewhere classified",excludes2,joint pain (M25.5-),M25.5-,M25
6,G89,"Pain, not elsewhere classified",excludes2,limb pain (M79.6-),M79.6-,M79
6,G89,"Pain, not elsewhere classified",excludes2,lumbar region pain (M54.5-),M54.5-,M54
6,G89,"Pain, not elsewhere classified",excludes2,painful urination (R30.9),R30.9,R30
6,G89,"Pain, not elsewhere classified",excludes2,pelvic and perineal pain (R10.2-),R10.2-,R10
6,G89,"Pain, not elsewhere classified",excludes2,shoulder pain (M25.51-),M25.51-,M25
6,G89,"Pain, not elsewhere classified",excludes2,spine pain (M54.-),M54.-,M54
6,G89,"Pain, not elsewhere classified",excludes2,throat pain (R07.0),R07.0,R07
6,G89,"Pain, not elsewhere classified",excludes2,tongue pain (K14.6),K14.6,K14
6,G89,"Pain, not elsewhere classified",excludes2,tooth pain (K08.8),K08.8,K08
6,G89,"Pain, not elsewhere classified",excludes2,renal colic (N23),N23,N23
6,G89,"Pain, not elsewhere classified",excludes2,migraines (G43.-),G43.-,G43
6,G89,"Pain, not elsewhere classified",excludes2,myalgia (M79.1-),M79.1-,M79
6,G89,"Pain, not elsewhere classified",excludes2,"pain from prosthetic devices, implants, and grafts (T82.84, T83.84, T84.84, T85.84-)",T82.84; T83.84; T84.84; T85.84-,T82; T83; T84; T85
6,G89,"Pain, not elsewhere classified",excludes2,phantom limb syndrome with pain (G54.6),G54.6,G54
6,G89,"Pain, not elsewhere classified",excludes2,vulvar vestibulitis (N94.810),N94.810,N94
6,G89,"Pain, not elsewhere classified",excludes2,vulvodynia (N94.81-),N94.81-,N94
6,G93.4,Other and unspecified encephalopathy,excludes2,alcoholic encephalopathy (G31.2),G31.2,G31
6,G93.4,Other and unspecified encephalopathy,excludes2,encephalopathy in diseases classified elsewhere (G94),G94,G94
6,G93.4,Other and unspecified encephalopathy,excludes2,hypertensive encephalopathy (I67.4),I67.4,I67
6,G93.4,Other and unspecified encephalopathy,excludes2,toxic (metabolic) encephalopathy (G92.8),G92.8,G92
6,G95,Other and unspecified diseases of spinal cord,excludes2,myelitis (G04.-),G04.-,G04
6,G95.1,Vascular myelopathies,excludes2,"intraspinal phlebitis and thrombophlebitis, except non-pyogenic (G08)",G08,G08
6,G97,"Intraoperative and postprocedural complications and disorders of nervous system, not elsewhere classified",excludes2,"intraoperative and postprocedural cerebrovascular infarction (I97.81-, I97.82-)",I97.81-; I97.82-,I97
7,Chapter 7,Diseases of the eye and adnexa,excludes2,certain conditions originating in the perinatal period (P04-P96),P04-P96,P04
7,Chapter 7,Diseases of the eye and adnexa,excludes2,certain infectious and parasitic diseases (A00-B99),A00-B99,A00
7,Chapter 7,Diseases of the eye and adnexa,excludes2,"complications of pregnancy, childbirth and the puerperium (O00-O9A)",O00-O9A,O00
7,Chapter 7,Diseases of the eye and adnexa,excludes2,"congenital malformations, deformations, and chromosomal abnormalities (Q00-Q99)",Q00-Q99,Q00
7,Chapter 7,Diseases of the eye and adnexa,excludes2,"diabetes mellitus related eye conditions (E09.3-, E10.3-, E11.3-, E13.3-)",E09.3-; E10.3-; E11.3-; E13.3-,E09; E10; E11; E13
7,Chapter 7,Diseases of the eye and adnexa,excludes2,"endocrine, nutritional and metabolic diseases (E00-E88)",E00-E88,E00
7,Chapter 7,Diseases of the eye and adnexa,excludes2,injury (trauma) of eye and orbit (S05.-),S05.-,S05
7,Chapter 7,Diseases of the eye and adnexa,excludes2,"injury, poisoning and certain other consequences of external causes (S00-T88)",S00-T88,S00
7,Chapter 7,Diseases of the eye and adnexa,excludes2,neoplasms (C00-D49),C00-D49,C00
7,Chapter 7,Diseases of the eye and adnexa,excludes2,"symptoms, signs and abnormal clinical and laboratory findings, not elsewhere classified (R00-R94)",R00-R94,R00
7,Chapter 7,Diseases of the eye and adnexa,excludes2,"syphilis related eye disorders (A50.01, A50.3-, A51.43, A52.71)",A50.01; A50.3-; A51.43; A52.71,A50; A51; A52
7,Block H00-H05,"Disorders of eyelid, lacrimal system and orbit (H00-H05)",excludes2,open wound of eyelid (S01.1-),S01.1-,S01
7,Block H00-H05,"Disorders of eyelid, lacrimal system and orbit (H00-H05)",excludes2,"superficial injury of eyelid (S00.1-, S00.2-)",S00.1-; S00.2-,S00
7,H00.1,Chalazion,excludes2,infected meibomian gland (H00.02-),H00.02-,H00
7,H02.5,Other disorders affecting eyelid function,excludes2,blepharospasm (G24.5),G24.5,G24
7,H02.5,Other disorders affecting eyelid function,excludes2,organic tic (G25.69),G25.69,G25
7,H02.5,Other disorders affecting eyelid function,excludes2,psychogenic tic (F95.-),F95.-,F95
7,H05.5,Retained (old) foreign body following penetrating wound of orbit,excludes2,retained foreign body of eyelid (H02.81-),H02.81-,H02
7,H05.5,Retained (old) foreign body following penetrating wound of orbit,excludes2,"retained intraocular foreign body (H44.6-, H44.7-)",H44.6-; H44.7-,H44
7,H11.1,Conjunctival degenerations and deposits,excludes2,pseudopterygium (H11.81),H11.81,H11
7,H15.8,Other disorders of sclera,excludes2,blue sclera (Q13.5),Q13.5,Q13
7,H15.8,Other disorders of sclera,excludes2,degenerative myopia (H44.2-),H44.2-,H44
7,H18.21,Corneal edema secondary to contact lens,excludes2,other corneal disorders due to contact lens (H18.82-),H18.82-,H18
7,H18.82,Corneal disorder due to contact lens,excludes2,corneal edema due to contact lens (H18.21-),H18.21-,H18
7,H20.1,Chronic iridocyclitis,excludes2,posterior cyclitis (H30.2-),H30.2-,H30
7,H20.8,Other iridocyclitis,excludes2,glaucomatocyclitis crises (H40.4-),H40.4-,H40
7,H20.8,Other iridocyclitis,excludes2,posterior cyclitis (H30.2-),H30.2-,H30
7,H20.8,Other iridocyclitis,excludes2,sympathetic uveitis (H44.13-),H44.13-,H44
7,H21,Other disorders of iris and ciliary body,excludes2,sympathetic uveitis (H44.1-),H44.1-,H44
7,H21.3,"Cyst of iris, ciliary body and anterior chamber",excludes2,miotic pupillary cyst (H21.27-),H21.27-,H21
7,H25,Age-related cataract,excludes2,capsular glaucoma with pseudoexfoliation of lens (H40.1-),H40.1-,H40
7,H30.1,Disseminated chorioretinal inflammation,excludes2,exudative retinopathy (H35.02-),H35.02-,H35
7,H31.0,Chorioretinal scars,excludes2,postsurgical chorioretinal scars (H59.81-),H59.81-,H59
7,H31.1,Choroidal degeneration,excludes2,angioid streaks of macula (H35.33),H35.33,H35
7,H31.2,Hereditary choroidal dystrophy,excludes2,hyperornithinemia (E72.4),E72.4,E72
7,H31.2,Hereditary choroidal dystrophy,excludes2,ornithinemia (E72.4),E72.4,E72
7,H33.3,Retinal breaks without detachment,excludes2,peripheral retinal degeneration without break (H35.4-),H35.4-,H35
7,H35,Other retinal disorders,excludes2,"diabetic retinal disorders (E08.311-E08.359, E09.311-E09.359, E10.311-E10.359, E11.311-E11.359, E13.311-E13.359)",E08.311-E08.359; E09.311-E09.359; E10.311-E10.359; E11.311-E11.359; E13.311-E13.359,E08; E09; E10; E11; E13
7,H35.2,Other non-diabetic proliferative retinopathy,excludes2,proliferative sickle-cell retinopathy (H36.82-),H36.82-,H36
7,H35.4,Peripheral retinal degeneration,excludes2,peripheral retinal degeneration with retinal break (H33.3-),H33.3-,H33
7,H35.8,Other specified retinal disorders,excludes2,retinal hemorrhage (H35.6-),H35.6-,H35
7,H43.8,Other disorders of vitreous body,excludes2,vitreous abscess (H44.02-),H44.02-,H44
7,H44.1,Other endophthalmitis,excludes2,ophthalmia nodosa (H16.2-),H16.2-,H16
7,H44.6,"Retained (old) intraocular foreign body, magnetic",excludes2,retained foreign body in eyelid (H02.81-),H02.81-,H02
7,H44.6,"Retained (old) intraocular foreign body, magnetic",excludes2,retained (old) foreign body following penetrating wound of orbit (H05.5-),H05.5-,H05
7,H44.6,"Retained (old) intraocular foreign body, magnetic",excludes2,"retained (old) intraocular foreign body, nonmagnetic (H44.7-)",H44.7-,H44
7,H44.7,"Retained (old) intraocular foreign body, nonmagnetic",excludes2,retained foreign body in eyelid (H02.81-),H02.81-,H02
7,H44.7,"Retained (old) intraocular foreign body, nonmagnetic",excludes2,retained (old) foreign body following penetrating wound of orbit (H05.5-),H05.5-,H05
7,H44.7,"Retained (old) intraocular foreign body, nonmagnetic",excludes2,"retained (old) intraocular foreign body, magnetic (H44.6-)",H44.6-,H44
7,H46,Optic neuritis,excludes2,ischemic optic neuropathy (H47.01-),H47.01-,H47
7,H46,Optic neuritis,excludes2,neuromyelitis optica [Devic] (G36.0),G36.0,G36
7,Block H49-H52,"Disorders of ocular muscles, binocular movement, accommodation and refraction (H49-H52)",excludes2,nystagmus and other irregular eye movements (H55),H55,H55
7,H49,Paralytic strabismus,excludes2,internal ophthalmoplegia (H52.51-),H52.51-,H52
7,H49,Paralytic strabismus,excludes2,internuclear ophthalmoplegia (H51.2-),H51.2-,H51
7,H49,Paralytic strabismus,excludes2,progressive supranuclear ophthalmoplegia (G23.1),G23.1,G23
7,H53.03,Strabismic amblyopia,excludes2,strabismus (H50.-),H50.-,H50
7,H53.5,Color vision deficiencies,excludes2,day blindness (H53.11),H53.11,H53
8,Chapter 8,Diseases of the ear and mastoid process,excludes2,certain conditions originating in the perinatal period (P04-P96),P04-P96,P04
8,Chapter 8,Diseases of the ear and mastoid process,excludes2,certain infectious and parasitic diseases (A00-B99),A00-B99,A00
8,Chapter 8,Diseases of the ear and mastoid process,excludes2,"complications of pregnancy, childbirth and the puerperium (O00-O9A)",O00-O9A,O00
8,Chapter 8,Diseases of the ear and mastoid process,excludes2,"congenital malformations, deformations and chromosomal abnormalities (Q00-Q99)",Q00-Q99,Q00
8,Chapter 8,Diseases of the ear and mastoid process,excludes2,"endocrine, nutritional and metabolic diseases (E00-E88)",E00-E88,E00
8,Chapter 8,Diseases of the ear and mastoid process,excludes2,"injury, poisoning and certain other consequences of external causes (S00-T88)",S00-T88,S00
8,Chapter 8,Diseases of the ear and mastoid process,excludes2,neoplasms (C00-D49),C00-D49,C00
8,Chapter 8,Diseases of the ear and mastoid process,excludes2,"symptoms, signs and abnormal clinical and laboratory findings, not elsewhere classified (R00-R94)",R00-R94,R00
8,H60.4,Cholesteatoma of external ear,excludes2,cholesteatoma of middle ear (H71.-),H71.-,H71
8,H60.4,Cholesteatoma of external ear,excludes2,recurrent cholesteatoma of postmastoidectomy cavity (H95.0-),H95.0-,H95
8,H61.1,Noninfective disorders of pinna,excludes2,cauliflower ear (M95.1-),M95.1-,M95
8,H61.1,Noninfective disorders of pinna,excludes2,gouty tophi of ear (M1A.-),M1A.-,M1A
8,H61.11,Acquired deformity of pinna,excludes2,cauliflower ear (M95.1-),M95.1-,M95
8,H71,Cholesteatoma of middle ear,excludes2,cholesteatoma of external ear (H60.4-),H60.4-,H60
8,H71,Cholesteatoma of middle ear,excludes2,recurrent cholesteatoma of postmastoidectomy cavity (H95.0-),H95.0-,H95
8,H74,Other disorders of middle ear mastoid,excludes2,mastoiditis (H70.-),H70.-,H70
8,H93.2,Other abnormal auditory perceptions,excludes2,auditory hallucinations (R44.0),R44.0,R44
8,H95.8,"Other intraoperative and postprocedural complications and disorders of the ear and mastoid process, not elsewhere classified",excludes2,"postprocedural complications and disorders following mastoidectomy (H95.0-, H95.1-)",H95.0-; H95.1-,H95
9,Chapter 9,Diseases of the circulatory system,excludes2,certain conditions originating in the perinatal period (P04-P96),P04-P96,P04
9,Chapter 9,Diseases of the circulatory system,excludes2,certain infectious and parasitic diseases (A00-B99),A00-B99,A00
9,Chapter 9,Diseases of the circulatory system,excludes2,"complications of pregnancy, childbirth and the puerperium (O00-O9A)",O00-O9A,O00
9,Chapter 9,Diseases of the circulatory system,excludes2,"congenital malformations, deformations, and chromosomal abnormalities (Q00-Q99)",Q00-Q99,Q00
9,Chapter 9,Diseases of the circulatory system,excludes2,"endocrine, nutritional and metabolic diseases (E00-E88)",E00-E88,E00
9,Chapter 9,Diseases of the circulatory system,excludes2,"injury, poisoning and certain other consequences of external causes (S00-T88)",S00-T88,S00
9,Chapter 9,Diseases of the circulatory system,excludes2,neoplasms (C00-D49),C00-D49,C00
9,Chapter 9,Diseases of the circulatory system,excludes2,"symptoms, signs and abnormal clinical and laboratory findings, not elsewhere classified (R00-R94)",R00-R94,R00
9,Chapter 9,Diseases of the circulatory system,excludes2,systemic connective tissue disorders (M30-M36),M30-M36,M30
9,Chapter 9,Diseases of the circulatory system,excludes2,transient cerebral ischemic attacks and related syndromes (G45.-),G45.-,G45
9,I06,Rheumatic aortic valve diseases,excludes2,aortic valve disease not specified as rheumatic (I35.-),I35.-,I35
9,I06,Rheumatic aortic valve diseases,excludes2,aortic valve disease with mitral and/or tricuspid valve involvement (I08.-),I08.-,I08
9,I08,Multiple valve diseases,excludes2,"multiple valve disease specified as nonrheumatic (I34.-, I35.-, I36.-, I37.-, I38.-, Q22.-, Q23.-, Q24.8-)",I34.-; I35.-; I36.-; I37.-; I38.-; Q22.-; Q23.-; Q24.8-,I34; I35; I36; I37; I38; Q22; Q23; Q24
9,Block I10-I1A,Hypertensive diseases (I10-I1A),excludes2,"hypertensive disease complicating pregnancy, childbirth and the puerperium (O10-O11, O13-O16)",O10-O11; O13-O16,O10; O13
9,I10,Essential (primary) hypertension,excludes2,essential (primary) hypertension involving vessels of brain (I60-I69),I60-I69,I60
9,I10,Essential (primary) hypertension,excludes2,essential (primary) hypertension involving vessels of eye (H35.0-),H35.0-,H35
9,I12,Hypertensive chronic kidney disease,excludes2,acute kidney failure (N17.-),N17.-,N17
9,I15,Secondary hypertension,excludes2,secondary hypertension involving vessels of brain (I60-I69),I60-I69,I60
9,I15,Secondary hypertension,excludes2,secondary hypertension involving vessels of eye (H35.0-),H35.0-,H35
9,I21,Acute myocardial infarction,excludes2,old myocardial infarction (I25.2),I25.2,I25
9,I21,Acute myocardial infarction,excludes2,postmyocardial infarction syndrome (I24.1),I24.1,I24
9,I21,Acute myocardial infarction,excludes2,subsequent type 1 myocardial infarction (I22.-),I22.-,I22
9,I21.19,ST elevation (STEMI) myocardial infarction involving other coronary artery of inferior wall,excludes2,ST elevation (STEMI) myocardial infarction involving left circumflex coronary artery (I21.21),I21.21,I21
9,I24,Other acute ischemic heart diseases,excludes2,non-ischemic myocardial injury (I5A),I5A,I5A
9,I25,Chronic ischemic heart disease,excludes2,non-ischemic myocardial injury (I5A),I5A,I5A
9,I25.1,Atherosclerotic heart disease of native coronary artery,excludes2,atheroembolism (I75.-),I75.-,I75
9,I25.1,Atherosclerotic heart disease of native coronary artery,excludes2,atherosclerosis of coronary artery bypass graft(s) and transplanted heart (I25.7-),I25.7-,I25
9,I25.5,Ischemic cardiomyopathy,excludes2,"coronary atherosclerosis (I25.1-, I25.7-)",I25.1-; I25.7-,I25
9,I25.710,Atherosclerosis of autologous vein coronary artery bypass graft(s) with unstable angina pectoris,excludes2,embolism or thrombus of coronary artery bypass graft(s) (T82.8-),T82.8-,T82
9,I25.81,Atherosclerosis of other coronary vessels without angina pectoris,excludes2,atherosclerotic heart disease of native coronary artery without angina pectoris (I25.10),I25.10,I25
9,I26,Pulmonary embolism,excludes2,chronic pulmonary embolism (I27.82),I27.82,I27
9,I26,Pulmonary embolism,excludes2,personal history of pulmonary embolism (Z86.711),Z86.711,Z86
9,I26,Pulmonary embolism,excludes2,"pulmonary embolism complicating abortion, ectopic or molar pregnancy (O00-O07, O08.2)",O00-O07; O08.2,O00; O08
9,I26,Pulmonary embolism,excludes2,"pulmonary embolism complicating pregnancy, childbirth and the puerperium (O88.-)",O88.-,O88
9,I26,Pulmonary embolism,excludes2,"pulmonary embolism due to trauma (T79.0, T79.1)",T79.0; T79.1,T79
9,I26,Pulmonary embolism,excludes2,"pulmonary embolism due to complications of surgical and medical care (T80.0, T81.7-, T82.8-)",T80.0; T81.7-; T82.8-,T80; T81; T82
9,I26,Pulmonary embolism,excludes2,septic (non-pulmonary) arterial embolism (I76),I76,I76
9,I35,Nonrheumatic aortic valve disorders,excludes2,aortic valve disorder of unspecified cause but with diseases of mitral and/or tricuspid valve(s) (I08.-),I08.-,I08
9,I35,Nonrheumatic aortic valve disorders,excludes2,"aortic valve disorder specified as congenital (Q23.0, Q23.1)",Q23.0; Q23.1,Q23
9,I35,Nonrheumatic aortic valve disorders,excludes2,aortic valve disorder specified as rheumatic (I06.-),I06.-,I06
9,I35,Nonrheumatic aortic valve disorders,excludes2,hypertrophic subaortic stenosis (I42.1),I42.1,I42
9,I42,Cardiomyopathy,excludes2,ischemic cardiomyopathy (I25.5),I25.5,I25
9,I42,Cardiomyopathy,excludes2,peripartum cardiomyopathy (O90.3),O90.3,O90
9,I42,Cardiomyopathy,excludes2,ventricular hypertrophy (I51.7),I51.7,I51
9,I46,Cardiac arrest,excludes2,cardiogenic shock (R57.0),R57.0,R57
9,I49,Other cardiac arrhythmias,excludes2,bradycardia NOS (R00.1),R00.1,R00
9,I49,Other cardiac arrhythmias,excludes2,neonatal dysrhythmia (P29.1-),P29.1-,P29
9,I49,Other cardiac arrhythmias,excludes2,sinoatrial bradycardia (R00.1),R00.1,R00
9,I49,Other cardiac arrhythmias,excludes2,sinus bradycardia (R00.1),R00.1,R00
9,I49,Other cardiac arrhythmias,excludes2,vagal bradycardia (R00.1),R00.1,R00
9,I50,Heart failure,excludes2,cardiac arrest (I46.-),I46.-,I46
9,I50,Heart failure,excludes2,neonatal cardiac failure (P29.0),P29.0,P29
9,I50.9,"Heart failure, unspecified",excludes2,fluid overload unrelated to congestive heart failure (E87.70),E87.70,E87
9,I51,Complications and ill-defined descriptions of heart disease,excludes2,heart disease specified as rheumatic (I00-I09),I00-I09,I00
9,I5A,Non-ischemic myocardial injury (non-traumatic),excludes2,other acute ischemic heart diseases (I24.-),I24.-,I24
9,I60,Nontraumatic subarachnoid hemorrhage,excludes2,sequelae of subarachnoid hemorrhage (I69.0-),I69.0-,I69
9,I61,Nontraumatic intracerebral hemorrhage,excludes2,sequelae of intracerebral hemorrhage (I69.1-),I69.1-,I69
9,I62,Other and unspecified nontraumatic intracranial hemorrhage,excludes2,sequelae of intracranial hemorrhage (I69.2),I69.2,I69
9,I63,Cerebral infarction,excludes2,"chronic, without residual deficits (sequelae) (Z86.73)",Z86.73,Z86
9,I63,Cerebral infarction,excludes2,sequelae of cerebral infarction (I69.3-),I69.3-,I69
9,I63.9,"Cerebral infarction, unspecified",excludes2,transient cerebral ischemic attacks and related syndromes (G45.-),G45.-,G45
9,I67,Other cerebrovascular diseases,excludes2,sequelae of the listed conditions (I69.8),I69.8,I69
9,I67.4,Hypertensive encephalopathy,excludes2,"insufficiency, NOS, of precerebral arteries (G45.2)",G45.2,G45
9,I69.322,Dysarthria following cerebral infarction,excludes2,transient ischemic attack (TIA) (G45.9),G45.9,G45
9,I69.351,Hemiplegia and hemiparesis following cerebral infarction affecting right dominant side,excludes2,transient ischemic attack (TIA) (G45.9),G45.9,G45
9,I70,Atherosclerosis,excludes2,arteriosclerotic cardiovascular disease (I25.1-),I25.1-,I25
9,I70,Atherosclerosis,excludes2,arteriosclerotic heart disease (I25.1-),I25.1-,I25
9,I70,Atherosclerosis,excludes2,atheroembolism (I75.-),I75.-,I75
9,I70,Atherosclerosis,excludes2,cerebral atherosclerosis (I67.2),I67.2,I67
9,I70,Atherosclerosis,excludes2,coronary atherosclerosis (I25.1-),I25.1-,I25
9,I70,Atherosclerosis,excludes2,mesenteric atherosclerosis (K55.1),K55.1,K55
9,I70,Atherosclerosis,excludes2,precerebral atherosclerosis (I67.2),I67.2,I67
9,I70,Atherosclerosis,excludes2,primary pulmonary atherosclerosis (I27.0),I27.0,I27
9,I70.1,Atherosclerosis of renal artery,excludes2,atherosclerosis of renal arterioles (I12.-),I12.-,I12
9,I70.2,Atherosclerosis of native arteries of the extremities,excludes2,atherosclerosis of bypass graft of extremities (I70.30-I70.79),I70.30-I70.79,I70
9,I70.9,Other and unspecified atherosclerosis,excludes2,disorders of pyrophosphate metabolism (E83.82-),E83.82-,E83
9,I72,Other aneurysm,excludes2,acquired aneurysm (I77.0),I77.0,I77
9,I72,Other aneurysm,excludes2,aneurysm (of) aorta (I71.-),I71.-,I71
9,I72,Other aneurysm,excludes2,aneurysm (of) arteriovenous NOS (Q27.3-),Q27.3-,Q27
9,I72,Other aneurysm,excludes2,carotid artery dissection (I77.71),I77.71,I77
9,I72,Other aneurysm,excludes2,cerebral (nonruptured) aneurysm (I67.1),I67.1,I67
9,I72,Other aneurysm,excludes2,coronary aneurysm (I25.4),I25.4,I25
9,I72,Other aneurysm,excludes2,coronary artery dissection (I25.42),I25.42,I25
9,I72,Other aneurysm,excludes2,dissection of artery NEC (I77.79),I77.79,I77
9,I72,Other aneurysm,excludes2,"dissection of precerebral artery, congenital (nonruptured) (Q28.1)",Q28.1,Q28
9,I72,Other aneurysm,excludes2,heart aneurysm (I25.3),I25.3,I25
9,I72,Other aneurysm,excludes2,iliac artery dissection (I77.72),I77.72,I77
9,I72,Other aneurysm,excludes2,"precerebral artery, congential (nonruptured) (Q28.1)",Q28.1,Q28
9,I72,Other aneurysm,excludes2,pulmonary artery aneurysm (I28.1),I28.1,I28
9,I72,Other aneurysm,excludes2,renal artery dissection (I77.73),I77.73,I77
9,I72,Other aneurysm,excludes2,retinal aneurysm (H35.0),H35.0,H35
9,I72,Other aneurysm,excludes2,ruptured cerebral aneurysm (I60.7),I60.7,I60
9,I72,Other aneurysm,excludes2,varicose aneurysm (I77.0),I77.0,I77
9,I72,Other aneurysm,excludes2,vertebral artery dissection (I77.74),I77.74,I77
9,I72.5,Aneurysm of other precerebral arteries,excludes2,aneurysm of carotid artery (I72.0),I72.0,I72
9,I72.5,Aneurysm of other precerebral arteries,excludes2,aneurysm of vertebral artery (I72.6),I72.6,I72
9,I72.5,Aneurysm of other precerebral arteries,excludes2,dissection of carotid artery (I77.71),I77.71,I77
9,I72.5,Aneurysm of other precerebral arteries,excludes2,dissection of other precerebral arteries (I77.75),I77.75,I77
9,I72.5,Aneurysm of other precerebral arteries,excludes2,dissection of vertebral artery (I77.74),I77.74,I77
9,I72.6,Aneurysm of vertebral artery,excludes2,dissection of vertebral artery (I77.74),I77.74,I77
9,I73,Other peripheral vascular diseases,excludes2,chilblains (T69.1),T69.1,T69
9,I73,Other peripheral vascular diseases,excludes2,frostbite (T33-T34),T33-T34,T33
9,I73,Other peripheral vascular diseases,excludes2,immersion hand or foot (T69.0-),T69.0-,T69
9,I73,Other peripheral vascular diseases,excludes2,spasm of cerebral artery (G45.9),G45.9,G45
9,I74,Arterial embolism and thrombosis,excludes2,atheroembolism (I75.-),I75.-,I75
9,I74,Arterial embolism and thrombosis,excludes2,"basilar embolism and thrombosis (I63.0-I63.2, I65.1)",I63.0-I63.2; I65.1,I63; I65
9,I74,Arterial embolism and thrombosis,excludes2,"carotid embolism and thrombosis (I63.0-I63.2, I65.2)",I63.0-I63.2; I65.2,I63; I65
9,I74,Arterial embolism and thrombosis,excludes2,"cerebral embolism and thrombosis (I63.3-I63.5, I66.-)",I63.3-I63.5; I66.-,I63; I66
9,I74,Arterial embolism and thrombosis,excludes2,coronary embolism and thrombosis (I21-I25),I21-I25,I21
9,I74,Arterial embolism and thrombosis,excludes2,mesenteric embolism and thrombosis (K55.0-),K55.0-,K55
9,I74,Arterial embolism and thrombosis,excludes2,ophthalmic embolism and thrombosis (H34.-),H34.-,H34
9,I74,Arterial embolism and thrombosis,excludes2,"precerebral embolism and thrombosis NOS (I63.0-I63.2, I65.9)",I63.0-I63.2; I65.9,I63; I65
9,I74,Arterial embolism and thrombosis,excludes2,pulmonary embolism and thrombosis (I26.-),I26.-,I26
9,I74,Arterial embolism and thrombosis,excludes2,renal embolism and thrombosis (N28.0),N28.0,N28
9,I74,Arterial embolism and thrombosis,excludes2,retinal embolism and thrombosis (H34.-),H34.-,H34
9,I74,Arterial embolism and thrombosis,excludes2,septic embolism and thrombosis (I76),I76,I76
9,I74,Arterial embolism and thrombosis,excludes2,"vertebral embolism and thrombosis (I63.0-I63.2, I65.0)",I63.0-I63.2; I65.0,I63; I65
9,I76,Septic arterial embolism,excludes2,"septic pulmonary embolism (I26.01, I26.90)",I26.01; I26.90,I26
9,I77,Other disorders of arteries and arterioles,excludes2,collagen (vascular) diseases (M30-M36),M30-M36,M30
9,I77,Other disorders of arteries and arterioles,excludes2,hypersensitivity angiitis (M31.0),M31.0,M31
9,I77,Other disorders of arteries and arterioles,excludes2,pulmonary artery (I28.-),I28.-,I28
9,I77.0,"Arteriovenous fistula, acquired",excludes2,cerebral (I67.1),I67.1,I67
9,I77.0,"Arteriovenous fistula, acquired",excludes2,coronary (I25.4),I25.4,I25
9,I77.7,Other arterial dissection,excludes2,dissection of aorta (I71.0-),I71.0-,I71
9,I77.7,Other arterial dissection,excludes2,dissection of coronary artery (I25.42),I25.42,I25
9,I77.74,Dissection of vertebral artery,excludes2,aneurysm of vertebral artery (I72.6),I72.6,I72
9,I77.75,Dissection of other precerebral arteries,excludes2,aneurysm of carotid artery (I72.0),I72.0,I72
9,I77.75,Dissection of other precerebral arteries,excludes2,aneurysm of other precerebral arteries (I72.5),I72.5,I72
9,I77.75,Dissection of other precerebral arteries,excludes2,aneurysm of vertebral artery (I72.6),I72.6,I72
9,I77.75,Dissection of other precerebral arteries,excludes2,dissection of carotid artery (I77.71),I77.71,I77
9,I77.75,Dissection of other precerebral arteries,excludes2,dissection of vertebral artery (I77.74),I77.74,I77
9,I77.82,Antineutrophilic cytoplasmic antibody [ANCA] vasculitis,excludes2,eosinophilic granulomatosis with polyangiitis (M30.1),M30.1,M30
9,I77.82,Antineutrophilic cytoplasmic antibody [ANCA] vasculitis,excludes2,granulomatosis with polyangiitis (M31.3-),M31.3-,M31
9,I77.82,Antineutrophilic cytoplasmic antibody [ANCA] vasculitis,excludes2,microscopic polyangiitis (M31.7),M31.7,M31
9,I78.1,"Nevus, non-neoplastic",excludes2,blue nevus (D22.-),D22.-,D22
9,I78.1,"Nevus, non-neoplastic",excludes2,flammeus nevus (Q82.5),Q82.5,Q82
9,I78.1,"Nevus, non-neoplastic",excludes2,hairy nevus (D22.-),D22.-,D22
9,I78.1,"Nevus, non-neoplastic",excludes2,melanocytic nevus (D22.-),D22.-,D22
9,I78.1,"Nevus, non-neoplastic",excludes2,pigmented nevus (D22.-),D22.-,D22
9,I78.1,"Nevus, non-neoplastic",excludes2,portwine nevus (Q82.5),Q82.5,Q82
9,I78.1,"Nevus, non-neoplastic",excludes2,sanguineous nevus (Q82.5),Q82.5,Q82
9,I78.1,"Nevus, non-neoplastic",excludes2,strawberry nevus (Q82.5),Q82.5,Q82
9,I78.1,"Nevus, non-neoplastic",excludes2,verrucous nevus (Q82.5),Q82.5,Q82
9,I81,Portal vein thrombosis,excludes2,hepatic vein thrombosis (I82.0),I82.0,I82
9,I81,Portal vein thrombosis,excludes2,phlebitis of portal vein (K75.1),K75.1,K75
9,I82,Other venous embolism and thrombosis,excludes2,venous embolism and thrombosis (of):,,
9,I82,Other venous embolism and thrombosis,excludes2,"cerebral (I63.6, I67.6)",I63.6; I67.6,I63; I67
9,I82,Other venous embolism and thrombosis,excludes2,coronary (I21-I25),I21-I25,I21
9,I82,Other venous embolism and thrombosis,excludes2,"intracranial and intraspinal, septic or NOS (G08)",G08,G08
9,I82,Other venous embolism and thrombosis,excludes2,"intracranial, nonpyogenic (I67.6)",I67.6,I67
9,I82,Other venous embolism and thrombosis,excludes2,"intraspinal, nonpyogenic (G95.1)",G95.1,G95
9,I82,Other venous embolism and thrombosis,excludes2,mesenteric (K55.0-),K55.0-,K55
9,I82,Other venous embolism and thrombosis,excludes2,portal (I81),I81,I81
9,I82,Other venous embolism and thrombosis,excludes2,pulmonary (I26.-),I26.-,I26
9,I83,Varicose veins of lower extremities,excludes2,varicose veins complicating pregnancy (O22.0-),O22.0-,O22
9,I83,Varicose veins of lower extremities,excludes2,varicose veins complicating the puerperium (O87.4),O87.4,O87
9,I86,Varicose veins of other sites,excludes2,retinal varices (H35.0-),H35.0-,H35
9,I87.1,Compression of vein,excludes2,compression of pulmonary vein (I28.8),I28.8,I28
9,I96,"Gangrene, not elsewhere classified",excludes2,gangrene in diabetes mellitus (E08-E13 with .52),,
9,I97,"Intraoperative and postprocedural complications and disorders of circulatory system, not elsewhere classified",excludes2,postprocedural shock (T81.1-),T81.1-,T81
9,I97.1,Other postprocedural cardiac functional disturbances,excludes2,acute pulmonary insufficiency following thoracic surgery (J95.1),J95.1,J95
9,I97.1,Other postprocedural cardiac functional disturbances,excludes2,intraoperative cardiac functional disturbances (I97.7-),I97.7-,I97
9,I97.4,Intraoperative hemorrhage and hematoma of a circulatory system organ or structure complicating a procedure,excludes2,intraoperative cerebrovascular hemorrhage complicating a procedure (G97.3-),G97.3-,G97
9,I97.5,Accidental puncture and laceration of a circulatory system organ or structure during a procedure,excludes2,accidental puncture and laceration of brain during a procedure (G97.4-),G97.4-,G97
9,I97.6,"Postprocedural hemorrhage, hematoma and seroma of a circulatory system organ or structure following a procedure",excludes2,postprocedural cerebrovascular hemorrhage complicating a procedure (G97.5-),G97.5-,G97
9,I97.7,Intraoperative cardiac functional disturbances,excludes2,acute pulmonary insufficiency following thoracic surgery (J95.1),J95.1,J95
9,I97.7,Intraoperative cardiac functional disturbances,excludes2,postprocedural cardiac functional disturbances (I97.1-),I97.1-,I97
10,Chapter 10,Diseases of the respiratory system,excludes2,certain conditions originating in the perinatal period (P04-P96),P04-P96,P04
10,Chapter 10,Diseases of the respiratory system,excludes2,certain infectious and parasitic diseases (A00-B99),A00-B99,A00
10,Chapter 10,Diseases of the respiratory system,excludes2,"complications of pregnancy, childbirth and the puerperium (O00-O9A)",O00-O9A,O00
10,Chapter 10,Diseases of the respiratory system,excludes2,"congenital malformations, deformations and chromosomal abnormalities (Q00-Q99)",Q00-Q99,Q00
10,Chapter 10,Diseases of the respiratory system,excludes2,"endocrine, nutritional and metabolic diseases (E00-E88)",E00-E88,E00
10,Chapter 10,Diseases of the respiratory system,excludes2,"injury, poisoning and certain other consequences of external causes (S00-T88)",S00-T88,S00
10,Chapter 10,Diseases of the respiratory system,excludes2,neoplasms (C00-D49),C00-D49,C00
10,Chapter 10,Diseases of the respiratory system,excludes2,smoke inhalation (T59.81-),T59.81-,T59
10,Chapter 10,Diseases of the respiratory system,excludes2,"symptoms, signs and abnormal clinical and laboratory findings, not elsewhere classified (R00-R94)",R00-R94,R00
10,J00,Acute nasopharyngitis [common cold],excludes2,allergic rhinitis (J30.1-J30.9),J30.1-J30.9,J30
10,J00,Acute nasopharyngitis [common cold],excludes2,chronic pharyngitis (J31.2),J31.2,J31
10,J00,Acute nasopharyngitis [common cold],excludes2,chronic rhinitis (J31.0),J31.0,J31
10,J00,Acute nasopharyngitis [common cold],excludes2,chronic sore throat (J31.2),J31.2,J31
10,J00,Acute nasopharyngitis [common cold],excludes2,"nasopharyngitis, chronic (J31.1)",J31.1,J31
10,J00,Acute nasopharyngitis [common cold],excludes2,vasomotor rhinitis (J30.0),J30.0,J30
10,J01,Acute sinusitis,excludes2,chronic sinusitis (J32.0-J32.8),J32.0-J32.8,J32
10,J02,Acute pharyngitis,excludes2,chronic pharyngitis (J31.2),J31.2,J31
10,J02.0,Streptococcal pharyngitis,excludes2,scarlet fever (A38.-),A38.-,A38
10,J03,Acute tonsillitis,excludes2,chronic tonsillitis (J35.0),J35.0,J35
10,J04,Acute laryngitis and tracheitis,excludes2,laryngismus (stridulus) (J38.5),J38.5,J38
10,J04.0,Acute laryngitis,excludes2,chronic laryngitis (J37.0),J37.0,J37
10,J04.1,Acute tracheitis,excludes2,chronic tracheitis (J42),J42,J42
10,J04.2,Acute laryngotracheitis,excludes2,chronic laryngotracheitis (J37.1),J37.1,J37
10,J05.1,Acute epiglottitis,excludes2,"epiglottitis, chronic (J37.0)",J37.0,J37
10,Block J09-J18,Influenza and pneumonia (J09-J18),excludes2,allergic or eosinophilic pneumonia (J82),J82,J82
10,Block J09-J18,Influenza and pneumonia (J09-J18),excludes2,aspiration pneumonia NOS (J69.0),J69.0,J69
10,Block J09-J18,Influenza and pneumonia (J09-J18),excludes2,meconium pneumonia (P24.01),P24.01,P24
10,Block J09-J18,Influenza and pneumonia (J09-J18),excludes2,neonatal aspiration pneumonia (P24.-),P24.-,P24
10,Block J09-J18,Influenza and pneumonia (J09-J18),excludes2,pneumonia due to solids and liquids (J69.-),J69.-,J69
10,Block J09-J18,Influenza and pneumonia (J09-J18),excludes2,congenital pneumonia (P23.9),P23.9,P23
10,Block J09-J18,Influenza and pneumonia (J09-J18),excludes2,lipid pneumonia (J69.1),J69.1,J69
10,Block J09-J18,Influenza and pneumonia (J09-J18),excludes2,rheumatic pneumonia (I00),I00,I00
10,Block J09-J18,Influenza and pneumonia (J09-J18),excludes2,ventilator associated pneumonia (J95.851),J95.851,J95
10,J12,"Viral pneumonia, not elsewhere classified",excludes2,aspiration pneumonia due to anesthesia during labor and delivery (O74.0),O74.0,O74
10,J12,"Viral pneumonia, not elsewhere classified",excludes2,aspiration pneumonia due to anesthesia during pregnancy (O29),O29,O29
10,J12,"Viral pneumonia, not elsewhere classified",excludes2,aspiration pneumonia due to anesthesia during puerperium (O89.0),O89.0,O89
10,J12,"Viral pneumonia, not elsewhere classified",excludes2,aspiration pneumonia due to solids and liquids (J69.-),J69.-,J69
10,J12,"Viral pneumonia, not elsewhere classified",excludes2,aspiration pneumonia NOS (J69.0),J69.0,J69
10,J12,"Viral pneumonia, not elsewhere classified",excludes2,congenital pneumonia (P23.0),P23.0,P23
10,J12,"Viral pneumonia, not elsewhere classified",excludes2,congenital rubella pneumonitis (P35.0),P35.0,P35
10,J12,"Viral pneumonia, not elsewhere classified",excludes2,interstitial pneumonia NOS (J84.9),J84.9,J84
10,J12,"Viral pneumonia, not elsewhere classified",excludes2,lipid pneumonia (J69.1),J69.1,J69
10,J12,"Viral pneumonia, not elsewhere classified",excludes2,neonatal aspiration pneumonia (P24.-),P24.-,P24
10,J18,"Pneumonia, unspecified organism",excludes2,abscess of lung with pneumonia (J85.1),J85.1,J85
10,J18,"Pneumonia, unspecified organism",excludes2,aspiration pneumonia due to anesthesia during labor and delivery (O74.0),O74.0,O74
10,J18,"Pneumonia, unspecified organism",excludes2,aspiration pneumonia due to anesthesia during pregnancy (O29),O29,O29
10,J18,"Pneumonia, unspecified organism",excludes2,aspiration pneumonia due to anesthesia during puerperium (O89.0),O89.0,O89
10,J18,"Pneumonia, unspecified organism",excludes2,aspiration pneumonia due to solids and liquids (J69.-),J69.-,J69
10,J18,"Pneumonia, unspecified organism",excludes2,aspiration pneumonia NOS (J69.0),J69.0,J69
10,J18,"Pneumonia, unspecified organism",excludes2,lipid pneumonia (J69.1),J69.1,J69
10,J18,"Pneumonia, unspecified organism",excludes2,pneumonitis due to external agents (J67-J70),J67-J70,J67
10,J18.0,"Bronchopneumonia, unspecified organism",excludes2,acute bronchiolitis (J21.-),J21.-,J21
10,J18.0,"Bronchopneumonia, unspecified organism",excludes2,chronic bronchiolitis (J44.89),J44.89,J44
10,J18.0,"Bronchopneumonia, unspecified organism",excludes2,other specified chronic obstructive pulmonary disease (J44.89),J44.89,J44
10,Block J20-J22,Other acute lower respiratory infections (J20-J22),excludes2,chronic obstructive pulmonary disease with acute lower respiratory infection (J44.0),J44.0,J44
10,J20,Acute bronchitis,excludes2,acute bronchitis with bronchiectasis (J47.0),J47.0,J47
10,J20,Acute bronchitis,excludes2,acute bronchitis with chronic obstructive asthma (J44.0),J44.0,J44
10,J20,Acute bronchitis,excludes2,acute bronchitis with chronic obstructive pulmonary disease (J44.0),J44.0,J44
10,J20,Acute bronchitis,excludes2,allergic bronchitis NOS (J45.909),J45.909,J45
10,J20,Acute bronchitis,excludes2,"bronchitis due to chemicals, fumes and vapors (J68.0)",J68.0,J68
10,J20,Acute bronchitis,excludes2,chronic bronchitis NOS (J42),J42,J42
10,J20,Acute bronchitis,excludes2,chronic mucopurulent bronchitis (J41.1),J41.1,J41
10,J20,Acute bronchitis,excludes2,chronic obstructive bronchitis (J44.-),J44.-,J44
10,J20,Acute bronchitis,excludes2,chronic obstructive tracheobronchitis (J44.-),J44.-,J44
10,J20,Acute bronchitis,excludes2,chronic simple bronchitis (J41.0),J41.0,J41
10,J20,Acute bronchitis,excludes2,chronic tracheobronchitis (J42),J42,J42
10,J21,Acute bronchiolitis,excludes2,respiratory bronchiolitis interstitial lung disease (J84.115),J84.115,J84
10,J31.1,Chronic nasopharyngitis,excludes2,acute nasopharyngitis (J00),J00,J00
10,J31.2,Chronic pharyngitis,excludes2,acute pharyngitis (J02.9),J02.9,J02
10,J32,Chronic sinusitis,excludes2,acute sinusitis (J01.-),J01.-,J01
10,J34,Other and unspecified disorders of nose and nasal sinuses,excludes2,varicose ulcer of nasal septum (I86.8),I86.8,I86
10,J34.81,Nasal mucositis (ulcerative),excludes2,gastrointestinal mucositis (ulcerative) (K92.81),K92.81,K92
10,J34.81,Nasal mucositis (ulcerative),excludes2,mucositis (ulcerative) of vagina and vulva (N76.81),N76.81,N76
10,J34.81,Nasal mucositis (ulcerative),excludes2,oral mucositis (ulcerative) (K12.3-),K12.3-,K12
10,J35.0,Chronic tonsillitis and adenoiditis,excludes2,acute tonsillitis (J03.-),J03.-,J03
10,J37.0,Chronic laryngitis,excludes2,acute laryngitis (J04.0),J04.0,J04
10,J37.0,Chronic laryngitis,excludes2,obstructive (acute) laryngitis (J05.0),J05.0,J05
10,J37.1,Chronic laryngotracheitis,excludes2,acute laryngotracheitis (J04.2),J04.2,J04
10,J37.1,Chronic laryngotracheitis,excludes2,acute tracheitis (J04.1),J04.1,J04
10,J39.2,Other diseases of pharynx,excludes2,chronic pharyngitis (J31.2),J31.2,J31
10,J39.2,Other diseases of pharynx,excludes2,ulcerative pharyngitis (J02.9),J02.9,J02
10,Block J40-J4B,Chronic lower respiratory diseases (J40-J4B),excludes2,cystic fibrosis (E84.-),E84.-,E84
10,J41,Simple and mucopurulent chronic bronchitis,excludes2,chronic bronchitis NOS (J42),J42,J42
10,J41,Simple and mucopurulent chronic bronchitis,excludes2,chronic obstructive bronchitis (J44.-),J44.-,J44
10,J43,Emphysema,excludes2,"emphysema due to inhalation of chemicals, gases, fumes or vapors (J68.4)",J68.4,J68
10,J43,Emphysema,excludes2,emphysema with chronic (obstructive) bronchitis (J44.-),J44.-,J44
10,J43,Emphysema,excludes2,emphysematous (obstructive) bronchitis (J44.-),J44.-,J44
10,J43,Emphysema,excludes2,traumatic subcutaneous emphysema (T79.7),T79.7,T79
10,J44,Other chronic obstructive pulmonary disease,excludes2,bronchiectasis (J47.-),J47.-,J47
10,J44,Other chronic obstructive pulmonary disease,excludes2,chronic bronchitis NOS (J42),J42,J42
10,J44,Other chronic obstructive pulmonary disease,excludes2,chronic simple and mucopurulent bronchitis (J41.-),J41.-,J41
10,J44,Other chronic obstructive pulmonary disease,excludes2,chronic tracheitis (J42),J42,J42
10,J44,Other chronic obstructive pulmonary disease,excludes2,chronic tracheobronchitis (J42),J42,J42
10,J44,Other chronic obstructive pulmonary disease,excludes2,emphysema without chronic bronchitis (J43.-),J43.-,J43
10,J44.1,Chronic obstructive pulmonary disease with (acute) exacerbation,excludes2,chronic obstructive pulmonary disease [COPD] with acute bronchitis (J44.0),J44.0,J44
10,J44.1,Chronic obstructive pulmonary disease with (acute) exacerbation,excludes2,lung diseases due to external agents (J60-J70),J60-J70,J60
10,J44.9,"Chronic obstructive pulmonary disease, unspecified",excludes2,lung diseases due to external agents (J60-J70),J60-J70,J60
10,J45,Asthma,excludes2,asthma with chronic obstructive pulmonary disease (J44.89),J44.89,J44
10,J45,Asthma,excludes2,chronic asthmatic (obstructive) bronchitis (J44.89),J44.89,J44
10,J45,Asthma,excludes2,chronic obstructive asthma (J44.89),J44.89,J44
10,J45,Asthma,excludes2,other specified chronic obstructive pulmonary disease (J44.89),J44.89,J44
10,J45.909,"Unspecified asthma, uncomplicated",excludes2,lung diseases due to external agents (J60-J70),J60-J70,J60
10,Block J60-J70,Lung diseases due to external agents (J60-J70),excludes2,asthma (J45.-),J45.-,J45
10,Block J60-J70,Lung diseases due to external agents (J60-J70),excludes2,malignant neoplasm of bronchus and lung (C34.-),C34.-,C34
10,J66,Airway disease due to specific organic dust,excludes2,allergic alveolitis (J67.-),J67.-,J67
10,J66,Airway disease due to specific organic dust,excludes2,asbestosis (J61),J61,J61
10,J66,Airway disease due to specific organic dust,excludes2,bagassosis (J67.1),J67.1,J67
10,J66,Airway disease due to specific organic dust,excludes2,farmer's lung (J67.0),J67.0,J67
10,J66,Airway disease due to specific organic dust,excludes2,hypersensitivity pneumonitis due to organic dust (J67.-),J67.-,J67
10,J66,Airway disease due to specific organic dust,excludes2,reactive airways dysfunction syndrome (J68.3),J68.3,J68
10,J70.5,Respiratory conditions due to smoke inhalation,excludes2,"smoke inhalation due to chemicals, gases, fumes and vapors (J68.9)",J68.9,J68
10,J82,"Pulmonary eosinophilia, not elsewhere classified",excludes2,pulmonary eosinophilia due to aspergillosis (B44.-),B44.-,B44
10,J82,"Pulmonary eosinophilia, not elsewhere classified",excludes2,pulmonary eosinophilia due to drugs (J70.2-J70.4),J70.2-J70.4,J70
10,J82,"Pulmonary eosinophilia, not elsewhere classified",excludes2,pulmonary eosinophilia due to specified parasitic infection (B50-B83),B50-B83,B50
10,J82,"Pulmonary eosinophilia, not elsewhere classified",excludes2,pulmonary eosinophilia due to systemic connective tissue disorders (M30-M36),M30-M36,M30
10,J82,"Pulmonary eosinophilia, not elsewhere classified",excludes2,pulmonary infiltrate NOS (R91.8),R91.8,R91
10,J84,Other interstitial pulmonary diseases,excludes2,lung diseases due to external agents (J60-J70),J60-J70,J60
10,J91,Pleural effusion in conditions classified elsewhere,excludes2,pleural effusion in heart failure (I50.-),I50.-,I50
10,J91,Pleural effusion in conditions classified elsewhere,excludes2,pleural effusion in systemic lupus erythematosus (M32.13),M32.13,M32
10,J95,"Intraoperative and postprocedural complications and disorders of respiratory system, not elsewhere classified",excludes2,aspiration pneumonia (J69.-),J69.-,J69
10,J95,"Intraoperative and postprocedural complications and disorders of respiratory system, not elsewhere classified",excludes2,emphysema (subcutaneous) resulting from a procedure (T81.82),T81.82,T81
10,J95,"Intraoperative and postprocedural complications and disorders of respiratory system, not elsewhere classified",excludes2,hypostatic pneumonia (J18.2),J18.2,J18
10,J95,"Intraoperative and postprocedural complications and disorders of respiratory system, not elsewhere classified",excludes2,pulmonary manifestations due to radiation (J70.0-J70.1),J70.0-J70.1,J70
10,J95.1,Acute pulmonary insufficiency following thoracic surgery,excludes2,"Functional disturbances following cardiac surgery (I97.0, I97.1-)",I97.0; I97.1-,I97
10,J95.2,Acute pulmonary insufficiency following nonthoracic surgery,excludes2,"Functional disturbances following cardiac surgery (I97.0, I97.1-)",I97.0; I97.1-,I97
10,J95.3,Chronic pulmonary insufficiency following surgery,excludes2,"Functional disturbances following cardiac surgery (I97.0, I97.1-)",I97.0; I97.1-,I97
10,J95.7,Accidental puncture and laceration of a respiratory system organ or structure during a procedure,excludes2,postprocedural pneumothorax (J95.811),J95.811,J95
10,J95.82,Postprocedural respiratory failure,excludes2,respiratory failure in other conditions (J96.-),J96.-,J96
10,J95.89,"Other postprocedural complications and disorders of respiratory system, not elsewhere classified",excludes2,acute pulmonary insufficiency following thoracic surgery (J95.1),J95.1,J95
10,J95.89,"Other postprocedural complications and disorders of respiratory system, not elsewhere classified",excludes2,postprocedural subglottic stenosis (J95.5),J95.5,J95
10,J98,Other respiratory disorders,excludes2,apnea NOS (R06.81),R06.81,R06
10,J98,Other respiratory disorders,excludes2,sleep apnea (G47.3-),G47.3-,G47
10,J98.5,"Diseases of mediastinum, not elsewhere classified",excludes2,abscess of mediastinum (J85.3),J85.3,J85
10,J98.6,Disorders of diaphragm,excludes2,diaphragmatic hernia (K44.-),K44.-,K44
11,Chapter 11,Diseases of the digestive system,excludes2,certain conditions originating in the perinatal period (P04-P96),P04-P96,P04
11,Chapter 11,Diseases of the digestive system,excludes2,certain infectious and parasitic diseases (A00-B99),A00-B99,A00
11,Chapter 11,Diseases of the digestive system,excludes2,"complications of pregnancy, childbirth and the puerperium (O00-O9A)",O00-O9A,O00
11,Chapter 11,Diseases of the digestive system,excludes2,"congenital malformations, deformations and chromosomal abnormalities (Q00-Q99)",Q00-Q99,Q00
11,Chapter 11,Diseases of the digestive system,excludes2,"endocrine, nutritional and metabolic diseases (E00-E88)",E00-E88,E00
11,Chapter 11,Diseases of the digestive system,excludes2,"injury, poisoning and certain other consequences of external causes (S00-T88)",S00-T88,S00
11,Chapter 11,Diseases of the digestive system,excludes2,neoplasms (C00-D49),C00-D49,C00
11,Chapter 11,Diseases of the digestive system,excludes2,"symptoms, signs and abnormal clinical and laboratory findings, not elsewhere classified (R00-R94)",R00-R94,R00
11,K00,Disorders of tooth development and eruption,excludes2,embedded and impacted teeth (K01.-),K01.-,K01
11,K00.1,Supernumerary teeth,excludes2,supernumerary roots (K00.2),K00.2,K00
11,K00.3,Mottled teeth,excludes2,deposits [accretions] on teeth (K03.6),K03.6,K03
11,K00.4,Disturbances in tooth formation,excludes2,mottled teeth (K00.3),K00.3,K00
11,K00.6,Disturbances in tooth eruption,excludes2,embedded and impacted teeth (K01.-),K01.-,K01
11,K00.8,Other disorders of tooth development,excludes2,posteruptive color changes (K03.7),K03.7,K03
11,K03,Other diseases of hard tissues of teeth,excludes2,bruxism (F45.8),F45.8,F45
11,K03,Other diseases of hard tissues of teeth,excludes2,dental caries (K02.-),K02.-,K02
11,K03,Other diseases of hard tissues of teeth,excludes2,teeth-grinding NOS (F45.8),F45.8,F45
11,K03.7,Posteruptive color changes of dental hard tissues,excludes2,deposits [accretions] on teeth (K03.6),K03.6,K03
11,K04.8,Radicular cyst,excludes2,lateral periodontal cyst (K09.0),K09.0,K09
11,K05.5,Other periodontal diseases,excludes2,leukoplakia of gingiva (K13.21),K13.21,K13
11,K06,Other disorders of gingiva and edentulous alveolar ridge,excludes2,acute gingivitis (K05.0),K05.0,K05
11,K06,Other disorders of gingiva and edentulous alveolar ridge,excludes2,atrophy of edentulous alveolar ridge (K08.2),K08.2,K08
11,K06,Other disorders of gingiva and edentulous alveolar ridge,excludes2,chronic gingivitis (K05.1),K05.1,K05
11,K06,Other disorders of gingiva and edentulous alveolar ridge,excludes2,gingivitis NOS (K05.1),K05.1,K05
11,K06.8,Other specified disorders of gingiva and edentulous alveolar ridge,excludes2,gingival cyst (K09.0),K09.0,K09
11,K08,Other disorders of teeth and supporting structures,excludes2,dentofacial anomalies [including malocclusion] (M26.-),M26.-,M26
11,K08,Other disorders of teeth and supporting structures,excludes2,disorders of jaw (M27.-),M27.-,M27
11,K08.4,Partial loss of teeth,excludes2,exfoliation of teeth due to systemic causes (K08.0),K08.0,K08
11,K08.5,Unsatisfactory restoration of tooth,excludes2,endosseous dental implant failure (M27.6-),M27.6-,M27
11,K08.5,Unsatisfactory restoration of tooth,excludes2,unsatisfactory endodontic treatment (M27.5-),M27.5-,M27
11,K09,"Cysts of oral region, not elsewhere classified",excludes2,"cysts of jaw (M27.0-, M27.4-)",M27.0-; M27.4-,M27
11,K09,"Cysts of oral region, not elsewhere classified",excludes2,radicular cyst (K04.8),K04.8,K04
11,K09.0,Developmental odontogenic cysts,excludes2,"keratocysts (D16.4, D16.5)",D16.4; D16.5,D16
11,K09.0,Developmental odontogenic cysts,excludes2,"odontogenic keratocystic tumors (D16.4, D16.5)",D16.4; D16.5,D16
11,K11.7,Disturbances of salivary secretion,excludes2,dry mouth NOS (R68.2),R68.2,R68
11,K12.2,Cellulitis and abscess of mouth,excludes2,abscess of salivary gland (K11.3),K11.3,K11
11,K12.2,Cellulitis and abscess of mouth,excludes2,abscess of tongue (K14.0),K14.0,K14
11,K12.2,Cellulitis and abscess of mouth,excludes2,periapical abscess (K04.6-K04.7),K04.6-K04.7,K04
11,K12.2,Cellulitis and abscess of mouth,excludes2,periodontal abscess (K05.21),K05.21,K05
11,K12.2,Cellulitis and abscess of mouth,excludes2,peritonsillar abscess (J36),J36,J36
11,K12.3,Oral mucositis (ulcerative),excludes2,gastrointestinal mucositis (ulcerative) (K92.81),K92.81,K92
11,K12.3,Oral mucositis (ulcerative),excludes2,mucositis (ulcerative) of vagina and vulva (N76.81),N76.81,N76
11,K12.3,Oral mucositis (ulcerative),excludes2,nasal mucositis (ulcerative) (J34.81),J34.81,J34
11,K13,Other diseases of lip and oral mucosa,excludes2,certain disorders of gingiva and edentulous alveolar ridge (K05-K06),K05-K06,K05
11,K13,Other diseases of lip and oral mucosa,excludes2,cysts of oral region (K09.-),K09.-,K09
11,K13,Other diseases of lip and oral mucosa,excludes2,diseases of tongue (K14.-),K14.-,K14
11,K13,Other diseases of lip and oral mucosa,excludes2,stomatitis and related lesions (K12.-),K12.-,K12
11,K13.6,Irritative hyperplasia of oral mucosa,excludes2,irritative hyperplasia of edentulous ridge [denture hyperplasia] (K06.2),K06.2,K06
11,K14,Diseases of tongue,excludes2,erythroplakia (K13.29),K13.29,K13
11,K14,Diseases of tongue,excludes2,focal epithelial hyperplasia (K13.29),K13.29,K13
11,K14,Diseases of tongue,excludes2,leukoedema of tongue (K13.29),K13.29,K13
11,K14,Diseases of tongue,excludes2,leukoplakia of tongue (K13.21),K13.21,K13
11,K14,Diseases of tongue,excludes2,hairy leukoplakia (K13.3),K13.3,K13
11,K14,Diseases of tongue,excludes2,macroglossia (congenital) (Q38.2),Q38.2,Q38
11,K14,Diseases of tongue,excludes2,submucous fibrosis of tongue (K13.5),K13.5,K13
11,Block K20-K31,"Diseases of esophagus, stomach and duodenum (K20-K31)",excludes2,hiatus hernia (K44.-),K44.-,K44
11,K20,Esophagitis,excludes2,eosinophilic gastritis or gastroenteritis (K52.81),K52.81,K52
11,K22,Other diseases of esophagus,excludes2,esophageal varices (I85.-),I85.-,I85
11,K22.11,Ulcer of esophagus with bleeding,excludes2,"bleeding esophageal varices (I85.01, I85.11)",I85.01; I85.11,I85
11,K22.8,Other specified diseases of esophagus,excludes2,esophageal varices (I85.-),I85.-,I85
11,K22.8,Other specified diseases of esophagus,excludes2,Paterson-Kelly syndrome (D50.1),D50.1,D50
11,K31,Other diseases of stomach and duodenum,excludes2,"diabetic gastroparesis (E08.43, E09.43, E10.43, E11.43, E13.43)",E08.43; E09.43; E10.43; E11.43; E13.43,E08; E09; E10; E11; E13
11,K31,Other diseases of stomach and duodenum,excludes2,diverticulum of duodenum (K57.00-K57.13),K57.00-K57.13,K57
11,K31.82,Dieulafoy lesion (hemorrhagic) of stomach and duodenum,excludes2,Dieulafoy lesion of intestine (K63.81),K63.81,K63
11,K51.4,Inflammatory polyps of colon,excludes2,adenomatous polyp of colon (D12.6),D12.6,D12
11,K51.4,Inflammatory polyps of colon,excludes2,polyposis of colon (D12.6),D12.6,D12
11,K51.4,Inflammatory polyps of colon,excludes2,polyps of colon NOS (K63.5),K63.5,K63
11,K52.2,Allergic and dietetic gastroenteritis and colitis,excludes2,allergic eosinophilic colitis (K52.82),K52.82,K52
11,K52.2,Allergic and dietetic gastroenteritis and colitis,excludes2,allergic eosinophilic esophagitis (K20.0),K20.0,K20
11,K52.2,Allergic and dietetic gastroenteritis and colitis,excludes2,allergic eosinophilic gastritis (K52.81),K52.81,K52
11,K52.2,Allergic and dietetic gastroenteritis and colitis,excludes2,allergic eosinophilic gastroenteritis (K52.81),K52.81,K52
11,K52.81,Eosinophilic gastritis or gastroenteritis,excludes2,eosinophilic esophagitis (K20.0),K20.0,K20
11,K52.82,Eosinophilic colitis,excludes2,allergic proctocolitis (K52.29),K52.29,K52
11,K52.82,Eosinophilic colitis,excludes2,food-induced eosinophilic proctocolitis (K52.29),K52.29,K52
11,K52.82,Eosinophilic colitis,excludes2,food protein-induced enterocolitis syndrome (FPIES) (K52.21),K52.21,K52
11,K52.82,Eosinophilic colitis,excludes2,food protein-induced proctocolitis (K52.29),K52.29,K52
11,K52.82,Eosinophilic colitis,excludes2,milk protein-induced proctocolitis (K52.29),K52.29,K52
11,K55,Vascular disorders of intestine,excludes2,angioectasia (angiodysplasia) duodenum (K31.81-),K31.81-,K31
11,K55.3,Necrotizing enterocolitis,excludes2,necrotizing enterocolitis due to Clostridium difficile (A04.7-),A04.7-,A04
11,K56,Paralytic ileus and intestinal obstruction without hernia,excludes2,stenosis of anus or rectum (K62.4),K62.4,K62
11,K56.1,Intussusception,excludes2,intussusception of appendix (K38.8),K38.8,K38
11,K56.2,Volvulus,excludes2,volvulus of duodenum (K31.5),K31.5,K31
11,K56.41,Fecal impaction,excludes2,incomplete defecation (R15.0),R15.0,R15
11,K56.7,"Ileus, unspecified",excludes2,intestinal obstruction with hernia (K40-K46),K40-K46,K40
11,K57,Diverticular disease of intestine,excludes2,diverticulum of appendix (K38.2),K38.2,K38
11,K59,Other functional intestinal disorders,excludes2,functional disorders of stomach (K31.-),K31.-,K31
11,K59.0,Constipation,excludes2,incomplete defecation (R15.0),R15.0,R15
11,K60,Fissure and fistula of anal and rectal regions,excludes2,abscess or cellulitis of anal and rectal regions (K61.-),K61.-,K61
11,K60,Fissure and fistula of anal and rectal regions,excludes2,anal sphincter tear (healed) (nontraumatic) (old) (K62.81),K62.81,K62
11,K61.0,Anal abscess,excludes2,intrasphincteric abscess (K61.4),K61.4,K61
11,K62,Other diseases of anus and rectum,excludes2,"colostomy and enterostomy malfunction (K94.0-, K94.1-)",K94.0-; K94.1-,K94
11,K62,Other diseases of anus and rectum,excludes2,fecal incontinence (R15.-),R15.-,R15
11,K62,Other diseases of anus and rectum,excludes2,hemorrhoids (K64.-),K64.-,K64
11,K62.8,Other specified diseases of anus and rectum,excludes2,ulcerative proctitis (K51.2),K51.2,K51
11,K62.81,Anal sphincter tear (healed) (nontraumatic) (old),excludes2,anal fissure (K60.-),K60.-,K60
11,K62.81,Anal sphincter tear (healed) (nontraumatic) (old),excludes2,anal sphincter tear (healed) (old) complicating delivery (O34.7-),O34.7-,O34
11,K62.81,Anal sphincter tear (healed) (nontraumatic) (old),excludes2,traumatic tear of anal sphincter (S31.831),S31.831,S31
11,K63.0,Abscess of intestine,excludes2,abscess of anal and rectal regions (K61.-),K61.-,K61
11,K63.0,Abscess of intestine,excludes2,abscess of appendix (K35.3-),K35.3-,K35
11,K63.1,Perforation of intestine (nontraumatic),excludes2,"perforation (nontraumatic) of appendix (K35.2-, K35.3-)",K35.2-; K35.3-,K35
11,K63.2,Fistula of intestine,excludes2,fistula of anal and rectal regions (K60.-),K60.-,K60
11,K63.2,Fistula of intestine,excludes2,fistula of appendix (K38.3),K38.3,K38
11,K63.2,Fistula of intestine,excludes2,"intestinal-genital fistula, female (N82.2-N82.4)",N82.2-N82.4,N82
11,K63.2,Fistula of intestine,excludes2,vesicointestinal fistula (N32.1),N32.1,N32
11,K63.5,Polyp of colon,excludes2,adenomatous polyp of colon (D12.-),D12.-,D12
11,K63.5,Polyp of colon,excludes2,inflammatory polyp of colon (K51.4-),K51.4-,K51
11,K63.5,Polyp of colon,excludes2,polyposis of colon (D12.6),D12.6,D12
11,K63.81,Dieulafoy lesion of intestine,excludes2,Dieulafoy lesion of stomach and duodenum (K31.82),K31.82,K31
11,K65.1,Peritoneal abscess,excludes2,pelvic abscess (extraperitoneal) (K6A.0-),K6A.0-,K6A
11,K6A.0,Pelvic abscess,excludes2,peritoneal abscess (K65.1),K65.1,K65
11,K6A.0,Pelvic abscess,excludes2,retroperitoneal abscess (K68.1-),K68.1-,K68
11,K66,Other disorders of peritoneum,excludes2,ascites (R18.-),R18.-,R18
11,K66,Other disorders of peritoneum,excludes2,peritoneal effusion (chronic) (R18.8),R18.8,R18
11,K66.0,Peritoneal adhesions (postprocedural) (postinfection),excludes2,female pelvic adhesions [bands] (N73.6),N73.6,N73
11,K66.0,Peritoneal adhesions (postprocedural) (postinfection),excludes2,female pelvic postprocedural adhesions (N99.4),N99.4,N99
11,K66.1,Hemoperitoneum,excludes2,retroperitoneal hematoma (K68.3),K68.3,K68
11,K66.1,Hemoperitoneum,excludes2,retroperitoneal hemorrhage (K68.3),K68.3,K68
11,K68.11,Postprocedural retroperitoneal abscess,excludes2,infection following procedure (T81.4-),T81.4-,T81
11,Block K70-K77,Diseases of liver (K70-K77),excludes2,hemochromatosis (E83.11-),E83.11-,E83
11,Block K70-K77,Diseases of liver (K70-K77),excludes2,Reye's syndrome (G93.7),G93.7,G93
11,Block K70-K77,Diseases of liver (K70-K77),excludes2,viral hepatitis (B15-B19),B15-B19,B15
11,Block K70-K77,Diseases of liver (K70-K77),excludes2,Wilson's disease (E83.01),E83.01,E83
11,K71,Toxic liver disease,excludes2,alcoholic liver disease (K70.-),K70.-,K70
11,K71,Toxic liver disease,excludes2,Budd-Chiari syndrome (I82.0),I82.0,I82
11,K72,"Hepatic failure, not elsewhere classified",excludes2,"hepatic failure complicating abortion or ectopic or molar pregnancy (O00-O07, O08.8)",O00-O07; O08.8,O00; O08
11,K72,"Hepatic failure, not elsewhere classified",excludes2,"hepatic failure complicating pregnancy, childbirth and the puerperium (O26.6-)",O26.6-,O26
11,K72,"Hepatic failure, not elsewhere classified",excludes2,viral hepatitis with hepatic coma (B15-B19),B15-B19,B15
11,K74.3,Primary biliary cirrhosis,excludes2,primary sclerosing cholangitis (K83.01),K83.01,K83
11,K75,Other inflammatory liver diseases,excludes2,toxic liver disease (K71.-),K71.-,K71
11,K75.0,Abscess of liver,excludes2,acute or subacute hepatitis NOS (B17.9),B17.9,B17
11,K75.0,Abscess of liver,excludes2,acute or subacute non-viral hepatitis (K72.0),K72.0,K72
11,K75.0,Abscess of liver,excludes2,chronic hepatitis NEC (K73.8),K73.8,K73
11,K76,Other diseases of liver,excludes2,alcoholic liver disease (K70.-),K70.-,K70
11,K76,Other diseases of liver,excludes2,amyloid degeneration of liver (E85.-),E85.-,E85
11,K76,Other diseases of liver,excludes2,cystic disease of liver (congenital) (Q44.6),Q44.6,Q44
11,K76,Other diseases of liver,excludes2,hepatic vein thrombosis (I82.0),I82.0,I82
11,K76,Other diseases of liver,excludes2,hepatomegaly NOS (R16.0),R16.0,R16
11,K76,Other diseases of liver,excludes2,pigmentary cirrhosis (of liver) (E83.110),E83.110,E83
11,K76,Other diseases of liver,excludes2,portal vein thrombosis (I81),I81,I81
11,K76,Other diseases of liver,excludes2,toxic liver disease (K71.-),K71.-,K71
11,K83,Other diseases of biliary tract,excludes2,conditions involving the gallbladder (K81-K82),K81-K82,K81
11,K83,Other diseases of biliary tract,excludes2,conditions involving the cystic duct (K81-K82),K81-K82,K81
11,K83.0,Cholangitis,excludes2,chronic nonsuppurative destructive cholangitis (K74.3),K74.3,K74
11,K83.0,Cholangitis,excludes2,primary biliary cholangitis (K74.3),K74.3,K74
11,K83.0,Cholangitis,excludes2,primary biliary cirrhosis (K74.3),K74.3,K74
11,K85.2,Alcohol induced acute pancreatitis,excludes2,alcohol induced chronic pancreatitis (K86.0),K86.0,K86
11,K86,Other diseases of pancreas,excludes2,fibrocystic disease of pancreas (E84.-),E84.-,E84
11,K86,Other diseases of pancreas,excludes2,islet cell tumor (of pancreas) (D13.7),D13.7,D13
11,K86,Other diseases of pancreas,excludes2,pancreatic steatorrhea (K90.3),K90.3,K90
11,K86.0,Alcohol-induced chronic pancreatitis,excludes2,alcohol induced acute pancreatitis (K85.2-),K85.2-,K85
11,K90.4,Other malabsorption due to intolerance,excludes2,celiac gluten-sensitive enteropathy (K90.0),K90.0,K90
11,K90.4,Other malabsorption due to intolerance,excludes2,lactose intolerance (E73.-),E73.-,E73
11,K91,"Intraoperative and postprocedural complications and disorders of digestive system, not elsewhere classified",excludes2,complications of artificial opening of digestive system (K94.-),K94.-,K94
11,K91,"Intraoperative and postprocedural complications and disorders of digestive system, not elsewhere classified",excludes2,complications of bariatric procedures (K95.-),K95.-,K95
11,K91,"Intraoperative and postprocedural complications and disorders of digestive system, not elsewhere classified",excludes2,gastrojejunal ulcer (K28.-),K28.-,K28
11,K91,"Intraoperative and postprocedural complications and disorders of digestive system, not elsewhere classified",excludes2,postprocedural (radiation) retroperitoneal abscess (K68.11),K68.11,K68
11,K91,"Intraoperative and postprocedural complications and disorders of digestive system, not elsewhere classified",excludes2,radiation colitis (K52.0),K52.0,K52
11,K91,"Intraoperative and postprocedural complications and disorders of digestive system, not elsewhere classified",excludes2,radiation gastroenteritis (K52.0),K52.0,K52
11,K91,"Intraoperative and postprocedural complications and disorders of digestive system, not elsewhere classified",excludes2,radiation proctitis (K62.7),K62.7,K62
11,K91.89,Other postprocedural complications and disorders of digestive system,excludes2,postprocedural retroperitoneal abscess (K68.11),K68.11,K68
11,K92.81,Gastrointestinal mucositis (ulcerative),excludes2,mucositis (ulcerative) of vagina and vulva (N76.81),N76.81,N76
11,K92.81,Gastrointestinal mucositis (ulcerative),excludes2,nasal mucositis (ulcerative) (J34.81),J34.81,J34
11,K92.81,Gastrointestinal mucositis (ulcerative),excludes2,oral mucositis (ulcerative) (K12.3-),K12.3-,K12
12,Chapter 12,Diseases of the skin and subcutaneous tissue,excludes2,certain conditions originating in the perinatal period (P04-P96),P04-P96,P04
12,Chapter 12,Diseases of the skin and subcutaneous tissue,excludes2,certain infectious and parasitic diseases (A00-B99),A00-B99,A00
12,Chapter 12,Diseases of the skin and subcutaneous tissue,excludes2,"complications of pregnancy, childbirth and the puerperium (O00-O9A)",O00-O9A,O00
12,Chapter 12,Diseases of the skin and subcutaneous tissue,excludes2,"congenital malformations, deformations, and chromosomal abnormalities (Q00-Q99)",Q00-Q99,Q00
12,Chapter 12,Diseases of the skin and subcutaneous tissue,excludes2,"endocrine, nutritional and metabolic diseases (E00-E88)",E00-E88,E00
12,Chapter 12,Diseases of the skin and subcutaneous tissue,excludes2,lipomelanotic reticulosis (I89.8),I89.8,I89
12,Chapter 12,Diseases of the skin and subcutaneous tissue,excludes2,neoplasms (C00-D49),C00-D49,C00
12,Chapter 12,Diseases of the skin and subcutaneous tissue,excludes2,"symptoms, signs and abnormal clinical and laboratory findings, not elsewhere classified (R00-R94)",R00-R94,R00
12,Chapter 12,Diseases of the skin and subcutaneous tissue,excludes2,systemic connective tissue disorders (M30-M36),M30-M36,M30
12,Chapter 12,Diseases of the skin and subcutaneous tissue,excludes2,viral warts (B07.-),B07.-,B07
12,Block L00-L08,Infections of the skin and subcutaneous tissue (L00-L08),excludes2,hordeolum (H00.0),H00.0,H00
12,Block L00-L08,Infections of the skin and subcutaneous tissue (L00-L08),excludes2,infective dermatitis (L30.3),L30.3,L30
12,Block L00-L08,Infections of the skin and subcutaneous tissue (L00-L08),excludes2,local infections of skin classified in Chapter 1,,
12,Block L00-L08,Infections of the skin and subcutaneous tissue (L00-L08),excludes2,lupus panniculitis (L93.2),L93.2,L93
12,Block L00-L08,Infections of the skin and subcutaneous tissue (L00-L08),excludes2,panniculitis NOS (M79.3),M79.3,M79
12,Block L00-L08,Infections of the skin and subcutaneous tissue (L00-L08),excludes2,panniculitis of neck and back (M54.0-),M54.0-,M54
12,Block L00-L08,Infections of the skin and subcutaneous tissue (L00-L08),excludes2,Perlèche NOS (K13.0),K13.0,K13
12,Block L00-L08,Infections of the skin and subcutaneous tissue (L00-L08),excludes2,Perlèche due to candidiasis (B37.0),B37.0,B37
12,Block L00-L08,Infections of the skin and subcutaneous tissue (L00-L08),excludes2,Perlèche due to riboflavin deficiency (E53.0),E53.0,E53
12,Block L00-L08,Infections of the skin and subcutaneous tissue (L00-L08),excludes2,pyogenic granuloma (L98.0),L98.0,L98
12,Block L00-L08,Infections of the skin and subcutaneous tissue (L00-L08),excludes2,relapsing panniculitis [Weber-Christian] (M35.6),M35.6,M35
12,Block L00-L08,Infections of the skin and subcutaneous tissue (L00-L08),excludes2,viral warts (B07.-),B07.-,B07
12,Block L00-L08,Infections of the skin and subcutaneous tissue (L00-L08),excludes2,zoster (B02.-),B02.-,B02
12,L02,"Cutaneous abscess, furuncle and carbuncle",excludes2,abscess of anus and rectal regions (K61.-),K61.-,K61
12,L02,"Cutaneous abscess, furuncle and carbuncle",excludes2,abscess of female genital organs (external) (N76.4),N76.4,N76
12,L02,"Cutaneous abscess, furuncle and carbuncle",excludes2,"abscess of male genital organs (external) (N48.2, N49.-)",N48.2; N49.-,N48; N49
12,L02.0,"Cutaneous abscess, furuncle and carbuncle of face",excludes2,"abscess of ear, external (H60.0)",H60.0,H60
12,L02.0,"Cutaneous abscess, furuncle and carbuncle of face",excludes2,abscess of eyelid (H00.0),H00.0,H00
12,L02.0,"Cutaneous abscess, furuncle and carbuncle of face",excludes2,"abscess of head [any part, except face] (L02.8)",L02.8,L02
12,L02.0,"Cutaneous abscess, furuncle and carbuncle of face",excludes2,abscess of lacrimal gland (H04.0),H04.0,H04
12,L02.0,"Cutaneous abscess, furuncle and carbuncle of face",excludes2,abscess of lacrimal passages (H04.3),H04.3,H04
12,L02.0,"Cutaneous abscess, furuncle and carbuncle of face",excludes2,abscess of mouth (K12.2),K12.2,K12
12,L02.0,"Cutaneous abscess, furuncle and carbuncle of face",excludes2,abscess of nose (J34.0),J34.0,J34
12,L02.0,"Cutaneous abscess, furuncle and carbuncle of face",excludes2,abscess of orbit (H05.0),H05.0,H05
12,L02.0,"Cutaneous abscess, furuncle and carbuncle of face",excludes2,submandibular abscess (K12.2),K12.2,K12
12,L02.2,"Cutaneous abscess, furuncle and carbuncle of trunk",excludes2,abscess of breast (N61.1),N61.1,N61
12,L02.2,"Cutaneous abscess, furuncle and carbuncle of trunk",excludes2,abscess of buttocks (L02.31),L02.31,L02
12,L02.2,"Cutaneous abscess, furuncle and carbuncle of trunk",excludes2,abscess of female external genital organs (N76.4),N76.4,N76
12,L02.2,"Cutaneous abscess, furuncle and carbuncle of trunk",excludes2,"abscess of male external genital organs (N48.2, N49.-)",N48.2; N49.-,N48; N49
12,L02.2,"Cutaneous abscess, furuncle and carbuncle of trunk",excludes2,abscess of hip (L02.4),L02.4,L02
12,L02.4,"Cutaneous abscess, furuncle and carbuncle of limb",excludes2,"Cutaneous abscess, furuncle and carbuncle of groin (L02.214, L02.224, L02.234)",L02.214; L02.224; L02.234,L02
12,L02.4,"Cutaneous abscess, furuncle and carbuncle of limb",excludes2,"Cutaneous abscess, furuncle and carbuncle of hand (L02.5-)",L02.5-,L02
12,L02.4,"Cutaneous abscess, furuncle and carbuncle of limb",excludes2,"Cutaneous abscess, furuncle and carbuncle of foot (L02.6-)",L02.6-,L02
12,L03,Cellulitis and acute lymphangitis,excludes2,cellulitis of anal and rectal region (K61.-),K61.-,K61
12,L03,Cellulitis and acute lymphangitis,excludes2,cellulitis of external auditory canal (H60.1),H60.1,H60
12,L03,Cellulitis and acute lymphangitis,excludes2,cellulitis of eyelid (H00.0),H00.0,H00
12,L03,Cellulitis and acute lymphangitis,excludes2,cellulitis of female external genital organs (N76.4),N76.4,N76
12,L03,Cellulitis and acute lymphangitis,excludes2,cellulitis of lacrimal apparatus (H04.3),H04.3,H04
12,L03,Cellulitis and acute lymphangitis,excludes2,"cellulitis of male external genital organs (N48.2, N49.-)",N48.2; N49.-,N48; N49
12,L03,Cellulitis and acute lymphangitis,excludes2,cellulitis of mouth (K12.2),K12.2,K12
12,L03,Cellulitis and acute lymphangitis,excludes2,cellulitis of nose (J34.0),J34.0,J34
12,L03,Cellulitis and acute lymphangitis,excludes2,eosinophilic cellulitis [Wells] (L98.3),L98.3,L98
12,L03,Cellulitis and acute lymphangitis,excludes2,febrile neutrophilic dermatosis [Sweet] (L98.2),L98.2,L98
12,L03,Cellulitis and acute lymphangitis,excludes2,lymphangitis (chronic) (subacute) (I89.1),I89.1,I89
12,L03.11,Cellulitis of other parts of limb,excludes2,cellulitis of fingers (L03.01-),L03.01-,L03
12,L03.11,Cellulitis of other parts of limb,excludes2,cellulitis of toes (L03.03-),L03.03-,L03
12,L03.11,Cellulitis of other parts of limb,excludes2,groin (L03.314),L03.314,L03
12,L03.12,Acute lymphangitis of other parts of limb,excludes2,acute lymphangitis of fingers (L03.2-),L03.2-,L03
12,L03.12,Acute lymphangitis of other parts of limb,excludes2,acute lymphangitis of toes (L03.04-),L03.04-,L03
12,L03.12,Acute lymphangitis of other parts of limb,excludes2,acute lymphangitis of groin (L03.324),L03.324,L03
12,L03.211,Cellulitis of face,excludes2,abscess of orbit (H05.01-),H05.01-,H05
12,L03.211,Cellulitis of face,excludes2,cellulitis of ear (H60.1-),H60.1-,H60
12,L03.211,Cellulitis of face,excludes2,cellulitis of eyelid (H00.0-),H00.0-,H00
12,L03.211,Cellulitis of face,excludes2,cellulitis of head (L03.81),L03.81,L03
12,L03.211,Cellulitis of face,excludes2,cellulitis of lacrimal apparatus (H04.3),H04.3,H04
12,L03.211,Cellulitis of face,excludes2,cellulitis of lip (K13.0),K13.0,K13
12,L03.211,Cellulitis of face,excludes2,cellulitis of mouth (K12.2),K12.2,K12
12,L03.211,Cellulitis of face,excludes2,cellulitis of nose (internal) (J34.0),J34.0,J34
12,L03.211,Cellulitis of face,excludes2,cellulitis of orbit (H05.01-),H05.01-,H05
12,L03.211,Cellulitis of face,excludes2,cellulitis of scalp (L03.81),L03.81,L03
12,L03.31,Cellulitis of trunk,excludes2,cellulitis of anal and rectal regions (K61.-),K61.-,K61
12,L03.31,Cellulitis of trunk,excludes2,cellulitis of breast NOS (N61.0),N61.0,N61
12,L03.31,Cellulitis of trunk,excludes2,cellulitis of female external genital organs (N76.4),N76.4,N76
12,L03.31,Cellulitis of trunk,excludes2,"cellulitis of male external genital organs (N48.2, N49.-)",N48.2; N49.-,N48; N49
12,L03.31,Cellulitis of trunk,excludes2,omphalitis of newborn (P38.-),P38.-,P38
12,L03.31,Cellulitis of trunk,excludes2,puerperal cellulitis of breast (O91.2),O91.2,O91
12,L03.311,Cellulitis of abdominal wall,excludes2,cellulitis of umbilicus (L03.316),L03.316,L03
12,L03.311,Cellulitis of abdominal wall,excludes2,cellulitis of groin (L03.314),L03.314,L03
12,L03.811,"Cellulitis of head [any part, except face]",excludes2,cellulitis of face (L03.211),L03.211,L03
12,L04.3,Acute lymphadenitis of lower limb,excludes2,acute lymphadenitis of groin (L04.1),L04.1,L04
12,L05.01,Pilonidal cyst with abscess,excludes2,congenital sacral dimple (Q82.6),Q82.6,Q82
12,L05.01,Pilonidal cyst with abscess,excludes2,parasacral dimple (Q82.6),Q82.6,Q82
12,L05.91,Pilonidal cyst without abscess,excludes2,congenital sacral dimple (Q82.6),Q82.6,Q82
12,L05.91,Pilonidal cyst without abscess,excludes2,parasacral dimple (Q82.6),Q82.6,Q82
12,Block L20-L30,Dermatitis and eczema (L20-L30),excludes2,chronic (childhood) granulomatous disease (D71-),D71-,D71
12,Block L20-L30,Dermatitis and eczema (L20-L30),excludes2,dermatitis gangrenosa (L08.0),L08.0,L08
12,Block L20-L30,Dermatitis and eczema (L20-L30),excludes2,dermatitis herpetiformis (L13.0),L13.0,L13
12,Block L20-L30,Dermatitis and eczema (L20-L30),excludes2,dry skin dermatitis (L85.3),L85.3,L85
12,Block L20-L30,Dermatitis and eczema (L20-L30),excludes2,factitial dermatitis (L98.1),L98.1,L98
12,Block L20-L30,Dermatitis and eczema (L20-L30),excludes2,perioral dermatitis (L71.0),L71.0,L71
12,Block L20-L30,Dermatitis and eczema (L20-L30),excludes2,radiation-related disorders of the skin and subcutaneous tissue (L55-L59),L55-L59,L55
12,Block L20-L30,Dermatitis and eczema (L20-L30),excludes2,stasis dermatitis (I87.2),I87.2,I87
12,L20.8,Other atopic dermatitis,excludes2,circumscribed neurodermatitis (L28.0),L28.0,L28
12,L21,Seborrheic dermatitis,excludes2,infective dermatitis (L30.3),L30.3,L30
12,L21,Seborrheic dermatitis,excludes2,seborrheic keratosis (L82.-),L82.-,L82
12,L23,Allergic contact dermatitis,excludes2,dermatitis due to substances taken internally (L27.-),L27.-,L27
12,L23,Allergic contact dermatitis,excludes2,dermatitis of eyelid (H01.1-),H01.1-,H01
12,L23,Allergic contact dermatitis,excludes2,diaper dermatitis (L22),L22,L22
12,L23,Allergic contact dermatitis,excludes2,eczema of external ear (H60.5-),H60.5-,H60
12,L23,Allergic contact dermatitis,excludes2,irritant contact dermatitis (L24.-),L24.-,L24
12,L23,Allergic contact dermatitis,excludes2,perioral dermatitis (L71.0),L71.0,L71
12,L23,Allergic contact dermatitis,excludes2,radiation-related disorders of the skin and subcutaneous tissue (L55-L59),L55-L59,L55
12,L23.3,Allergic contact dermatitis due to drugs in contact with skin,excludes2,dermatitis due to ingested drugs and medicaments (L27.0-L27.1),L27.0-L27.1,L27
12,L23.6,Allergic contact dermatitis due to food in contact with the skin,excludes2,dermatitis due to ingested food (L27.2),L27.2,L27
12,L23.7,"Allergic contact dermatitis due to plants, except food",excludes2,allergy NOS due to pollen (J30.1),J30.1,J30
12,L24,Irritant contact dermatitis,excludes2,allergic contact dermatitis (L23.-),L23.-,L23
12,L24,Irritant contact dermatitis,excludes2,dermatitis due to substances taken internally (L27.-),L27.-,L27
12,L24,Irritant contact dermatitis,excludes2,dermatitis of eyelid (H01.1-),H01.1-,H01
12,L24,Irritant contact dermatitis,excludes2,diaper dermatitis (L22),L22,L22
12,L24,Irritant contact dermatitis,excludes2,eczema of external ear (H60.5-),H60.5-,H60
12,L24,Irritant contact dermatitis,excludes2,perioral dermatitis (L71.0),L71.0,L71
12,L24,Irritant contact dermatitis,excludes2,radiation-related disorders of the skin and subcutaneous tissue (L55-L59),L55-L59,L55
12,L24.6,Irritant contact dermatitis due to food in contact with skin,excludes2,dermatitis due to ingested food (L27.2),L27.2,L27
12,L24.7,"Irritant contact dermatitis due to plants, except food",excludes2,allergy NOS to pollen (J30.1),J30.1,J30
12,L24.A,Irritant contact dermatitis due to friction or contact with body fluids,excludes2,erythema intertrigo (L30.4),L30.4,L30
12,L25,Unspecified contact dermatitis,excludes2,dermatitis due to ingested substances (L27.-),L27.-,L27
12,L25,Unspecified contact dermatitis,excludes2,dermatitis of eyelid (H01.1-),H01.1-,H01
12,L25,Unspecified contact dermatitis,excludes2,eczema of external ear (H60.5-),H60.5-,H60
12,L25,Unspecified contact dermatitis,excludes2,perioral dermatitis (L71.0),L71.0,L71
12,L25,Unspecified contact dermatitis,excludes2,radiation-related disorders of the skin and subcutaneous tissue (L55-L59),L55-L59,L55
12,L25.1,Unspecified contact dermatitis due to drugs in contact with skin,excludes2,dermatitis due to ingested drugs and medicaments (L27.0-L27.1),L27.0-L27.1,L27
12,L25.4,Unspecified contact dermatitis due to food in contact with skin,excludes2,dermatitis due to ingested food (L27.2),L27.2,L27
12,L25.5,"Unspecified contact dermatitis due to plants, except food",excludes2,allergy NOS due to pollen (J30.1),J30.1,J30
12,L27,Dermatitis due to substances taken internally,excludes2,"adverse food reaction, except dermatitis (T78.0-T78.1)",T78.0-T78.1,T78
12,L27,Dermatitis due to substances taken internally,excludes2,contact dermatitis (L23-L25),L23-L25,L23
12,L27,Dermatitis due to substances taken internally,excludes2,drug photoallergic response (L56.1),L56.1,L56
12,L27,Dermatitis due to substances taken internally,excludes2,drug phototoxic response (L56.0),L56.0,L56
12,L27,Dermatitis due to substances taken internally,excludes2,urticaria (L50.-),L50.-,L50
12,L27.2,Dermatitis due to ingested food,excludes2,"dermatitis due to food in contact with skin (L23.6, L24.6, L25.4)",L23.6; L24.6; L25.4,L23; L24; L25
12,L30,Other and unspecified dermatitis,excludes2,contact dermatitis (L23-L25),L23-L25,L23
12,L30,Other and unspecified dermatitis,excludes2,dry skin dermatitis (L85.3),L85.3,L85
12,L30,Other and unspecified dermatitis,excludes2,small plaque parapsoriasis (L41.3),L41.3,L41
12,L30,Other and unspecified dermatitis,excludes2,stasis dermatitis (I87.2),I87.2,I87
12,L50.2,Urticaria due to cold and heat,excludes2,familial cold urticaria (M04.2),M04.2,M04
12,L60,Nail disorders,excludes2,clubbing of nails (R68.3),R68.3,R68
12,L60,Nail disorders,excludes2,onychia and paronychia (L03.0-),L03.0-,L03
12,L70,Acne,excludes2,acne keloid (L73.0),L73.0,L73
12,L72.3,Sebaceous cyst,excludes2,pilar cyst (L72.11),L72.11,L72
12,L72.3,Sebaceous cyst,excludes2,trichilemmal (proliferating) cyst (L72.12),L72.12,L72
12,L74,Eccrine sweat disorders,excludes2,generalized hyperhidrosis (R61),R61,R61
12,L80,Vitiligo,excludes2,vitiligo of eyelids (H02.73-),H02.73-,H02
12,L80,Vitiligo,excludes2,vitiligo of vulva (N90.89),N90.89,N90
12,L81,Other disorders of pigmentation,excludes2,nevus - see Alphabetical Index,,
12,L82,Seborrheic keratosis,excludes2,seborrheic dermatitis (L21.-),L21.-,L21
12,L85,Other epidermal thickening,excludes2,hypertrophic disorders of the skin (L91.-),L91.-,L91
12,L89,Pressure ulcer,excludes2,decubitus (trophic) ulcer of cervix (uteri) (N86),N86,N86
12,L89,Pressure ulcer,excludes2,"diabetic ulcers (E08.621, E08.622, E09.621, E09.622, E10.621, E10.622, E11.621, E11.622, E13.621, E13.622)",E08.621; E08.622; E09.621; E09.622; E10.621; E10.622; E11.621; E11.622; E13.621; E13.622,E08; E09; E10; E11; E13
12,L89,Pressure ulcer,excludes2,non-pressure chronic ulcer of skin (L97.-),L97.-,L97
12,L89,Pressure ulcer,excludes2,skin infections (L00-L08),L00-L08,L00
12,L89,Pressure ulcer,excludes2,"varicose ulcer (I83.0, I83.2)",I83.0; I83.2,I83
12,L90.0,Lichen sclerosus et atrophicus,excludes2,lichen sclerosus of external female genital organs (N90.4),N90.4,N90
12,L90.0,Lichen sclerosus et atrophicus,excludes2,lichen sclerosus of external male genital organs (N48.0),N48.0,N48
12,L90.5,Scar conditions and fibrosis of skin,excludes2,hypertrophic scar (L91.0),L91.0,L91
12,L90.5,Scar conditions and fibrosis of skin,excludes2,keloid scar (L91.0),L91.0,L91
12,L91.0,Hypertrophic scar,excludes2,acne keloid (L73.0),L73.0,L73
12,L91.0,Hypertrophic scar,excludes2,scar NOS (L90.5),L90.5,L90
12,L92,Granulomatous disorders of skin and subcutaneous tissue,excludes2,actinic granuloma (L57.5),L57.5,L57
12,L92.9,"Granulomatous disorder of the skin and subcutaneous tissue, unspecified",excludes2,umbilical granuloma (P83.81),P83.81,P83
12,L97,"Non-pressure chronic ulcer of lower limb, not elsewhere classified",excludes2,pressure ulcer (pressure area) (L89.-),L89.-,L89
12,L97,"Non-pressure chronic ulcer of lower limb, not elsewhere classified",excludes2,skin infections (L00-L08),L00-L08,L00
12,L97,"Non-pressure chronic ulcer of lower limb, not elsewhere classified",excludes2,specific infections classified to A00-B99,,
12,L98.0,Pyogenic granuloma,excludes2,pyogenic granuloma of gingiva (K06.8),K06.8,K06
12,L98.0,Pyogenic granuloma,excludes2,pyogenic granuloma of maxillary alveolar ridge (K04.5),K04.5,K04
12,L98.0,Pyogenic granuloma,excludes2,pyogenic granuloma of oral mucosa (K13.4),K13.4,K13
12,L98.4,"Non-pressure chronic ulcer of skin, not elsewhere classified",excludes2,pressure ulcer (pressure area) (L89.-),L89.-,L89
12,L98.4,"Non-pressure chronic ulcer of skin, not elsewhere classified",excludes2,gangrene (I96),I96,I96
12,L98.4,"Non-pressure chronic ulcer of skin, not elsewhere classified",excludes2,skin infections (L00-L08),L00-L08,L00
12,L98.4,"Non-pressure chronic ulcer of skin, not elsewhere classified",excludes2,specific infections classified to A00-B99,,
12,L98.4,"Non-pressure chronic ulcer of skin, not elsewhere classified",excludes2,ulcer of lower limb NEC (L97.-),L97.-,L97
12,L98.4,"Non-pressure chronic ulcer of skin, not elsewhere classified",excludes2,varicose ulcer (I83.0-I83.93),I83.0-I83.93,I83
12,L98.A,"Non-pressure chronic ulcer of upper limb, not elsewhere classified",excludes2,gangrene (I96),I96,I96
12,L98.A,"Non-pressure chronic ulcer of upper limb, not elsewhere classified",excludes2,pressure ulcer (pressure area) (L89.-),L89.-,L89
12,L98.A,"Non-pressure chronic ulcer of upper limb, not elsewhere classified",excludes2,skin infections (L00-L08),L00-L08,L00
12,L98.A,"Non-pressure chronic ulcer of upper limb, not elsewhere classified",excludes2,specific infections classified to A00-B99,,
12,L98.A,"Non-pressure chronic ulcer of upper limb, not elsewhere classified",excludes2,ulcer of lower limb NEC (L97.-),L97.-,L97
12,L98.A,"Non-pressure chronic ulcer of upper limb, not elsewhere classified",excludes2,varicose ulcer (I83.0-I83.93),I83.0-I83.93,I83
12,L98.7,Excessive and redundant skin and subcutaneous tissue,excludes2,acquired excess or redundant skin of eyelid (H02.3-),H02.3-,H02
12,L98.7,Excessive and redundant skin and subcutaneous tissue,excludes2,congenital excess or redundant skin of eyelid (Q10.3),Q10.3,Q10
12,L98.7,Excessive and redundant skin and subcutaneous tissue,excludes2,skin changes due to chronic exposure to nonionizing radiation (L57.-),L57.-,L57
13,Chapter 13,Diseases of the musculoskeletal system and connective tissue,excludes2,arthropathic psoriasis (L40.5-),L40.5-,L40
13,Chapter 13,Diseases of the musculoskeletal system and connective tissue,excludes2,certain conditions originating in the perinatal period (P04-P96),P04-P96,P04
13,Chapter 13,Diseases of the musculoskeletal system and connective tissue,excludes2,certain infectious and parasitic diseases (A00-B99),A00-B99,A00
13,Chapter 13,Diseases of the musculoskeletal system and connective tissue,excludes2,compartment syndrome (traumatic) (T79.A-),T79.A-,T79
13,Chapter 13,Diseases of the musculoskeletal system and connective tissue,excludes2,"complications of pregnancy, childbirth and the puerperium (O00-O9A)",O00-O9A,O00
13,Chapter 13,Diseases of the musculoskeletal system and connective tissue,excludes2,"congenital malformations, deformations, and chromosomal abnormalities (Q00-Q99)",Q00-Q99,Q00
13,Chapter 13,Diseases of the musculoskeletal system and connective tissue,excludes2,"endocrine, nutritional and metabolic diseases (E00-E88)",E00-E88,E00
13,Chapter 13,Diseases of the musculoskeletal system and connective tissue,excludes2,"injury, poisoning and certain other consequences of external causes (S00-T88)",S00-T88,S00
13,Chapter 13,Diseases of the musculoskeletal system and connective tissue,excludes2,neoplasms (C00-D49),C00-D49,C00
13,Chapter 13,Diseases of the musculoskeletal system and connective tissue,excludes2,"symptoms, signs and abnormal clinical and laboratory findings, not elsewhere classified (R00-R94)",R00-R94,R00
13,M00,Pyogenic arthritis,excludes2,infection and inflammatory reaction due to internal joint prosthesis (T84.5-),T84.5-,T84
13,M04,Autoinflammatory syndromes,excludes2,Crohn's disease (K50.-),K50.-,K50
13,M1A,Chronic gout,excludes2,acute gout (M10.-),M10.-,M10
13,M10,Gout,excludes2,chronic gout (M1A.-),M1A.-,M1A
13,Block M15-M19,Osteoarthritis (M15-M19),excludes2,osteoarthritis of spine (M47.-),M47.-,M47
13,M19,Other and unspecified osteoarthritis,excludes2,arthrosis of spine (M47.-),M47.-,M47
13,M19,Other and unspecified osteoarthritis,excludes2,hallux rigidus (M20.2),M20.2,M20
13,M19,Other and unspecified osteoarthritis,excludes2,osteoarthritis of spine (M47.-),M47.-,M47
13,M19.04,"Primary osteoarthritis, hand",excludes2,"primary osteoarthritis of first carpometacarpal joint (M18.0-, M18.1-)",M18.0-; M18.1-,M18
13,M19.14,"Post-traumatic osteoarthritis, hand",excludes2,"post-traumatic osteoarthritis of first carpometacarpal joint (M18.2-, M18.3-)",M18.2-; M18.3-,M18
13,Block M20-M25,Other joint disorders (M20-M25),excludes2,joints of the spine (M40-M54),M40-M54,M40
13,M20.1,Hallux valgus (acquired),excludes2,bunion (M21.6-),M21.6-,M21
13,M21,Other acquired deformities of limbs,excludes2,acquired deformities of fingers or toes (M20.-),M20.-,M20
13,M21,Other acquired deformities of limbs,excludes2,coxa plana (M91.2),M91.2,M91
13,M21.6,Other acquired deformities of foot,excludes2,deformities of toe (acquired) (M20.1-M20.6-),M20.1-M20.6-,M20
13,M21.8,Other specified acquired deformities of limbs,excludes2,coxa plana (M91.2),M91.2,M91
13,M22,Disorder of patella,excludes2,traumatic dislocation of patella (S83.0-),S83.0-,S83
13,M23,Internal derangement of knee,excludes2,current injury - see injury of knee and lower leg (S80-S89),S80-S89,S80
13,M23,Internal derangement of knee,excludes2,recurrent dislocation or subluxation of joints (M24.4),M24.4,M24
13,M23,Internal derangement of knee,excludes2,recurrent dislocation or subluxation of patella (M22.0-M22.1),M22.0-M22.1,M22
13,M24,Other specific joint derangements,excludes2,ganglion (M67.4),M67.4,M67
13,M24,Other specific joint derangements,excludes2,snapping knee (M23.8-),M23.8-,M23
13,M24,Other specific joint derangements,excludes2,temporomandibular joint disorders (M26.6-),M26.6-,M26
13,M24.0,Loose body in joint,excludes2,loose body in knee (M23.4),M23.4,M23
13,M24.1,Other articular cartilage disorders,excludes2,"chondrocalcinosis (M11.1-, M11.2-)",M11.1-; M11.2-,M11
13,M24.1,Other articular cartilage disorders,excludes2,internal derangement of knee (M23.-),M23.-,M23
13,M24.1,Other articular cartilage disorders,excludes2,metastatic calcification (E83.59),E83.59,E83
13,M24.1,Other articular cartilage disorders,excludes2,ochronosis (E70.29),E70.29,E70
13,M24.2,Disorder of ligament,excludes2,internal derangement of knee (M23.5-M23.8X9),M23.5-M23.8X9,M23
13,M24.4,Recurrent dislocation of joint,excludes2,recurrent dislocation of patella (M22.0-M22.1),M22.0-M22.1,M22
13,M24.4,Recurrent dislocation of joint,excludes2,"recurrent vertebral dislocation (M43.3-, M43.4, M43.5-)",M43.3-; M43.4; M43.5-,M43
13,M24.5,Contracture of joint,excludes2,acquired deformities of limbs (M20-M21),M20-M21,M20
13,M24.6,Ankylosis of joint,excludes2,spine (M43.2-),M43.2-,M43
13,M24.8,"Other specific joint derangements, not elsewhere classified",excludes2,iliotibial band syndrome (M76.3),M76.3,M76
13,M25,"Other joint disorder, not elsewhere classified",excludes2,abnormality of gait and mobility (R26.-),R26.-,R26
13,M25,"Other joint disorder, not elsewhere classified",excludes2,acquired deformities of limb (M20-M21),M20-M21,M20
13,M25,"Other joint disorder, not elsewhere classified",excludes2,calcification of bursa (M71.4-),M71.4-,M71
13,M25,"Other joint disorder, not elsewhere classified",excludes2,calcification of shoulder (joint) (M75.3),M75.3,M75
13,M25,"Other joint disorder, not elsewhere classified",excludes2,calcification of tendon (M65.2-),M65.2-,M65
13,M25,"Other joint disorder, not elsewhere classified",excludes2,difficulty in walking (R26.2),R26.2,R26
13,M25,"Other joint disorder, not elsewhere classified",excludes2,temporomandibular joint disorder (M26.6-),M26.6-,M26
13,M25.3,Other instability of joint,excludes2,spinal instabilities (M53.2-),M53.2-,M53
13,M25.5,Pain in joint,excludes2,pain in hand (M79.64-),M79.64-,M79
13,M25.5,Pain in joint,excludes2,pain in fingers (M79.64-),M79.64-,M79
13,M25.5,Pain in joint,excludes2,pain in foot (M79.67-),M79.67-,M79
13,M25.5,Pain in joint,excludes2,pain in limb (M79.6-),M79.6-,M79
13,M25.5,Pain in joint,excludes2,pain in toes (M79.67-),M79.67-,M79
13,M26.3,Anomalies of tooth position of fully erupted tooth or teeth,excludes2,embedded and impacted teeth (K01.-),K01.-,K01
13,M26.6,Temporomandibular joint disorders,excludes2,current temporomandibular joint dislocation (S03.0),S03.0,S03
13,M26.6,Temporomandibular joint disorders,excludes2,current temporomandibular joint sprain (S03.4),S03.4,S03
13,M27.2,Inflammatory conditions of jaws,excludes2,osteonecrosis of jaw due to drug (M87.180),M87.180,M87
13,M27.63,Post-osseointegration mechanical failure of dental implant,excludes2,cracked tooth (K03.81),K03.81,K03
13,M27.63,Post-osseointegration mechanical failure of dental implant,excludes2,fractured dental restorative material with loss of material (K08.531),K08.531,K08
13,M27.63,Post-osseointegration mechanical failure of dental implant,excludes2,fractured dental restorative material without loss of material (K08.530),K08.530,K08
13,M27.63,Post-osseointegration mechanical failure of dental implant,excludes2,fractured tooth (S02.5),S02.5,S02
13,M35.7,Hypermobility syndrome,excludes2,Ehlers-Danlos syndromes (Q79.6-),Q79.6-,Q79
13,M36,Systemic disorders of connective tissue in diseases classified elsewhere,excludes2,arthropathies in diseases classified elsewhere (M14.-),M14.-,M14
13,M41,Scoliosis,excludes2,postprocedural scoliosis (M96.89),M96.89,M96
13,M41,Scoliosis,excludes2,postradiation scoliosis (M96.5),M96.5,M96
13,M43.2,Fusion of spine,excludes2,arthrodesis status (Z98.1),Z98.1,Z98
13,M43.2,Fusion of spine,excludes2,pseudoarthrosis after fusion or arthrodesis (M96.0),M96.0,M96
13,M43.8,Other specified deforming dorsopathies,excludes2,kyphosis and lordosis (M40.-),M40.-,M40
13,M43.8,Other specified deforming dorsopathies,excludes2,scoliosis (M41.-),M41.-,M41
13,M45,Ankylosing spondylitis,excludes2,Behçet's disease (M35.2),M35.2,M35
13,M50.1,Cervical disc disorder with radiculopathy,excludes2,brachial radiculitis NOS (M54.13),M54.13,M54
13,M51,"Thoracic, thoracolumbar, and lumbosacral intervertebral disc disorders",excludes2,cervical and cervicothoracic disc disorders (M50.-),M50.-,M50
13,M51,"Thoracic, thoracolumbar, and lumbosacral intervertebral disc disorders",excludes2,sacral and sacrococcygeal disorders (M53.3),M53.3,M53
13,M53.1,Cervicobrachial syndrome,excludes2,cervical disc disorder (M50.-),M50.-,M50
13,M53.1,Cervicobrachial syndrome,excludes2,thoracic outlet syndrome (G54.0),G54.0,G54
13,Block M60-M63,Disorders of muscles (M60-M63),excludes2,muscular dystrophies and myopathies (G71-G72),G71-G72,G71
13,M60,Myositis,excludes2,inclusion body myositis [IBM] (G72.41),G72.41,G72
13,M62,Other disorders of muscle,excludes2,nontraumatic hematoma of muscle (M79.81),M79.81,M79
13,M62.1,Other rupture of muscle (nontraumatic),excludes2,rupture of tendon (M66.-),M66.-,M66
13,M62.5,"Muscle wasting and atrophy, not elsewhere classified",excludes2,pelvic muscle wasting (N81.84),N81.84,N81
13,M62.8,Other specified disorders of muscle,excludes2,nontraumatic hematoma of muscle (M79.81),M79.81,M79
13,M66,Spontaneous rupture of synovium and tendon,excludes2,rotator cuff syndrome (M75.1-),M75.1-,M75
13,M66,Spontaneous rupture of synovium and tendon,excludes2,rupture where an abnormal force is applied to normal tissue - see injury of tendon by body region,,
13,M66.1,Rupture of synovium,excludes2,rupture of popliteal cyst (M66.0),M66.0,M66
13,M67.4,Ganglion,excludes2,cyst of bursa (M71.2-M71.3),M71.2-M71.3,M71
13,M67.4,Ganglion,excludes2,cyst of synovium (M71.2-M71.3),M71.2-M71.3,M71
13,M70,"Soft tissue disorders related to use, overuse and pressure",excludes2,bursitis of shoulder (M75.5),M75.5,M75
13,M70,"Soft tissue disorders related to use, overuse and pressure",excludes2,enthesopathies (M76-M77),M76-M77,M76
13,M70,"Soft tissue disorders related to use, overuse and pressure",excludes2,pressure ulcer (pressure area) (L89.-),L89.-,L89
13,M71.4,Calcium deposit in bursa,excludes2,calcium deposit in bursa of shoulder (M75.3),M75.3,M75
13,M71.5,"Other bursitis, not elsewhere classified",excludes2,bursitis of shoulder (M75.5),M75.5,M75
13,M71.5,"Other bursitis, not elsewhere classified",excludes2,bursitis of tibial collateral [Pellegrini-Stieda] (M76.4-),M76.4-,M76
13,M72,Fibroblastic disorders,excludes2,retroperitoneal fibromatosis (D48.3),D48.3,D48
13,M75,Shoulder lesions,excludes2,shoulder-hand syndrome (M89.0-),M89.0-,M89
13,M76,"Enthesopathies, lower limb, excluding foot",excludes2,"bursitis due to use, overuse and pressure (M70.-)",M70.-,M70
13,M76,"Enthesopathies, lower limb, excluding foot",excludes2,enthesopathies of ankle and foot (M77.5-),M77.5-,M77
13,M77,Other enthesopathies,excludes2,"bursitis due to use, overuse and pressure (M70.-)",M70.-,M70
13,M77,Other enthesopathies,excludes2,osteophyte (M25.7),M25.7,M25
13,M77,Other enthesopathies,excludes2,spinal enthesopathy (M46.0-),M46.0-,M46
13,M79.6,"Pain in limb, hand, foot, fingers and toes",excludes2,pain in joint (M25.5-),M25.5-,M25
13,M80,Osteoporosis with current pathological fracture,excludes2,personal history of (healed) osteoporosis fracture (Z87.310),Z87.310,Z87
13,M84,Disorder of continuity of bone,excludes2,"traumatic fracture of bone-see fracture, by site",,
13,M84.3,Stress fracture,excludes2,personal history of (healed) stress (fatigue) fracture (Z87.312),Z87.312,Z87
13,M84.3,Stress fracture,excludes2,stress fracture of vertebra (M48.4-),M48.4-,M48
13,M84.38,"Stress fracture, other site",excludes2,stress fracture of vertebra (M48.4-),M48.4-,M48
13,M84.4,"Pathological fracture, not elsewhere classified",excludes2,personal history of (healed) pathological fracture (Z87.311),Z87.311,Z87
13,M85.0,Fibrous dysplasia (monostotic),excludes2,fibrous dysplasia of jaw (M27.8),M27.8,M27
13,M85.4,Solitary bone cyst,excludes2,solitary cyst of jaw (M27.4),M27.4,M27
13,M85.5,Aneurysmal bone cyst,excludes2,aneurysmal cyst of jaw (M27.4),M27.4,M27
13,M86,Osteomyelitis,excludes2,ostemyelitis of:,,
13,M86,Osteomyelitis,excludes2,orbit (H05.0-),H05.0-,H05
13,M86,Osteomyelitis,excludes2,petrous bone (H70.2-),H70.2-,H70
13,M86,Osteomyelitis,excludes2,vertebra (M46.2-),M46.2-,M46
13,M88.88,Osteitis deformans of other bones,excludes2,osteitis deformans of skull (M88.0),M88.0,M88
13,M88.88,Osteitis deformans of other bones,excludes2,osteitis deformans of vertebrae (M88.1),M88.1,M88
13,M89.5,Osteolysis,excludes2,periprosthetic osteolysis of internal prosthetic joint (T84.05-),T84.05-,T84
13,M93,Other osteochondropathies,excludes2,osteochondrosis of spine (M42.-),M42.-,M42
13,M95,Other acquired deformities of musculoskeletal system and connective tissue,excludes2,acquired absence of limbs and organs (Z89-Z90),Z89-Z90,Z89
13,M95,Other acquired deformities of musculoskeletal system and connective tissue,excludes2,acquired deformities of limbs (M20-M21),M20-M21,M20
13,M95,Other acquired deformities of musculoskeletal system and connective tissue,excludes2,congenital malformations and deformations of the musculoskeletal system (Q65-Q79),Q65-Q79,Q65
13,M95,Other acquired deformities of musculoskeletal system and connective tissue,excludes2,deforming dorsopathies (M40-M43),M40-M43,M40
13,M95,Other acquired deformities of musculoskeletal system and connective tissue,excludes2,dentofacial anomalies [including malocclusion] (M26.-),M26.-,M26
13,M95,Other acquired deformities of musculoskeletal system and connective tissue,excludes2,postprocedural musculoskeletal disorders (M96.-),M96.-,M96
13,M95.0,Acquired deformity of nose,excludes2,deviated nasal septum (J34.2),J34.2,J34
13,M95.1,Cauliflower ear,excludes2,other acquired deformities of ear (H61.1),H61.1,H61
13,M96,"Intraoperative and postprocedural complications and disorders of musculoskeletal system, not elsewhere classified",excludes2,arthropathy following intestinal bypass (M02.0-),M02.0-,M02
13,M96,"Intraoperative and postprocedural complications and disorders of musculoskeletal system, not elsewhere classified",excludes2,"complications of internal orthopedic prosthetic devices, implants and grafts (T84.-)",T84.-,T84
13,M96,"Intraoperative and postprocedural complications and disorders of musculoskeletal system, not elsewhere classified",excludes2,disorders associated with osteoporosis (M80),M80,M80
13,M96,"Intraoperative and postprocedural complications and disorders of musculoskeletal system, not elsewhere classified",excludes2,periprosthetic fracture around internal prosthetic joint (M97.-),M97.-,M97
13,M96,"Intraoperative and postprocedural complications and disorders of musculoskeletal system, not elsewhere classified",excludes2,presence of functional implants and other devices (Z96-Z97),Z96-Z97,Z96
13,M96.6,"Fracture of bone following insertion of orthopedic implant, joint prosthesis, or bone plate",excludes2,"complication of internal orthopedic devices, implants or grafts (T84.-)",T84.-,T84
13,M97,Periprosthetic fracture around internal prosthetic joint,excludes2,"fracture of bone following insertion of orthopedic implant, joint prosthesis or bone plate (M96.6-)",M96.6-,M96
13,M97,Periprosthetic fracture around internal prosthetic joint,excludes2,breakage (fracture) of prosthetic joint (T84.01-),T84.01-,T84
14,Chapter 14,Diseases of the genitourinary system,excludes2,certain conditions originating in the perinatal period (P04-P96),P04-P96,P04
14,Chapter 14,Diseases of the genitourinary system,excludes2,certain infectious and parasitic diseases (A00-B99),A00-B99,A00
14,Chapter 14,Diseases of the genitourinary system,excludes2,"complications of pregnancy, childbirth and the puerperium (O00-O9A)",O00-O9A,O00
14,Chapter 14,Diseases of the genitourinary system,excludes2,"congenital malformations, deformations and chromosomal abnormalities (Q00-Q99)",Q00-Q99,Q00
14,Chapter 14,Diseases of the genitourinary system,excludes2,"endocrine, nutritional and metabolic diseases (E00-E88)",E00-E88,E00
14,Chapter 14,Diseases of the genitourinary system,excludes2,"injury, poisoning and certain other consequences of external causes (S00-T88)",S00-T88,S00
14,Chapter 14,Diseases of the genitourinary system,excludes2,neoplasms (C00-D49),C00-D49,C00
14,Chapter 14,Diseases of the genitourinary system,excludes2,"symptoms, signs and abnormal clinical and laboratory findings, not elsewhere classified (R00-R94)",R00-R94,R00
14,N07,"Hereditary nephropathy, not elsewhere classified",excludes2,Alport's syndrome (Q87.81-),Q87.81-,Q87
14,N07,"Hereditary nephropathy, not elsewhere classified",excludes2,hereditary amyloid nephropathy (E85.-),E85.-,E85
14,N07,"Hereditary nephropathy, not elsewhere classified",excludes2,nail patella syndrome (Q87.2),Q87.2,Q87
14,N07,"Hereditary nephropathy, not elsewhere classified",excludes2,non-neuropathic heredofamilial amyloidosis (E85.-),E85.-,E85
14,N13,Obstructive and reflux uropathy,excludes2,calculus of kidney and ureter without hydronephrosis (N20.-),N20.-,N20
14,N13,Obstructive and reflux uropathy,excludes2,congenital obstructive defects of renal pelvis and ureter (Q62.0-Q62.3),Q62.0-Q62.3,Q62
14,N13,Obstructive and reflux uropathy,excludes2,hydronephrosis with ureteropelvic junction obstruction (Q62.11),Q62.11,Q62
14,N13,Obstructive and reflux uropathy,excludes2,obstructive pyelonephritis (N11.1),N11.1,N11
14,N13.0,Hydronephrosis with ureteropelvic junction obstruction,excludes2,Hydronephrosis with ureteropelvic junction obstruction due to calculus (N13.2),N13.2,N13
14,N14.11,Contrast-induced nephropathy,excludes2,acute kidney failure (N17.-),N17.-,N17
14,Block N17-N19,Acute kidney failure and chronic kidney disease (N17-N19),excludes2,congenital renal failure (P96.0),P96.0,P96
14,Block N17-N19,Acute kidney failure and chronic kidney disease (N17-N19),excludes2,drug- and heavy-metal-induced tubulo-interstitial and tubular conditions (N14.-),N14.-,N14
14,Block N17-N19,Acute kidney failure and chronic kidney disease (N17-N19),excludes2,extrarenal uremia (R39.2),R39.2,R39
14,Block N17-N19,Acute kidney failure and chronic kidney disease (N17-N19),excludes2,hemolytic-uremic syndrome (D59.3-),D59.3-,D59
14,Block N17-N19,Acute kidney failure and chronic kidney disease (N17-N19),excludes2,hepatorenal syndrome (K76.7),K76.7,K76
14,Block N17-N19,Acute kidney failure and chronic kidney disease (N17-N19),excludes2,postpartum hepatorenal syndrome (O90.41),O90.41,O90
14,Block N17-N19,Acute kidney failure and chronic kidney disease (N17-N19),excludes2,posttraumatic renal failure (T79.5),T79.5,T79
14,Block N17-N19,Acute kidney failure and chronic kidney disease (N17-N19),excludes2,prerenal uremia (R39.2),R39.2,R39
14,Block N17-N19,Acute kidney failure and chronic kidney disease (N17-N19),excludes2,"renal failure complicating abortion or ectopic or molar pregnancy (O00-O07, O08.4)",O00-O07; O08.4,O00; O08
14,Block N17-N19,Acute kidney failure and chronic kidney disease (N17-N19),excludes2,renal failure following labor and delivery (O90.41),O90.41,O90
14,Block N17-N19,Acute kidney failure and chronic kidney disease (N17-N19),excludes2,renal failure postprocedural (N99.0),N99.0,N99
14,N17.9,"Acute kidney failure, unspecified",excludes2,traumatic kidney injury (S37.0-),S37.0-,S37
14,N21.0,Calculus in bladder,excludes2,staghorn calculus (N20.0),N20.0,N20
14,N21.1,Calculus in urethra,excludes2,calculus of prostate (N42.0),N42.0,N42
14,Block N25-N29,Other disorders of kidney and ureter (N25-N29),excludes2,disorders of kidney and ureter with urolithiasis (N20-N23),N20-N23,N20
14,N25.0,Renal osteodystrophy,excludes2,metabolic disorders classifiable to E70-E88,,
14,N25.81,Secondary hyperparathyroidism of renal origin,excludes2,metabolic disorders classifiable to E70-E88,,
14,Block N30-N39,Other diseases of the urinary system (N30-N39),excludes2,urinary infection (complicating):,,
14,Block N30-N39,Other diseases of the urinary system (N30-N39),excludes2,"abortion or ectopic or molar pregnancy (O00-O07, O08.8)",O00-O07; O08.8,O00; O08
14,Block N30-N39,Other diseases of the urinary system (N30-N39),excludes2,"pregnancy, childbirth and the puerperium (O23.-, O75.3, O86.2-)",O23.-; O75.3; O86.2-,O23; O75; O86
14,N32,Other disorders of bladder,excludes2,calculus of bladder (N21.0),N21.0,N21
14,N32,Other disorders of bladder,excludes2,cystocele (N81.1-),N81.1-,N81
14,N32,Other disorders of bladder,excludes2,"hernia or prolapse of bladder, female (N81.1-)",N81.1-,N81
14,N34,Urethritis and urethral syndrome,excludes2,Reiter's disease (M02.3-),M02.3-,M02
14,N34,Urethritis and urethral syndrome,excludes2,urethritis in diseases with a predominantly sexual mode of transmission (A50-A64),A50-A64,A50
14,N34,Urethritis and urethral syndrome,excludes2,urethrotrigonitis (N30.3-),N30.3-,N30
14,N39,Other disorders of urinary system,excludes2,hematuria NOS (R31.-),R31.-,R31
14,N39,Other disorders of urinary system,excludes2,recurrent or persistent hematuria (N02.-),N02.-,N02
14,N39,Other disorders of urinary system,excludes2,recurrent or persistent hematuria with specified morphological lesion (N02.-),N02.-,N02
14,N39,Other disorders of urinary system,excludes2,proteinuria NOS (R80.-),R80.-,R80
14,N39.44,Nocturnal enuresis,excludes2,nocturnal polyuria (R35.81),R35.81,R35
14,N40,Benign prostatic hyperplasia,excludes2,malignant neoplasm of prostate (C61),C61,C61
14,N50,Other and unspecified disorders of male genital organs,excludes2,torsion of testis (N44.0-),N44.0-,N44
14,N60.2,Fibroadenosis of breast,excludes2,fibroadenoma of breast (D24.-),D24.-,D24
14,N64,Other disorders of breast,excludes2,mechanical complication of breast prosthesis and implant (T85.4-),T85.4-,T85
14,N64.5,Other signs and symptoms in breast,excludes2,abnormal findings on diagnostic imaging of breast (R92.-),R92.-,R92
14,N73.6,Female pelvic peritoneal adhesions (postinfective),excludes2,postprocedural pelvic peritoneal adhesions (N99.4),N99.4,N99
14,N76,Other inflammation of vagina and vulva,excludes2,senile (atrophic) vaginitis (N95.2),N95.2,N95
14,N76,Other inflammation of vagina and vulva,excludes2,vulvar vestibulitis (N94.810),N94.810,N94
14,N76.81,Mucositis (ulcerative) of vagina and vulva,excludes2,gastrointestinal mucositis (ulcerative) (K92.81),K92.81,K92
14,N76.81,Mucositis (ulcerative) of vagina and vulva,excludes2,nasal mucositis (ulcerative) (J34.81),J34.81,J34
14,N76.81,Mucositis (ulcerative) of vagina and vulva,excludes2,oral mucositis (ulcerative) (K12.3-),K12.3-,K12
14,N81.6,Rectocele,excludes2,perineocele (N81.81),N81.81,N81
14,N81.6,Rectocele,excludes2,rectal prolapse (K62.3),K62.3,K62
14,N83,"Noninflammatory disorders of ovary, fallopian tube and broad ligament",excludes2,hydrosalpinx (N70.1-),N70.1-,N70
14,N88,Other noninflammatory disorders of cervix uteri,excludes2,inflammatory disease of cervix (N72),N72,N72
14,N88,Other noninflammatory disorders of cervix uteri,excludes2,polyp of cervix (N84.1),N84.1,N84
14,N89,Other noninflammatory disorders of vagina,excludes2,senile (atrophic) vaginitis (N95.2),N95.2,N95
14,N95,Menopausal and other perimenopausal disorders,excludes2,postmenopausal osteoporosis (M81.0-),M81.0-,M81
14,N95,Menopausal and other perimenopausal disorders,excludes2,postmenopausal osteoporosis with current pathological fracture (M80.0-),M80.0-,M80
14,N95,Menopausal and other perimenopausal disorders,excludes2,postmenopausal urethritis (N34.2),N34.2,N34
14,N97,Female infertility,excludes2,female infertility associated with:,,
14,N97,Female infertility,excludes2,hypopituitarism (E23.0),E23.0,E23
14,N97,Female infertility,excludes2,Stein-Leventhal syndrome (E28.2),E28.2,E28
14,N97,Female infertility,excludes2,incompetence of cervix uteri (N88.3),N88.3,N88
14,N99,"Intraoperative and postprocedural complications and disorders of genitourinary system, not elsewhere classified",excludes2,irradiation cystitis (N30.4-),N30.4-,N30
14,N99,"Intraoperative and postprocedural complications and disorders of genitourinary system, not elsewhere classified",excludes2,postoophorectomy osteoporosis with current pathological fracture (M80.8-),M80.8-,M80
14,N99,"Intraoperative and postprocedural complications and disorders of genitourinary system, not elsewhere classified",excludes2,postoophorectomy osteoporosis without current pathological fracture (M81.8),M81.8,M81
14,N99.4,Postprocedural pelvic peritoneal adhesions,excludes2,pelvic peritoneal adhesions NOS (N73.6),N73.6,N73
14,N99.4,Postprocedural pelvic peritoneal adhesions,excludes2,postinfective pelvic peritoneal adhesions (N73.6),N73.6,N73
14,N99.5,Complications of stoma of urinary tract,excludes2,mechanical complication of urinary catheter (T83.0-),T83.0-,T83
15,Chapter 15,"Pregnancy, childbirth and the puerperium",excludes2,mental and behavioral disorders associated with the puerperium (F53.-),F53.-,F53
15,Chapter 15,"Pregnancy, childbirth and the puerperium",excludes2,obstetrical tetanus (A34),A34,A34
15,Chapter 15,"Pregnancy, childbirth and the puerperium",excludes2,postpartum necrosis of pituitary gland (E23.0),E23.0,E23
15,Chapter 15,"Pregnancy, childbirth and the puerperium",excludes2,puerperal osteomalacia (M83.0),M83.0,M83
15,O04,Complications following (induced) termination of pregnancy,excludes2,encounter for elective termination of pregnancy (Z33.2),Z33.2,Z33
15,O04,Complications following (induced) termination of pregnancy,excludes2,failed attempted termination of pregnancy (O07.-),O07.-,O07
15,O09.2,Supervision of pregnancy with other poor reproductive or obstetric history,excludes2,pregnancy care for patient with history of recurrent pregnancy loss (O26.2-),O26.2-,O26
15,O09.81,Supervision of pregnancy resulting from assisted reproductive technology,excludes2,gestational carrier status (Z33.3),Z33.3,Z33
15,O10,"Pre-existing hypertension complicating pregnancy, childbirth and the puerperium",excludes2,"pre-existing hypertension with superimposed pre-eclampsia complicating pregnancy, childbirth and the puerperium (O11.-)",O11.-,O11
15,Block O20-O29,Other maternal disorders predominantly related to pregnancy (O20-O29),excludes2,maternal care related to the fetus and amniotic cavity and possible delivery problems (O30-O48),O30-O48,O30
15,Block O20-O29,Other maternal disorders predominantly related to pregnancy (O20-O29),excludes2,"maternal diseases classifiable elsewhere but complicating pregnancy, labor and delivery, and the puerperium (O98-O99)",O98-O99,O98
15,O22,Venous complications and hemorrhoids in pregnancy,excludes2,obstetric pulmonary embolism (O88.-),O88.-,O88
15,O22,Venous complications and hemorrhoids in pregnancy,excludes2,venous complications and hemorrhoids of childbirth and the puerperium (O87.-),O87.-,O87
15,O23,Infections of genitourinary tract in pregnancy,excludes2,"gonococcal infections complicating pregnancy, childbirth and the puerperium (O98.2)",O98.2,O98
15,O23,Infections of genitourinary tract in pregnancy,excludes2,"infections with a predominantly sexual mode of transmission NOS complicating pregnancy, childbirth and the puerperium (O98.3)",O98.3,O98
15,O23,Infections of genitourinary tract in pregnancy,excludes2,"syphilis complicating pregnancy, childbirth and the puerperium (O98.1)",O98.1,O98
15,O23,Infections of genitourinary tract in pregnancy,excludes2,"tuberculosis of genitourinary system complicating pregnancy, childbirth and the puerperium (O98.0)",O98.0,O98
15,O23,Infections of genitourinary tract in pregnancy,excludes2,"venereal disease NOS complicating pregnancy, childbirth and the puerperium (O98.3)",O98.3,O98
15,O26.0,Excessive weight gain in pregnancy,excludes2,"gestational edema (O12.0, O12.2)",O12.0; O12.2,O12
15,O26.6,"Liver and biliary tract disorders in pregnancy, childbirth and the puerperium",excludes2,hepatorenal syndrome following labor and delivery (O90.41),O90.41,O90
15,O29,Complications of anesthesia during pregnancy,excludes2,complications of anesthesia during labor and delivery (O74.-),O74.-,O74
15,O29,Complications of anesthesia during pregnancy,excludes2,complications of anesthesia during the puerperium (O89.-),O89.-,O89
15,O31,Complications specific to multiple gestation,excludes2,"delayed delivery of second twin, triplet, etc. (O63.2)",O63.2,O63
15,O31,Complications specific to multiple gestation,excludes2,malpresentation of one fetus or more (O32.9),O32.9,O32
15,O31,Complications specific to multiple gestation,excludes2,placental transfusion syndromes (O43.0-),O43.0-,O43
15,O34.1,Maternal care for benign tumor of corpus uteri,excludes2,maternal care for benign tumor of cervix (O34.4-),O34.4-,O34
15,O34.1,Maternal care for benign tumor of corpus uteri,excludes2,maternal care for malignant neoplasm of uterus (O9A.1-),O9A.1-,O9A
15,O34.6,Maternal care for abnormality of vagina,excludes2,maternal care for vaginal varices in pregnancy (O22.1-),O22.1-,O22
15,O34.7,Maternal care for abnormality of vulva and perineum,excludes2,maternal care for perineal and vulval varices in pregnancy (O22.1-),O22.1-,O22
15,O35.0,Maternal care for (suspected) central nervous system malformation in fetus,excludes2,chromosomal abnormality in fetus (O35.1-),O35.1-,O35
15,O35.F,"Maternal care for other (suspected) fetal abnormality and damage, fetal musculoskeletal anomalies of trunk",excludes2,"maternal care for other (suspected) fetal abnormality and damage, fetal lower extremities anomalies (O35.H)",O35.H,O35
15,O35.F,"Maternal care for other (suspected) fetal abnormality and damage, fetal musculoskeletal anomalies of trunk",excludes2,"maternal care for other (suspected) fetal abnormality and damage, fetal upper extremities anomalies (O35.G)",O35.G,O35
15,O35.2,Maternal care for (suspected) hereditary disease in fetus,excludes2,chromosomal abnormality in fetus (O35.1-),O35.1-,O35
15,O36,Maternal care for other fetal problems,excludes2,labor and delivery complicated by fetal stress (O77.-),O77.-,O77
15,O43,Placental disorders,excludes2,maternal care for poor fetal growth due to placental insufficiency (O36.5-),O36.5-,O36
15,O43,Placental disorders,excludes2,placenta previa (O44.-),O44.-,O44
15,O43,Placental disorders,excludes2,placental polyp (O90.89),O90.89,O90
15,O43,Placental disorders,excludes2,placentitis (O41.14-),O41.14-,O41
15,O43,Placental disorders,excludes2,premature separation of placenta [abruptio placentae] (O45.-),O45.-,O45
15,O67,"Labor and delivery complicated by intrapartum hemorrhage, not elsewhere classified",excludes2,postpartum hemorrhage (O72.-),O72.-,O72
15,O68,Labor and delivery complicated by abnormality of fetal acid-base balance,excludes2,abnormality in fetal heart rate or rhythm (O76),O76,O76
15,O68,Labor and delivery complicated by abnormality of fetal acid-base balance,excludes2,labor and delivery complicated by meconium in amniotic fluid (O77.0),O77.0,O77
15,O71.5,Other obstetric injury to pelvic organs,excludes2,obstetric periurethral trauma (O71.82),O71.82,O71
15,O75,"Other complications of labor and delivery, not elsewhere classified",excludes2,puerperal (postpartum) infection (O86.-),O86.-,O86
15,O75,"Other complications of labor and delivery, not elsewhere classified",excludes2,puerperal (postpartum) sepsis (O85),O85,O85
15,O75.4,Other complications of obstetric surgery and procedures,excludes2,complications of anesthesia during labor and delivery (O74.-),O74.-,O74
15,O75.4,Other complications of obstetric surgery and procedures,excludes2,disruption of obstetrical (surgical) wound (O90.0-O90.1),O90.0-O90.1,O90
15,O75.4,Other complications of obstetric surgery and procedures,excludes2,hematoma of obstetrical (surgical) wound (O90.2),O90.2,O90
15,O75.4,Other complications of obstetric surgery and procedures,excludes2,infection of obstetrical (surgical) wound (O86.0-),O86.0-,O86
15,O76,Abnormality in fetal heart rate and rhythm complicating labor and delivery,excludes2,fetal metabolic acidemia (O68),O68,O68
15,O76,Abnormality in fetal heart rate and rhythm complicating labor and delivery,excludes2,other fetal stress (O77.0-O77.1),O77.0-O77.1,O77
15,Block O85-O92,Complications predominantly related to the puerperium (O85-O92),excludes2,mental and behavioral disorders associated with the puerperium (F53.-),F53.-,F53
15,Block O85-O92,Complications predominantly related to the puerperium (O85-O92),excludes2,obstetrical tetanus (A34),A34,A34
15,Block O85-O92,Complications predominantly related to the puerperium (O85-O92),excludes2,puerperal osteomalacia (M83.0),M83.0,M83
15,O85,Puerperal sepsis,excludes2,genital tract infection following delivery (O86.1-),O86.1-,O86
15,O85,Puerperal sepsis,excludes2,sepsis during labor (O75.3),O75.3,O75
15,O85,Puerperal sepsis,excludes2,urinary tract infection following delivery (O86.2-),O86.2-,O86
15,O86,Other puerperal infections,excludes2,infection during labor (O75.3),O75.3,O75
15,O86,Other puerperal infections,excludes2,obstetrical tetanus (A34),A34,A34
15,O86.4,Pyrexia of unknown origin following delivery,excludes2,pyrexia during labor (O75.2),O75.2,O75
15,O87,Venous complications and hemorrhoids in the puerperium,excludes2,obstetric embolism (O88.-),O88.-,O88
15,O87,Venous complications and hemorrhoids in the puerperium,excludes2,puerperal septic thrombophlebitis (O86.81),O86.81,O86
15,O87,Venous complications and hemorrhoids in the puerperium,excludes2,venous complications in pregnancy (O22.-),O22.-,O22
15,O98,"Maternal infectious and parasitic diseases classifiable elsewhere but complicating pregnancy, childbirth and the puerperium",excludes2,herpes gestationis (O26.4-),O26.4-,O26
15,O98,"Maternal infectious and parasitic diseases classifiable elsewhere but complicating pregnancy, childbirth and the puerperium",excludes2,"infectious carrier state (O99.82-, O99.83-)",O99.82-; O99.83-,O99
15,O98,"Maternal infectious and parasitic diseases classifiable elsewhere but complicating pregnancy, childbirth and the puerperium",excludes2,obstetrical tetanus (A34),A34,A34
15,O98,"Maternal infectious and parasitic diseases classifiable elsewhere but complicating pregnancy, childbirth and the puerperium",excludes2,puerperal infection (O86.-),O86.-,O86
15,O98,"Maternal infectious and parasitic diseases classifiable elsewhere but complicating pregnancy, childbirth and the puerperium",excludes2,puerperal sepsis (O85),O85,O85
15,O98,"Maternal infectious and parasitic diseases classifiable elsewhere but complicating pregnancy, childbirth and the puerperium",excludes2,when the reason for maternal care is that the disease is known or suspected to have affected the fetus (O35-O36),O35-O36,O35
15,O99,"Other maternal diseases classifiable elsewhere but complicating pregnancy, childbirth and the puerperium",excludes2,when the reason for maternal care is that the condition is known or suspected to have affected the fetus (O35-O36),O35-O36,O35
15,O99.2,"Endocrine, nutritional and metabolic diseases complicating pregnancy, childbirth and the puerperium",excludes2,diabetes mellitus (O24.-),O24.-,O24
15,O99.2,"Endocrine, nutritional and metabolic diseases complicating pregnancy, childbirth and the puerperium",excludes2,malnutrition (O25.-),O25.-,O25
15,O99.2,"Endocrine, nutritional and metabolic diseases complicating pregnancy, childbirth and the puerperium",excludes2,postpartum thyroiditis (O90.5),O90.5,O90
15,O99.34,"Other mental disorders complicating pregnancy, childbirth, and the puerperium",excludes2,postpartum mood disturbance (O90.6),O90.6,O90
15,O99.34,"Other mental disorders complicating pregnancy, childbirth, and the puerperium",excludes2,postnatal psychosis (F53.1),F53.1,F53
15,O99.34,"Other mental disorders complicating pregnancy, childbirth, and the puerperium",excludes2,puerperal psychosis (F53.1),F53.1,F53
15,O99.35,"Diseases of the nervous system complicating pregnancy, childbirth, and the puerperium",excludes2,pregnancy related peripheral neuritis (O26.8-),O26.8-,O26
15,O99.4,"Diseases of the circulatory system complicating pregnancy, childbirth and the puerperium",excludes2,hypertensive disorders (O10-O16),O10-O16,O10
15,O99.4,"Diseases of the circulatory system complicating pregnancy, childbirth and the puerperium",excludes2,obstetric embolism (O88.-),O88.-,O88
15,O99.4,"Diseases of the circulatory system complicating pregnancy, childbirth and the puerperium",excludes2,"venous complications and cerebrovenous sinus thrombosis in labor, childbirth and the puerperium (O87.-)",O87.-,O87
15,O99.4,"Diseases of the circulatory system complicating pregnancy, childbirth and the puerperium",excludes2,venous complications and cerebrovenous sinus thrombosis in pregnancy (O22.-),O22.-,O22
15,O99.6,"Diseases of the digestive system complicating pregnancy, childbirth and the puerperium",excludes2,hemorrhoids in pregnancy (O22.4-),O22.4-,O22
15,O99.6,"Diseases of the digestive system complicating pregnancy, childbirth and the puerperium",excludes2,"liver and biliary tract disorders in pregnancy, childbirth and the puerperium (O26.6-)",O26.6-,O26
15,O99.7,"Diseases of the skin and subcutaneous tissue complicating pregnancy, childbirth and the puerperium",excludes2,herpes gestationis (O26.4),O26.4,O26
15,O99.7,"Diseases of the skin and subcutaneous tissue complicating pregnancy, childbirth and the puerperium",excludes2,pruritic urticarial papules and plaques of pregnancy (PUPPP) (O26.86),O26.86,O26
15,O99.8,"Other specified diseases and conditions complicating pregnancy, childbirth and the puerperium",excludes2,genitourinary infections in pregnancy (O23.-),O23.-,O23
15,O99.8,"Other specified diseases and conditions complicating pregnancy, childbirth and the puerperium",excludes2,infection of genitourinary tract following delivery (O86.1-O86.4),O86.1-O86.4,O86
15,O99.8,"Other specified diseases and conditions complicating pregnancy, childbirth and the puerperium",excludes2,"malignant neoplasm complicating pregnancy, childbirth and the puerperium (O9A.1-)",O9A.1-,O9A
15,O99.8,"Other specified diseases and conditions complicating pregnancy, childbirth and the puerperium",excludes2,maternal care for known or suspected abnormality of maternal pelvic organs (O34.-),O34.-,O34
15,O99.8,"Other specified diseases and conditions complicating pregnancy, childbirth and the puerperium",excludes2,postpartum acute kidney failure (O90.49),O90.49,O90
15,O99.8,"Other specified diseases and conditions complicating pregnancy, childbirth and the puerperium",excludes2,traumatic injuries in pregnancy (O9A.2-),O9A.2-,O9A
15,O9A.1,"Malignant neoplasm complicating pregnancy, childbirth and the puerperium",excludes2,maternal care for benign tumor of corpus uteri (O34.1-),O34.1-,O34
15,O9A.1,"Malignant neoplasm complicating pregnancy, childbirth and the puerperium",excludes2,maternal care for benign tumor of cervix (O34.4-),O34.4-,O34
15,O9A.2,"Injury, poisoning and certain other consequences of external causes complicating pregnancy, childbirth and the puerperium",excludes2,"physical, sexual and psychological abuse complicating pregnancy, childbirth and the puerperium (O9A.3-, O9A.4-, O9A.5-)",O9A.3-; O9A.4-; O9A.5-,O9A
15,O9A.3,"Physical abuse complicating pregnancy, childbirth and the puerperium",excludes2,"sexual abuse complicating pregnancy, childbirth and the puerperium (O9A.4)",O9A.4,O9A
16,Chapter 16,Certain conditions originating in the perinatal period,excludes2,"congenital malformations, deformations and chromosomal abnormalities (Q00-Q99)",Q00-Q99,Q00
16,Chapter 16,Certain conditions originating in the perinatal period,excludes2,"endocrine, nutritional and metabolic diseases (E00-E88)",E00-E88,E00
16,Chapter 16,Certain conditions originating in the perinatal period,excludes2,"injury, poisoning and certain other consequences of external causes (S00-T88)",S00-T88,S00
16,Chapter 16,Certain conditions originating in the perinatal period,excludes2,neoplasms (C00-D49),C00-D49,C00
16,Chapter 16,Certain conditions originating in the perinatal period,excludes2,tetanus neonatorum (A33),A33,A33
16,P00,Newborn affected by maternal conditions that may be unrelated to present pregnancy,excludes2,encounter for observation of newborn for suspected diseases and conditions ruled out (Z05.-),Z05.-,Z05
16,P00,Newborn affected by maternal conditions that may be unrelated to present pregnancy,excludes2,newborn affected by maternal complications of pregnancy (P01.-),P01.-,P01
16,P00,Newborn affected by maternal conditions that may be unrelated to present pregnancy,excludes2,newborn affected by maternal endocrine and metabolic disorders (P70-P74),P70-P74,P70
16,P00,Newborn affected by maternal conditions that may be unrelated to present pregnancy,excludes2,newborn affected by noxious substances transmitted via placenta or breast milk (P04.-),P04.-,P04
16,P00.2,Newborn affected by maternal infectious and parasitic diseases,excludes2,infections specific to the perinatal period (P35-P39),P35-P39,P35
16,P00.2,Newborn affected by maternal infectious and parasitic diseases,excludes2,newborn affected by (positive) maternal group B streptococcus (GBS) colonization (P00.82),P00.82,P00
16,P00.6,Newborn affected by surgical procedure on mother,excludes2,newborn affected by complication of (fetal) intrauterine procedure (P96.5),P96.5,P96
16,P00.89,Newborn affected by other maternal conditions,excludes2,newborn affected by positive maternal group B streptococcus (GBS) colonization (P00.82),P00.82,P00
16,P01,Newborn affected by maternal complications of pregnancy,excludes2,encounter for observation of newborn for suspected diseases and conditions ruled out (Z05.-),Z05.-,Z05
16,P02,"Newborn affected by complications of placenta, cord and membranes",excludes2,encounter for observation of newborn for suspected diseases and conditions ruled out (Z05.-),Z05.-,Z05
16,P03,Newborn affected by other complications of labor and delivery,excludes2,encounter for observation of newborn for suspected diseases and conditions ruled out (Z05.-),Z05.-,Z05
16,P04,Newborn affected by noxious substances transmitted via placenta or breast milk,excludes2,congenital malformations (Q00-Q99),Q00-Q99,Q00
16,P04,Newborn affected by noxious substances transmitted via placenta or breast milk,excludes2,encounter for observation of newborn for suspected diseases and conditions ruled out (Z05.-),Z05.-,Z05
16,P04,Newborn affected by noxious substances transmitted via placenta or breast milk,excludes2,neonatal jaundice from excessive hemolysis due to drugs or toxins transmitted from mother (P58.4),P58.4,P58
16,P04,Newborn affected by noxious substances transmitted via placenta or breast milk,excludes2,newborn in contact with and (suspected) exposures hazardous to health not transmitted via placenta or breast milk (Z77.-),Z77.-,Z77
16,P04.0,"Newborn affected by maternal anesthesia and analgesia in pregnancy, labor and delivery",excludes2,newborn affected by other maternal medication (P04.1-),P04.1-,P04
16,P04.1,Newborn affected by other maternal medication,excludes2,"maternal anesthesia and analgesia in pregnancy, labor and delivery (P04.0)",P04.0,P04
16,P04.1,Newborn affected by other maternal medication,excludes2,maternal use of drugs of addiction (P04.4-),P04.4-,P04
16,P04.2,Newborn affected by maternal use of tobacco,excludes2,newborn exposure to environmental tobacco smoke (P96.81),P96.81,P96
16,P04.42,Newborn affected by maternal use of hallucinogens,excludes2,newborn affected by other maternal medication (P04.1-),P04.1-,P04
16,P04.49,Newborn affected by maternal use of other drugs of addiction,excludes2,newborn affected by maternal anesthesia and analgesia (P04.0),P04.0,P04
16,P04.49,Newborn affected by maternal use of other drugs of addiction,excludes2,withdrawal symptoms from maternal use of drugs of addiction (P96.1),P96.1,P96
16,P09,Abnormal findings on neonatal screening,excludes2,nonspecific serologic evidence of human immunodeficiency virus [HIV] (R75),R75,R75
16,P09.6,Abnormal findings on neonatal hearing screening,excludes2,encounter for hearing examination following failed hearing screening (Z01.110),Z01.110,Z01
16,P13,Birth injury to skeleton,excludes2,birth injury to spine (P11.5),P11.5,P11
16,P22.0,Respiratory distress syndrome of newborn,excludes2,respiratory arrest of newborn (P28.81),P28.81,P28
16,P22.0,Respiratory distress syndrome of newborn,excludes2,respiratory failure of newborn NOS (P28.5),P28.5,P28
16,P27,Chronic respiratory disease originating in the perinatal period,excludes2,respiratory distress of newborn (P22.0-P22.9),P22.0-P22.9,P22
16,P28.3,Primary sleep apnea of newborn,excludes2,other apnea of newborn (P28.4-),P28.4-,P28
16,P28.4,Other apnea of newborn,excludes2,primary sleep apnea of newborn (P28.3-),P28.3-,P28
16,P28.5,Respiratory failure of newborn,excludes2,respiratory arrest of newborn (P28.81),P28.81,P28
16,P28.5,Respiratory failure of newborn,excludes2,respiratory distress of newborn (P22.0),P22.0,P22
16,P29,Cardiovascular disorders originating in the perinatal period,excludes2,congenital malformations of the circulatory system (Q20-Q28),Q20-Q28,Q20
16,Block P35-P39,Infections specific to the perinatal period (P35-P39),excludes2,asymptomatic human immunodeficiency virus [HIV] infection status (Z21),Z21,Z21
16,Block P35-P39,Infections specific to the perinatal period (P35-P39),excludes2,congenital gonococcal infection (A54.-),A54.-,A54
16,Block P35-P39,Infections specific to the perinatal period (P35-P39),excludes2,congenital pneumonia (P23.-),P23.-,P23
16,Block P35-P39,Infections specific to the perinatal period (P35-P39),excludes2,congenital syphilis (A50.-),A50.-,A50
16,Block P35-P39,Infections specific to the perinatal period (P35-P39),excludes2,human immunodeficiency virus [HIV] disease (B20),B20,B20
16,Block P35-P39,Infections specific to the perinatal period (P35-P39),excludes2,infant botulism (A48.51),A48.51,A48
16,Block P35-P39,Infections specific to the perinatal period (P35-P39),excludes2,"infectious diseases not specific to the perinatal period (A00-B99, J09, J10.-)",A00-B99; J09; J10.-,A00; J09; J10
16,Block P35-P39,Infections specific to the perinatal period (P35-P39),excludes2,intestinal infectious disease (A00-A09),A00-A09,A00
16,Block P35-P39,Infections specific to the perinatal period (P35-P39),excludes2,laboratory evidence of human immunodeficiency virus [HIV] (R75),R75,R75
16,Block P35-P39,Infections specific to the perinatal period (P35-P39),excludes2,tetanus neonatorum (A33),A33,A33
16,P37,Other congenital infectious and parasitic diseases,excludes2,congenital syphilis (A50.-),A50.-,A50
16,P37,Other congenital infectious and parasitic diseases,excludes2,infectious neonatal diarrhea (A00-A09),A00-A09,A00
16,P37,Other congenital infectious and parasitic diseases,excludes2,necrotizing enterocolitis in newborn (P77.-),P77.-,P77
16,P37,Other congenital infectious and parasitic diseases,excludes2,noninfectious neonatal diarrhea (P78.3),P78.3,P78
16,P37,Other congenital infectious and parasitic diseases,excludes2,ophthalmia neonatorum due to gonococcus (A54.31),A54.31,A54
16,P37,Other congenital infectious and parasitic diseases,excludes2,tetanus neonatorum (A33),A33,A33
16,P54.5,Neonatal cutaneous hemorrhage,excludes2,bruising of scalp due to birth injury (P12.3),P12.3,P12
16,P54.5,Neonatal cutaneous hemorrhage,excludes2,cephalhematoma due to birth injury (P12.0),P12.0,P12
16,P74.421,Hyperchloremia of newborn,excludes2,late metabolic acidosis of the newborn (P74.0),P74.0,P74
16,P83,Other conditions of integument specific to newborn,excludes2,cradle cap (L21.0),L21.0,L21
16,P83,Other conditions of integument specific to newborn,excludes2,diaper [napkin] dermatitis (L22),L22,L22
16,P83.81,Umbilical granuloma,excludes2,"Granulomatous disorder of the skin and subcutaneous tissue, unspecified (L92.9)",L92.9,L92
16,P91.82,Neonatal cerebral infarction,excludes2,intracranial hemorrhage of newborn (P52.-),P52.-,P52
16,P92,Feeding problems of newborn,excludes2,feeding problems in child over 28 days old (R63.3-),R63.3-,R63
16,P96.5,Complication to newborn due to (fetal) intrauterine procedure,excludes2,newborn affected by amniocentesis (P00.6),P00.6,P00
16,P96.81,Exposure to (parental) (environmental) tobacco smoke in the perinatal period,excludes2,newborn affected by in utero exposure to tobacco (P04.2),P04.2,P04
16,P96.81,Exposure to (parental) (environmental) tobacco smoke in the perinatal period,excludes2,exposure to environmental tobacco smoke after the perinatal period (Z77.22),Z77.22,Z77
17,Chapter 17,"Congenital malformations, deformations, chromosomal abnormalities, and genetic disorders",excludes2,inborn errors of metabolism (E70-E88),E70-E88,E70
17,Q07,Other congenital malformations of nervous system,excludes2,congenital central alveolar hypoventilation syndrome (G47.35),G47.35,G47
17,Q07,Other congenital malformations of nervous system,excludes2,familial dysautonomia [Riley-Day] (G90.1),G90.1,G90
17,Q07,Other congenital malformations of nervous system,excludes2,neurofibromatosis (nonmalignant) (Q85.0-),Q85.0-,Q85
17,Block Q10-Q18,"Congenital malformations of eye, ear, face and neck (Q10-Q18)",excludes2,cleft lip and cleft palate (Q35-Q37),Q35-Q37,Q35
17,Block Q10-Q18,"Congenital malformations of eye, ear, face and neck (Q10-Q18)",excludes2,"congenital malformation of cervical spine (Q05.0, Q05.5, Q67.5, Q76.0-Q76.4)",Q05.0; Q05.5; Q67.5; Q76.0-Q76.4,Q05; Q67; Q76
17,Block Q10-Q18,"Congenital malformations of eye, ear, face and neck (Q10-Q18)",excludes2,congenital malformation of larynx (Q31.-),Q31.-,Q31
17,Block Q10-Q18,"Congenital malformations of eye, ear, face and neck (Q10-Q18)",excludes2,congenital malformation of lip NEC (Q38.0),Q38.0,Q38
17,Block Q10-Q18,"Congenital malformations of eye, ear, face and neck (Q10-Q18)",excludes2,congenital malformation of nose (Q30.-),Q30.-,Q30
17,Block Q10-Q18,"Congenital malformations of eye, ear, face and neck (Q10-Q18)",excludes2,congenital malformation of parathyroid gland (Q89.2),Q89.2,Q89
17,Block Q10-Q18,"Congenital malformations of eye, ear, face and neck (Q10-Q18)",excludes2,congenital malformation of thyroid gland (Q89.2),Q89.2,Q89
17,Q14,Congenital malformations of posterior segment of eye,excludes2,optic nerve hypoplasia (H47.03-),H47.03-,H47
17,Q21.1,Atrial septal defect,excludes2,ostium primum atrial septal defect (type I) (Q21.20),Q21.20,Q21
17,Q27,Other congenital malformations of peripheral vascular system,excludes2,anomalies of cerebral and precerebral vessels (Q28.0-Q28.3),Q28.0-Q28.3,Q28
17,Q27,Other congenital malformations of peripheral vascular system,excludes2,anomalies of coronary vessels (Q24.5),Q24.5,Q24
17,Q27,Other congenital malformations of peripheral vascular system,excludes2,anomalies of pulmonary artery (Q25.5-Q25.7),Q25.5-Q25.7,Q25
17,Q27,Other congenital malformations of peripheral vascular system,excludes2,congenital retinal aneurysm (Q14.1),Q14.1,Q14
17,Q27,Other congenital malformations of peripheral vascular system,excludes2,hemangioma and lymphangioma (D18.-),D18.-,D18
17,Q27.3,Arteriovenous malformation (peripheral),excludes2,arteriovenous malformation of cerebral vessels (Q28.2),Q28.2,Q28
17,Q27.3,Arteriovenous malformation (peripheral),excludes2,arteriovenous malformation of precerebral vessels (Q28.0),Q28.0,Q28
17,Q28,Other congenital malformations of circulatory system,excludes2,congenital peripheral aneurysm (Q27.8),Q27.8,Q27
17,Q28,Other congenital malformations of circulatory system,excludes2,congenital pulmonary aneurysm (Q25.79),Q25.79,Q25
17,Q28,Other congenital malformations of circulatory system,excludes2,congenital retinal aneurysm (Q14.1),Q14.1,Q14
17,Q28.8,Other specified congenital malformations of circulatory system,excludes2,disorders of pyrophosphate metabolism (E83.82-),E83.82-,E83
17,Q34,Other congenital malformations of respiratory system,excludes2,congenital central alveolar hypoventilation syndrome (G47.35),G47.35,G47
17,Block Q35-Q37,Cleft lip and cleft palate (Q35-Q37),excludes2,Robin's syndrome (Q87.0),Q87.0,Q87
17,Q45,Other congenital malformations of digestive system,excludes2,congenital diaphragmatic hernia (Q79.0),Q79.0,Q79
17,Q45,Other congenital malformations of digestive system,excludes2,congenital hiatus hernia (Q40.1),Q40.1,Q40
17,Q68,Other congenital musculoskeletal deformities,excludes2,congenital myotonic chondrodystrophy (G71.13),G71.13,G71
17,Q77,Osteochondrodysplasia with defects of growth of tubular bones and spine,excludes2,congenital myotonic chondrodystrophy (G71.13),G71.13,G71
17,Q78,Other osteochondrodysplasias,excludes2,congenital myotonic chondrodystrophy (G71.13),G71.13,G71
17,Q79,"Congenital malformations of musculoskeletal system, not elsewhere classified",excludes2,congenital (sternomastoid) torticollis (Q68.0),Q68.0,Q68
17,Q82.5,Congenital non-neoplastic nevus,excludes2,Café au lait spots (L81.3),L81.3,L81
17,Q82.5,Congenital non-neoplastic nevus,excludes2,lentigo (L81.4),L81.4,L81
17,Q82.5,Congenital non-neoplastic nevus,excludes2,nevus NOS (D22.-),D22.-,D22
17,Q82.5,Congenital non-neoplastic nevus,excludes2,araneus nevus (I78.1),I78.1,I78
17,Q82.5,Congenital non-neoplastic nevus,excludes2,melanocytic nevus (D22.-),D22.-,D22
17,Q82.5,Congenital non-neoplastic nevus,excludes2,pigmented nevus (D22.-),D22.-,D22
17,Q82.5,Congenital non-neoplastic nevus,excludes2,spider nevus (I78.1),I78.1,I78
17,Q82.5,Congenital non-neoplastic nevus,excludes2,stellar nevus (I78.1),I78.1,I78
17,Q82.6,Congenital sacral dimple,excludes2,pilonidal cyst with abscess (L05.01),L05.01,L05
17,Q82.6,Congenital sacral dimple,excludes2,pilonidal cyst without abscess (L05.91),L05.91,L05
17,Q82.8,Other specified congenital malformations of skin,excludes2,disorders of pyrophosphate metabolism (E83.82-),E83.82-,E83
17,Q83,Congenital malformations of breast,excludes2,absence of pectoral muscle (Q79.8),Q79.8,Q79
17,Q83,Congenital malformations of breast,excludes2,hypoplasia of breast (N64.82),N64.82,N64
17,Q83,Congenital malformations of breast,excludes2,micromastia (N64.82),N64.82,N64
17,Q86,"Congenital malformation syndromes due to known exogenous causes, not elsewhere classified",excludes2,iodine-deficiency-related hypothyroidism (E00-E02),E00-E02,E00
17,Q86,"Congenital malformation syndromes due to known exogenous causes, not elsewhere classified",excludes2,nonteratogenic effects of substances transmitted via placenta or breast milk (P04.-),P04.-,P04
17,Block Q90-Q99,"Chromosomal abnormalities, not elsewhere classified (Q90-Q99)",excludes2,mitochondrial metabolic disorders (E88.4-),E88.4-,E88
17,QA1,"Genetic disorders associated with neoplasms, not elsewhere classified",excludes2,multiple endocrine neoplasia [MEN] syndromes (E31.2-),E31.2-,E31
18,Chapter 18,"Symptoms, signs and abnormal clinical and laboratory findings, not elsewhere classified",excludes2,abnormal findings on antenatal screening of mother (O28.-),O28.-,O28
18,Chapter 18,"Symptoms, signs and abnormal clinical and laboratory findings, not elsewhere classified",excludes2,certain conditions originating in the perinatal period (P04-P96),P04-P96,P04
18,Chapter 18,"Symptoms, signs and abnormal clinical and laboratory findings, not elsewhere classified",excludes2,signs and symptoms classified in the body system chapters,,
18,Chapter 18,"Symptoms, signs and abnormal clinical and laboratory findings, not elsewhere classified",excludes2,"signs and symptoms of breast (N63, N64.5)",N63; N64.5,N63; N64
18,R00,Abnormalities of heart beat,excludes2,specified arrhythmias (I47-I49),I47-I49,I47
18,R04.1,Hemorrhage from throat,excludes2,hemoptysis (R04.2),R04.2,R04
18,R05,Cough,excludes2,cough with hemorrhage (R04.2),R04.2,R04
18,R06.5,Mouth breathing,excludes2,dry mouth NOS (R68.2),R68.2,R68
18,R07,Pain in throat and chest,excludes2,jaw pain R68.84,,
18,R07,Pain in throat and chest,excludes2,pain in breast (N64.4),N64.4,N64
18,R07.0,Pain in throat,excludes2,dysphagia (R13.1-),R13.1-,R13
18,R07.0,Pain in throat,excludes2,pain in neck (M54.2),M54.2,M54
18,R09.0,Asphyxia and hypoxemia,excludes2,hypercapnia (R06.89),R06.89,R06
18,R09.89,Other specified symptoms and signs involving the circulatory and respiratory systems,excludes2,foreign body in throat (T17.2-),T17.2-,T17
18,R09.89,Other specified symptoms and signs involving the circulatory and respiratory systems,excludes2,wheezing (R06.2),R06.2,R06
18,Block R10-R19,Symptoms and signs involving the digestive system and abdomen (R10-R19),excludes2,congenital or infantile pylorospasm (Q40.0),Q40.0,Q40
18,Block R10-R19,Symptoms and signs involving the digestive system and abdomen (R10-R19),excludes2,gastrointestinal hemorrhage (K92.0-K92.2),K92.0-K92.2,K92
18,Block R10-R19,Symptoms and signs involving the digestive system and abdomen (R10-R19),excludes2,intestinal obstruction (K56.-),K56.-,K56
18,Block R10-R19,Symptoms and signs involving the digestive system and abdomen (R10-R19),excludes2,newborn gastrointestinal hemorrhage (P54.0-P54.3),P54.0-P54.3,P54
18,Block R10-R19,Symptoms and signs involving the digestive system and abdomen (R10-R19),excludes2,newborn intestinal obstruction (P76.-),P76.-,P76
18,Block R10-R19,Symptoms and signs involving the digestive system and abdomen (R10-R19),excludes2,pylorospasm (K31.3),K31.3,K31
18,Block R10-R19,Symptoms and signs involving the digestive system and abdomen (R10-R19),excludes2,signs and symptoms involving the urinary system (R30-R39),R30-R39,R30
18,Block R10-R19,Symptoms and signs involving the digestive system and abdomen (R10-R19),excludes2,symptoms referable to female genital organs (N94.-),N94.-,N94
18,Block R10-R19,Symptoms and signs involving the digestive system and abdomen (R10-R19),excludes2,symptoms referable to male genital organs (N48-N50),N48-N50,N48
18,R10,Abdominal and pelvic pain,excludes2,costovertebral (angle) tenderness (R39.85),R39.85,R39
18,R10,Abdominal and pelvic pain,excludes2,dorsalgia (M54.-),M54.-,M54
18,R10,Abdominal and pelvic pain,excludes2,flatulence and related conditions (R14.-),R14.-,R14
18,R10.1,Pain localized to upper abdomen,excludes2,pain localized to flank (R10.A-),R10.A-,R10
18,R10.1,Pain localized to upper abdomen,excludes2,pelvic and perineal pain (R10.2-),R10.2-,R10
18,R10.2,Pelvic and perineal pain,excludes2,pain localized to other parts of lower abdomen (R10.3-),R10.3-,R10
18,R10.2,Pelvic and perineal pain,excludes2,pain localized to upper abdomen (R10.1-),R10.1-,R10
18,R10.3,Pain localized to other parts of lower abdomen,excludes2,pain localized to flank (R10.A-),R10.A-,R10
18,R10.3,Pain localized to other parts of lower abdomen,excludes2,pelvic and perineal pain (R10.2-),R10.2-,R10
18,R10.81,Abdominal tenderness,excludes2,pain localized to other parts of lower abdomen (R10.3-),R10.3-,R10
18,R10.81,Abdominal tenderness,excludes2,pain localized to upper abdomen (R10.1-),R10.1-,R10
18,R10.82,Rebound abdominal tenderness,excludes2,pain localized to other parts of lower abdomen (R10.3-),R10.3-,R10
18,R10.82,Rebound abdominal tenderness,excludes2,pain localized to upper abdomen (R10.1-),R10.1-,R10
18,R10.A,Pain localized to flank,excludes2,pain localized to other parts of lower abdomen (R10.3-),R10.3-,R10
18,R10.A,Pain localized to flank,excludes2,pain localized to upper abdomen (R10.1-),R10.1-,R10
18,R11.15,Cyclical vomiting syndrome unrelated to migraine,excludes2,bulimia nervosa (F50.20),F50.20,F50
18,R11.15,Cyclical vomiting syndrome unrelated to migraine,excludes2,diabetes mellitus due to underlying condition (E08.-),E08.-,E08
18,R12,Heartburn,excludes2,dyspepsia NOS (R10.13),R10.13,R10
18,R15.0,Incomplete defecation,excludes2,constipation (K59.0-),K59.0-,K59
18,R15.0,Incomplete defecation,excludes2,fecal impaction (K56.41),K56.41,K56
18,Block R20-R23,Symptoms and signs involving the skin and subcutaneous tissue (R20-R23),excludes2,symptoms relating to breast (N64.4-N64.5),N64.4-N64.5,N64
18,R22.2,"Localized swelling, mass and lump, trunk",excludes2,breast mass and lump (N63),N63,N63
18,R25.2,Cramp and spasm,excludes2,carpopedal spasm (R29.0),R29.0,R29
18,R25.2,Cramp and spasm,excludes2,charley-horse (M62.831),M62.831,M62
18,R25.2,Cramp and spasm,excludes2,infantile spasms (G40.4-),G40.4-,G40
18,R25.2,Cramp and spasm,excludes2,muscle spasm of back (M62.830),M62.830,M62
18,R25.2,Cramp and spasm,excludes2,muscle spasm of calf (M62.831),M62.831,M62
18,R26.2,"Difficulty in walking, not elsewhere classified",excludes2,unsteadiness on feet (R26.81),R26.81,R26
18,R29.2,Abnormal reflex,excludes2,abnormal pupillary reflex (H57.0),H57.0,H57
18,R29.2,Abnormal reflex,excludes2,hyperactive gag reflex (J39.2),J39.2,J39
18,R29.2,Abnormal reflex,excludes2,vasovagal reaction or syncope (R55),R55,R55
18,R29.6,Repeated falls,excludes2,at risk for falling (Z91.81),Z91.81,Z91
18,R29.6,Repeated falls,excludes2,history of falling (Z91.81),Z91.81,Z91
18,R29.89,Other symptoms and signs involving the musculoskeletal system,excludes2,pain in limb (M79.6-),M79.6-,M79
18,R35.81,Nocturnal polyuria,excludes2,nocturnal enuresis (N39.44),N39.44,N39
18,R39.85,Costovertebral (angle) tenderness,excludes2,abdominal and pelvic pain (R10.-),R10.-,R10
18,Block R40-R46,"Symptoms and signs involving cognition, perception, emotional state and behavior (R40-R46)",excludes2,symptoms and signs constituting part of a pattern of mental disorder (F01-F99),F01-F99,F01
18,R44,Other symptoms and signs involving general sensations and perceptions,excludes2,disturbances of skin sensation (R20.-),R20.-,R20
18,R51,Headache,excludes2,atypical face pain (G50.1),G50.1,G50
18,R51,Headache,excludes2,migraine and other headache syndromes (G43-G44),G43-G44,G43
18,R51,Headache,excludes2,trigeminal neuralgia (G50.0),G50.0,G50
18,R53.83,Other fatigue,excludes2,exhaustion and fatigue due to depressive episode (F32.-),F32.-,F32
18,R57.0,Cardiogenic shock,excludes2,septic shock (R65.21),R65.21,R65
18,R60.1,Generalized edema,excludes2,nutritional edema (E40-E46),E40-E46,E40
18,R63.3,Feeding difficulties,excludes2,eating disorders (F50.-),F50.-,F50
18,R63.3,Feeding difficulties,excludes2,feeding problems of newborn (P92.-),P92.-,P92
18,R63.3,Feeding difficulties,excludes2,infant feeding disorder of nonorganic origin (F98.2-),F98.2-,F98
18,R68.2,"Dry mouth, unspecified",excludes2,salivary gland hyposecretion (K11.7),K11.7,K11
18,Block R70-R79,"Abnormal findings on examination of blood, without diagnosis (R70-R79)",excludes2,abnormal findings on antenatal screening of mother (O28.-),O28.-,O28
18,Block R70-R79,"Abnormal findings on examination of blood, without diagnosis (R70-R79)",excludes2,abnormalities of lipids (E78.-),E78.-,E78
18,Block R70-R79,"Abnormal findings on examination of blood, without diagnosis (R70-R79)",excludes2,abnormalities of platelets and thrombocytes (D69.-),D69.-,D69
18,Block R70-R79,"Abnormal findings on examination of blood, without diagnosis (R70-R79)",excludes2,abnormalities of white blood cells classified elsewhere (D70-D72),D70-D72,D70
18,Block R70-R79,"Abnormal findings on examination of blood, without diagnosis (R70-R79)",excludes2,coagulation hemorrhagic disorders (D65-D68),D65-D68,D65
18,Block R70-R79,"Abnormal findings on examination of blood, without diagnosis (R70-R79)",excludes2,diagnostic abnormal findings classified elsewhere - see Alphabetical Index,,
18,Block R70-R79,"Abnormal findings on examination of blood, without diagnosis (R70-R79)",excludes2,hemorrhagic and hematological disorders of newborn (P50-P61),P50-P61,P50
18,R78,"Findings of drugs and other substances, not normally found in blood",excludes2,mental or behavioral disorders due to psychoactive substance use (F10-F19),F10-F19,F10
18,R79,Other abnormal findings of blood chemistry,excludes2,hyperglycemia NOS (R73.9),R73.9,R73
18,R79.1,Abnormal coagulation profile,excludes2,"abnormality of fluid, electrolyte or acid-base balance (E86-E87)",E86-E87,E86
18,R82,Other and unspecified abnormal findings in urine,excludes2,hematuria (R31.-),R31.-,R31
18,Block R83-R89,"Abnormal findings on examination of other body fluids, substances and tissues, without diagnosis (R83-R89)",excludes2,"abnormal findings on examination of blood, without diagnosis (R70-R79)",R70-R79,R70
18,Block R83-R89,"Abnormal findings on examination of other body fluids, substances and tissues, without diagnosis (R83-R89)",excludes2,"abnormal findings on examination of urine, without diagnosis (R80-R82)",R80-R82,R80
18,Block R83-R89,"Abnormal findings on examination of other body fluids, substances and tissues, without diagnosis (R83-R89)",excludes2,abnormal tumor markers (R97.-),R97.-,R97
18,R85.61,Abnormal cytologic smear of anus,excludes2,anal high risk human papillomavirus (HPV) DNA test positive (R85.81),R85.81,R85
18,R85.61,Abnormal cytologic smear of anus,excludes2,anal low risk human papillomavirus (HPV) DNA test positive (R85.82),R85.82,R85
18,R87.61,Abnormal cytological findings in specimens from cervix uteri,excludes2,cervical high risk human papillomavirus (HPV) DNA test positive (R87.810),R87.810,R87
18,R87.61,Abnormal cytological findings in specimens from cervix uteri,excludes2,cervical low risk human papillomavirus (HPV) DNA test positive (R87.820),R87.820,R87
18,R87.62,Abnormal cytological findings in specimens from vagina,excludes2,vaginal high risk human papillomavirus (HPV) DNA test positive (R87.811),R87.811,R87
18,R87.62,Abnormal cytological findings in specimens from vagina,excludes2,vaginal low risk human papillomavirus (HPV) DNA test positive (R87.821),R87.821,R87
18,R92.0,Mammographic microcalcification found on diagnostic imaging of breast,excludes2,mammographic calcification (calculus) found on diagnostic imaging of breast (R92.1),R92.1,R92
18,R93.4,Abnormal findings on diagnostic imaging of urinary organs,excludes2,hypertrophy of kidney (N28.81),N28.81,N28
18,R93.6,Abnormal findings on diagnostic imaging of limbs,excludes2,abnormal finding in skin and subcutaneous tissue (R93.8-),R93.8-,R93
18,R93.7,Abnormal findings on diagnostic imaging of other parts of musculoskeletal system,excludes2,abnormal findings on diagnostic imaging of skull (R93.0),R93.0,R93
18,R94.7,Abnormal results of other endocrine function studies,excludes2,abnormal glucose (R73.0-),R73.0-,R73
19,Chapter 19,"Injury, poisoning and certain other consequences of external causes",excludes2,birth trauma (P10-P15),P10-P15,P10
19,Chapter 19,"Injury, poisoning and certain other consequences of external causes",excludes2,obstetric trauma (O70-O71),O70-O71,O70
19,Block S00-S09,Injuries to the head (S00-S09),excludes2,burns and corrosions (T20-T32),T20-T32,T20
19,Block S00-S09,Injuries to the head (S00-S09),excludes2,effects of foreign body in ear (T16),T16,T16
19,Block S00-S09,Injuries to the head (S00-S09),excludes2,effects of foreign body in larynx (T17.3),T17.3,T17
19,Block S00-S09,Injuries to the head (S00-S09),excludes2,effects of foreign body in mouth NOS (T18.0),T18.0,T18
19,Block S00-S09,Injuries to the head (S00-S09),excludes2,effects of foreign body in nose (T17.0-T17.1),T17.0-T17.1,T17
19,Block S00-S09,Injuries to the head (S00-S09),excludes2,effects of foreign body in pharynx (T17.2),T17.2,T17
19,Block S00-S09,Injuries to the head (S00-S09),excludes2,effects of foreign body on external eye (T15.-),T15.-,T15
19,Block S00-S09,Injuries to the head (S00-S09),excludes2,frostbite (T33-T34),T33-T34,T33
19,Block S00-S09,Injuries to the head (S00-S09),excludes2,"insect bite or sting, venomous (T63.4)",T63.4,T63
19,S00.1,Contusion of eyelid and periocular area,excludes2,contusion of eyeball and orbital tissues (S05.1-),S05.1-,S05
19,S00.2,Other and unspecified superficial injuries of eyelid and periocular area,excludes2,superficial injury of conjunctiva and cornea (S05.0-),S05.0-,S05
19,S00.25,Superficial foreign body of eyelid and periocular area,excludes2,retained foreign body in eyelid (H02.81-),H02.81-,H02
19,S01,Open wound of head,excludes2,injury of eye and orbit (S05.-),S05.-,S05
19,S01,Open wound of head,excludes2,traumatic amputation of part of head (S08.-),S08.-,S08
19,S01.45,Open bite of cheek and temporomandibular area,excludes2,"superficial bite of cheek and temporomandibular area (S00.86, S00.87)",S00.86; S00.87,S00
19,S01.5,Open wound of lip and oral cavity,excludes2,tooth dislocation (S03.2),S03.2,S03
19,S01.5,Open wound of lip and oral cavity,excludes2,tooth fracture (S02.5),S02.5,S02
19,S02.1,Fracture of base of skull,excludes2,lateral orbital wall (S02.84-),S02.84-,S02
19,S02.1,Fracture of base of skull,excludes2,medial orbital wall (S02.83-),S02.83-,S02
19,S02.1,Fracture of base of skull,excludes2,orbital floor (S02.3-),S02.3-,S02
19,S02.3,Fracture of orbital floor,excludes2,lateral orbital wall (S02.84-),S02.84-,S02
19,S02.3,Fracture of orbital floor,excludes2,medial orbital wall (S02.83-),S02.83-,S02
19,S02.3,Fracture of orbital floor,excludes2,orbital roof (S02.1-),S02.1-,S02
19,S02.8,Fractures of other specified skull and facial bones,excludes2,fracture of orbital floor (S02.3-),S02.3-,S02
19,S02.8,Fractures of other specified skull and facial bones,excludes2,fracture of orbital roof (S02.12-),S02.12-,S02
19,S02.83,Fracture of medial orbital wall,excludes2,orbital floor (S02.3-),S02.3-,S02
19,S02.83,Fracture of medial orbital wall,excludes2,orbital roof (S02.12-),S02.12-,S02
19,S02.84,Fracture of lateral orbital wall,excludes2,orbital floor (S02.3-),S02.3-,S02
19,S02.84,Fracture of lateral orbital wall,excludes2,orbital roof (S02.12-),S02.12-,S02
19,S03,Dislocation and sprain of joints and ligaments of head,excludes2,Strain of muscle or tendon of head (S09.1),S09.1,S09
19,S05,Injury of eye and orbit,excludes2,2nd cranial [optic] nerve injury (S04.0-),S04.0-,S04
19,S05,Injury of eye and orbit,excludes2,3rd cranial [oculomotor] nerve injury (S04.1-),S04.1-,S04
19,S05,Injury of eye and orbit,excludes2,open wound of eyelid and periocular area (S01.1-),S01.1-,S01
19,S05,Injury of eye and orbit,excludes2,"orbital bone fracture (S02.1-, S02.3-, S02.8-)",S02.1-; S02.3-; S02.8-,S02
19,S05,Injury of eye and orbit,excludes2,superficial injury of eyelid (S00.1-S00.2),S00.1-S00.2,S00
19,S05.1,Contusion of eyeball and orbital tissues,excludes2,black eye NOS (S00.1),S00.1,S00
19,S05.1,Contusion of eyeball and orbital tissues,excludes2,contusion of eyelid and periocular area (S00.1),S00.1,S00
19,S05.4,Penetrating wound of orbit with or without foreign body,excludes2,retained (old) foreign body following penetrating wound in orbit (H05.5-),H05.5-,H05
19,S05.5,Penetrating wound with foreign body of eyeball,excludes2,"retained (old) intraocular foreign body (H44.6-, H44.7)",H44.6-; H44.7,H44
19,S06.3,Focal traumatic brain injury,excludes2,any condition classifiable to S06.4-S06.6,,
19,S06.3,Focal traumatic brain injury,excludes2,focal cerebral edema (S06.1),S06.1,S06
19,S06.8A,"Primary blast injury of brain, not elsewhere classified",excludes2,traumatic cerebral edema (S06.1),S06.1,S06
19,S09.1,Injury of muscle and tendon of head,excludes2,sprain to joints and ligament of head (S03.9),S03.9,S03
19,S09.3,Other specified and unspecified injury of middle and inner ear,excludes2,"injury to external ear (S00.4-, S01.3-, S08.1-)",S00.4-; S01.3-; S08.1-,S00; S01; S08
19,Block S10-S19,Injuries to the neck (S10-S19),excludes2,burns and corrosions (T20-T32),T20-T32,T20
19,Block S10-S19,Injuries to the neck (S10-S19),excludes2,effects of foreign body in esophagus (T18.1),T18.1,T18
19,Block S10-S19,Injuries to the neck (S10-S19),excludes2,effects of foreign body in larynx (T17.3),T17.3,T17
19,Block S10-S19,Injuries to the neck (S10-S19),excludes2,effects of foreign body in pharynx (T17.2),T17.2,T17
19,Block S10-S19,Injuries to the neck (S10-S19),excludes2,effects of foreign body in trachea (T17.4),T17.4,T17
19,Block S10-S19,Injuries to the neck (S10-S19),excludes2,frostbite (T33-T34),T33-T34,T33
19,Block S10-S19,Injuries to the neck (S10-S19),excludes2,"insect bite or sting, venomous (T63.4)",T63.4,T63
19,S11,Open wound of neck,excludes2,open fracture of vertebra (S12.- with 7th character B),,
19,S11.01,Open wound of larynx,excludes2,open wound of vocal cord (S11.03),S11.03,S11
19,S11.02,Open wound of trachea,excludes2,open wound of thoracic trachea (S27.5-),S27.5-,S27
19,S13,Dislocation and sprain of joints and ligaments at neck level,excludes2,strain of muscle or tendon at neck level (S16.1),S16.1,S16
19,S13.1,Subluxation and dislocation of cervical vertebrae,excludes2,fracture of cervical vertebrae (S12.0-S12.3-),S12.0-S12.3-,S12
19,S16,"Injury of muscle, fascia and tendon at neck level",excludes2,sprain of joint or ligament at neck level (S13.9),S13.9,S13
19,S19.82,Other specified injuries of cervical trachea,excludes2,other specified injury of thoracic trachea (S27.5-),S27.5-,S27
19,Block S20-S29,Injuries to the thorax (S20-S29),excludes2,burns and corrosions (T20-T32),T20-T32,T20
19,Block S20-S29,Injuries to the thorax (S20-S29),excludes2,effects of foreign body in bronchus (T17.5),T17.5,T17
19,Block S20-S29,Injuries to the thorax (S20-S29),excludes2,effects of foreign body in esophagus (T18.1),T18.1,T18
19,Block S20-S29,Injuries to the thorax (S20-S29),excludes2,effects of foreign body in lung (T17.8),T17.8,T17
19,Block S20-S29,Injuries to the thorax (S20-S29),excludes2,effects of foreign body in trachea (T17.4),T17.4,T17
19,Block S20-S29,Injuries to the thorax (S20-S29),excludes2,frostbite (T33-T34),T33-T34,T33
19,Block S20-S29,Injuries to the thorax (S20-S29),excludes2,injuries of axilla,,
19,Block S20-S29,Injuries to the thorax (S20-S29),excludes2,injuries of clavicle,,
19,Block S20-S29,Injuries to the thorax (S20-S29),excludes2,injuries of scapular region,,
19,Block S20-S29,Injuries to the thorax (S20-S29),excludes2,injuries of shoulder,,
19,Block S20-S29,Injuries to the thorax (S20-S29),excludes2,"insect bite or sting, venomous (T63.4)",T63.4,T63
19,S22,"Fracture of rib(s), sternum and thoracic spine",excludes2,fracture of clavicle (S42.0-),S42.0-,S42
19,S22,"Fracture of rib(s), sternum and thoracic spine",excludes2,fracture of scapula (S42.1-),S42.1-,S42
19,S23,Dislocation and sprain of joints and ligaments of thorax,excludes2,"dislocation, sprain of sternoclavicular joint (S43.2, S43.6)",S43.2; S43.6,S43
19,S23,Dislocation and sprain of joints and ligaments of thorax,excludes2,strain of muscle or tendon of thorax (S29.01-),S29.01-,S29
19,S23.1,Subluxation and dislocation of thoracic vertebra,excludes2,fracture of thoracic vertebrae (S22.0-),S22.0-,S22
19,S24,Injury of nerves and spinal cord at thorax level,excludes2,injury of brachial plexus (S14.3),S14.3,S14
19,S27,Injury of other and unspecified intrathoracic organs,excludes2,injury of cervical esophagus (S10-S19),S10-S19,S10
19,S27,Injury of other and unspecified intrathoracic organs,excludes2,injury of trachea (cervical) (S10-S19),S10-S19,S10
19,Block S30-S39,"Injuries to the abdomen, lower back, lumbar spine, pelvis and external genitals (S30-S39)",excludes2,burns and corrosions (T20-T32),T20-T32,T20
19,Block S30-S39,"Injuries to the abdomen, lower back, lumbar spine, pelvis and external genitals (S30-S39)",excludes2,effects of foreign body in anus and rectum (T18.5),T18.5,T18
19,Block S30-S39,"Injuries to the abdomen, lower back, lumbar spine, pelvis and external genitals (S30-S39)",excludes2,effects of foreign body in genitourinary tract (T19.-),T19.-,T19
19,Block S30-S39,"Injuries to the abdomen, lower back, lumbar spine, pelvis and external genitals (S30-S39)",excludes2,"effects of foreign body in stomach, small intestine and colon (T18.2-T18.4)",T18.2-T18.4,T18
19,Block S30-S39,"Injuries to the abdomen, lower back, lumbar spine, pelvis and external genitals (S30-S39)",excludes2,frostbite (T33-T34),T33-T34,T33
19,Block S30-S39,"Injuries to the abdomen, lower back, lumbar spine, pelvis and external genitals (S30-S39)",excludes2,"insect bite or sting, venomous (T63.4)",T63.4,T63
19,S30,"Superficial injury of abdomen, lower back, pelvis and external genitals",excludes2,superficial injury of hip (S70.-),S70.-,S70
19,S31,"Open wound of abdomen, lower back, pelvis and external genitals",excludes2,open wound of hip (S71.00-S71.02),S71.00-S71.02,S71
19,S31,"Open wound of abdomen, lower back, pelvis and external genitals",excludes2,open fracture of pelvis (S32.1--S32.9 with 7th character B),,
19,S31.1,Open wound of abdominal wall without penetration into peritoneal cavity,excludes2,open wound of abdominal wall with penetration into peritoneal cavity (S31.6-),S31.6-,S31
19,S32,Fracture of lumbar spine and pelvis,excludes2,fracture of hip NOS (S72.0-),S72.0-,S72
19,S33,Dislocation and sprain of joints and ligaments of lumbar spine and pelvis,excludes2,dislocation and sprain of joints and ligaments of hip (S73.-),S73.-,S73
19,S33,Dislocation and sprain of joints and ligaments of lumbar spine and pelvis,excludes2,strain of muscle of lower back and pelvis (S39.01-),S39.01-,S39
19,S33.1,Subluxation and dislocation of lumbar vertebra,excludes2,fracture of lumbar vertebrae (S32.0-),S32.0-,S32
19,S36.5,Injury of colon,excludes2,injury of rectum (S36.6-),S36.6-,S36
19,S37,Injury of urinary and pelvic organs,excludes2,injury of peritoneum (S36.81),S36.81,S36
19,S37,Injury of urinary and pelvic organs,excludes2,injury of retroperitoneum (S36.89-),S36.89-,S36
19,S37.0,Injury of kidney,excludes2,acute kidney injury (nontraumatic) (N17.9),N17.9,N17
19,S38.1,"Crushing injury of abdomen, lower back, and pelvis",excludes2,crushing injury of external genital organs (S38.0-),S38.0-,S38
19,S39,"Other and unspecified injuries of abdomen, lower back, pelvis and external genitals",excludes2,sprain of joints and ligaments of lumbar spine and pelvis (S33.-),S33.-,S33
19,Block S40-S49,Injuries to the shoulder and upper arm (S40-S49),excludes2,burns and corrosions (T20-T32),T20-T32,T20
19,Block S40-S49,Injuries to the shoulder and upper arm (S40-S49),excludes2,frostbite (T33-T34),T33-T34,T33
19,Block S40-S49,Injuries to the shoulder and upper arm (S40-S49),excludes2,injuries of elbow (S50-S59),S50-S59,S50
19,Block S40-S49,Injuries to the shoulder and upper arm (S40-S49),excludes2,"insect bite or sting, venomous (T63.4)",T63.4,T63
19,S40.87,Other superficial bite of upper arm,excludes2,other superficial bite of shoulder (S40.27-),S40.27-,S40
19,S41,Open wound of shoulder and upper arm,excludes2,open fracture of shoulder and upper arm (S42.- with 7th character B or C),,
19,S42,Fracture of shoulder and upper arm,excludes2,periprosthetic fracture around internal prosthetic shoulder joint (M97.3),M97.3,M97
19,S42.2,Fracture of upper end of humerus,excludes2,fracture of shaft of humerus (S42.3-),S42.3-,S42
19,S42.2,Fracture of upper end of humerus,excludes2,physeal fracture of upper end of humerus (S49.0-),S49.0-,S49
19,S42.3,Fracture of shaft of humerus,excludes2,physeal fractures of upper end of humerus (S49.0-),S49.0-,S49
19,S42.3,Fracture of shaft of humerus,excludes2,physeal fractures of lower end of humerus (S49.1-),S49.1-,S49
19,S42.4,Fracture of lower end of humerus,excludes2,fracture of shaft of humerus (S42.3-),S42.3-,S42
19,S42.4,Fracture of lower end of humerus,excludes2,physeal fracture of lower end of humerus (S49.1-),S49.1-,S49
19,S43,Dislocation and sprain of joints and ligaments of shoulder girdle,excludes2,"strain of muscle, fascia and tendon of shoulder and upper arm (S46.-)",S46.-,S46
19,S43.42,Sprain of rotator cuff capsule,excludes2,injury of tendon of rotator cuff (S46.0-),S46.0-,S46
19,S44,Injury of nerves at shoulder and upper arm level,excludes2,injury of brachial plexus (S14.3-),S14.3-,S14
19,S45,Injury of blood vessels at shoulder and upper arm level,excludes2,injury of subclavian artery (S25.1),S25.1,S25
19,S45,Injury of blood vessels at shoulder and upper arm level,excludes2,injury of subclavian vein (S25.3),S25.3,S25
19,S46,"Injury of muscle, fascia and tendon at shoulder and upper arm level",excludes2,"injury of muscle, fascia and tendon at elbow (S56.-)",S56.-,S56
19,S46,"Injury of muscle, fascia and tendon at shoulder and upper arm level",excludes2,sprain of joints and ligaments of shoulder girdle (S43.9),S43.9,S43
19,S47,Crushing injury of shoulder and upper arm,excludes2,crushing injury of elbow (S57.0-),S57.0-,S57
19,Block S50-S59,Injuries to the elbow and forearm (S50-S59),excludes2,burns and corrosions (T20-T32),T20-T32,T20
19,Block S50-S59,Injuries to the elbow and forearm (S50-S59),excludes2,frostbite (T33-T34),T33-T34,T33
19,Block S50-S59,Injuries to the elbow and forearm (S50-S59),excludes2,injuries of wrist and hand (S60-S69),S60-S69,S60
19,Block S50-S59,Injuries to the elbow and forearm (S50-S59),excludes2,"insect bite or sting, venomous (T63.4)",T63.4,T63
19,S50,Superficial injury of elbow and forearm,excludes2,superficial injury of wrist and hand (S60.-),S60.-,S60
19,S51,Open wound of elbow and forearm,excludes2,open wound of wrist and hand (S61.-),S61.-,S61
19,S51.8,Open wound of forearm,excludes2,open wound of elbow (S51.0-),S51.0-,S51
19,S52,Fracture of forearm,excludes2,fracture at wrist and hand level (S62.-),S62.-,S62
19,S52,Fracture of forearm,excludes2,periprosthetic fracture around internal prosthetic elbow joint (M97.4),M97.4,M97
19,S52.0,Fracture of upper end of ulna,excludes2,fracture of elbow NOS (S42.40-),S42.40-,S42
19,S52.0,Fracture of upper end of ulna,excludes2,fractures of shaft of ulna (S52.2-),S52.2-,S52
19,S52.1,Fracture of upper end of radius,excludes2,physeal fractures of upper end of radius (S59.2-),S59.2-,S59
19,S52.1,Fracture of upper end of radius,excludes2,fracture of shaft of radius (S52.3-),S52.3-,S52
19,S52.5,Fracture of lower end of radius,excludes2,physeal fractures of lower end of radius (S59.2-),S59.2-,S59
19,S53,Dislocation and sprain of joints and ligaments of elbow,excludes2,"strain of muscle, fascia and tendon at forearm level (S56.-)",S56.-,S56
19,S53.4,Sprain of elbow,excludes2,traumatic rupture of radial collateral ligament (S53.2-),S53.2-,S53
19,S53.4,Sprain of elbow,excludes2,traumatic rupture of ulnar collateral ligament (S53.3-),S53.3-,S53
19,S54,Injury of nerves at forearm level,excludes2,injury of nerves at wrist and hand level (S64.-),S64.-,S64
19,S55,Injury of blood vessels at forearm level,excludes2,injury of blood vessels at wrist and hand level (S65.-),S65.-,S65
19,S55,Injury of blood vessels at forearm level,excludes2,injury of brachial vessels (S45.1-S45.2),S45.1-S45.2,S45
19,S56,"Injury of muscle, fascia and tendon at forearm level",excludes2,"injury of muscle, fascia and tendon at or below wrist (S66.-)",S66.-,S66
19,S56,"Injury of muscle, fascia and tendon at forearm level",excludes2,sprain of joints and ligaments of elbow (S53.4-),S53.4-,S53
19,S57,Crushing injury of elbow and forearm,excludes2,crushing injury of wrist and hand (S67.-),S67.-,S67
19,S59,Other and unspecified injuries of elbow and forearm,excludes2,other and unspecified injuries of wrist and hand (S69.-),S69.-,S69
19,Block S60-S69,"Injuries to the wrist, hand and fingers (S60-S69)",excludes2,burns and corrosions (T20-T32),T20-T32,T20
19,Block S60-S69,"Injuries to the wrist, hand and fingers (S60-S69)",excludes2,frostbite (T33-T34),T33-T34,T33
19,Block S60-S69,"Injuries to the wrist, hand and fingers (S60-S69)",excludes2,"insect bite or sting, venomous (T63.4)",T63.4,T63
19,S60.2,Contusion of wrist and hand,excludes2,"contusion of fingers (S60.0-, S60.1-)",S60.0-; S60.1-,S60
19,S60.5,Other superficial injuries of hand,excludes2,"superficial injuries of fingers (S60.3-, S60.4-)",S60.3-; S60.4-,S60
19,S61.2,Open wound of other finger without damage to nail,excludes2,open wound of thumb without damage to nail (S61.0-),S61.0-,S61
19,S62,Fracture at wrist and hand level,excludes2,fracture of distal parts of ulna and radius (S52.-),S52.-,S52
19,S62.1,Fracture of other and unspecified carpal bone(s),excludes2,fracture of scaphoid of wrist (S62.0-),S62.0-,S62
19,S62.3,Fracture of other and unspecified metacarpal bone,excludes2,fracture of first metacarpal bone (S62.2-),S62.2-,S62
19,S62.6,Fracture of other and unspecified finger(s),excludes2,fracture of thumb (S62.5-),S62.5-,S62
19,S63,Dislocation and sprain of joints and ligaments at wrist and hand level,excludes2,"strain of muscle, fascia and tendon of wrist and hand (S66.-)",S66.-,S66
19,S63.04,Subluxation and dislocation of carpometacarpal joint of thumb,excludes2,interphalangeal subluxation and dislocation of thumb (S63.1-),S63.1-,S63
19,S63.05,Subluxation and dislocation of other carpometacarpal joint,excludes2,subluxation and dislocation of carpometacarpal joint of thumb (S63.04-),S63.04-,S63
19,S63.2,Subluxation and dislocation of other finger(s),excludes2,subluxation and dislocation of thumb (S63.1-),S63.1-,S63
19,S66,"Injury of muscle, fascia and tendon at wrist and hand level",excludes2,sprain of joints and ligaments of wrist and hand (S63.-),S63.-,S63
19,S66.1,"Injury of flexor muscle, fascia and tendon of other and unspecified finger at wrist and hand level",excludes2,"Injury of long flexor muscle, fascia and tendon of thumb at wrist and hand level (S66.0-)",S66.0-,S66
19,S66.3,"Injury of extensor muscle, fascia and tendon of other and unspecified finger at wrist and hand level",excludes2,"Injury of extensor muscle, fascia and tendon of thumb at wrist and hand level (S66.2-)",S66.2-,S66
19,S66.5,"Injury of intrinsic muscle, fascia and tendon of other and unspecified finger at wrist and hand level",excludes2,"injury of intrinsic muscle, fascia and tendon of thumb at wrist and hand level (S66.4-)",S66.4-,S66
19,S67.1,Crushing injury of other and unspecified finger(s),excludes2,crushing injury of thumb (S67.0-),S67.0-,S67
19,S67.2,Crushing injury of hand,excludes2,crushing injury of fingers (S67.1-),S67.1-,S67
19,S67.2,Crushing injury of hand,excludes2,crushing injury of thumb (S67.0-),S67.0-,S67
19,S67.4,Crushing injury of wrist and hand,excludes2,crushing injury of fingers (S67.1-),S67.1-,S67
19,S67.4,Crushing injury of wrist and hand,excludes2,crushing injury of thumb (S67.0-),S67.0-,S67
19,S68.1,Traumatic metacarpophalangeal amputation of other and unspecified finger,excludes2,traumatic metacarpophalangeal amputation of thumb (S68.0-),S68.0-,S68
19,Block S70-S79,Injuries to the hip and thigh (S70-S79),excludes2,burns and corrosions (T20-T32),T20-T32,T20
19,Block S70-S79,Injuries to the hip and thigh (S70-S79),excludes2,frostbite (T33-T34),T33-T34,T33
19,Block S70-S79,Injuries to the hip and thigh (S70-S79),excludes2,snake bite (T63.0-),T63.0-,T63
19,Block S70-S79,Injuries to the hip and thigh (S70-S79),excludes2,venomous insect bite or sting (T63.4-),T63.4-,T63
19,S71,Open wound of hip and thigh,excludes2,bite of venomous animal (T63.-),T63.-,T63
19,S71,Open wound of hip and thigh,excludes2,"open wound of ankle, foot and toes (S91.-)",S91.-,S91
19,S71,Open wound of hip and thigh,excludes2,open wound of knee and lower leg (S81.-),S81.-,S81
19,S72,Fracture of femur,excludes2,fracture of lower leg and ankle (S82.-),S82.-,S82
19,S72,Fracture of femur,excludes2,fracture of foot (S92.-),S92.-,S92
19,S72,Fracture of femur,excludes2,periprosthetic fracture of prosthetic implant of hip (M97.0-),M97.0-,M97
19,S72.0,Fracture of head and neck of femur,excludes2,physeal fracture of lower end of femur (S79.1-),S79.1-,S79
19,S72.0,Fracture of head and neck of femur,excludes2,physeal fracture of upper end of femur (S79.0-),S79.0-,S79
19,S72.4,Fracture of lower end of femur,excludes2,fracture of shaft of femur (S72.3-),S72.3-,S72
19,S72.4,Fracture of lower end of femur,excludes2,physeal fracture of lower end of femur (S79.1-),S79.1-,S79
19,S73,Dislocation and sprain of joint and ligaments of hip,excludes2,"strain of muscle, fascia and tendon of hip and thigh (S76.-)",S76.-,S76
19,S73.0,Subluxation and dislocation of hip,excludes2,"dislocation and subluxation of hip prosthesis (T84.020, T84.021)",T84.020; T84.021,T84
19,S74,Injury of nerves at hip and thigh level,excludes2,injury of nerves at ankle and foot level (S94.-),S94.-,S94
19,S74,Injury of nerves at hip and thigh level,excludes2,injury of nerves at lower leg level (S84.-),S84.-,S84
19,S75,Injury of blood vessels at hip and thigh level,excludes2,injury of blood vessels at lower leg level (S85.-),S85.-,S85
19,S75,Injury of blood vessels at hip and thigh level,excludes2,injury of popliteal artery (S85.0),S85.0,S85
19,S76,"Injury of muscle, fascia and tendon at hip and thigh level",excludes2,"injury of muscle, fascia and tendon at lower leg level (S86)",S86,S86
19,S76,"Injury of muscle, fascia and tendon at hip and thigh level",excludes2,sprain of joint and ligament of hip (S73.1),S73.1,S73
19,S77,Crushing injury of hip and thigh,excludes2,crushing injury of ankle and foot (S97.-),S97.-,S97
19,S77,Crushing injury of hip and thigh,excludes2,crushing injury of lower leg (S87.-),S87.-,S87
19,Block S80-S89,Injuries to the knee and lower leg (S80-S89),excludes2,burns and corrosions (T20-T32),T20-T32,T20
19,Block S80-S89,Injuries to the knee and lower leg (S80-S89),excludes2,frostbite (T33-T34),T33-T34,T33
19,Block S80-S89,Injuries to the knee and lower leg (S80-S89),excludes2,"injuries of ankle and foot, except fracture of ankle and malleolus (S90-S99)",S90-S99,S90
19,Block S80-S89,Injuries to the knee and lower leg (S80-S89),excludes2,"insect bite or sting, venomous (T63.4)",T63.4,T63
19,S80,Superficial injury of knee and lower leg,excludes2,superficial injury of ankle and foot (S90.-),S90.-,S90
19,S81,Open wound of knee and lower leg,excludes2,open wound of ankle and foot (S91.-),S91.-,S91
19,S82,"Fracture of lower leg, including ankle",excludes2,"fracture of foot, except ankle (S92.-)",S92.-,S92
19,S82,"Fracture of lower leg, including ankle",excludes2,periprosthetic fracture around internal prosthetic ankle joint (M97.2),M97.2,M97
19,S82,"Fracture of lower leg, including ankle",excludes2,periprosthetic fracture around internal prosthetic implant of knee joint (M97.1-),M97.1-,M97
19,S82.1,Fracture of upper end of tibia,excludes2,fracture of shaft of tibia (S82.2-),S82.2-,S82
19,S82.1,Fracture of upper end of tibia,excludes2,physeal fracture of upper end of tibia (S89.0-),S89.0-,S89
19,S82.4,Fracture of shaft of fibula,excludes2,fracture of lateral malleolus alone (S82.6-),S82.6-,S82
19,S83,Dislocation and sprain of joints and ligaments of knee,excludes2,derangement of patella (M22.0-M22.3),M22.0-M22.3,M22
19,S83,Dislocation and sprain of joints and ligaments of knee,excludes2,injury of patellar ligament (tendon) (S76.1-),S76.1-,S76
19,S83,Dislocation and sprain of joints and ligaments of knee,excludes2,internal derangement of knee (M23.-),M23.-,M23
19,S83,Dislocation and sprain of joints and ligaments of knee,excludes2,old dislocation of knee (M24.36),M24.36,M24
19,S83,Dislocation and sprain of joints and ligaments of knee,excludes2,pathological dislocation of knee (M24.36),M24.36,M24
19,S83,Dislocation and sprain of joints and ligaments of knee,excludes2,recurrent dislocation of knee (M22.0),M22.0,M22
19,S83,Dislocation and sprain of joints and ligaments of knee,excludes2,"strain of muscle, fascia and tendon of lower leg (S86.-)",S86.-,S86
19,S83.1,Subluxation and dislocation of knee,excludes2,"instability of knee prosthesis (T84.022, T84.023)",T84.022; T84.023,T84
19,S84,Injury of nerves at lower leg level,excludes2,injury of nerves at ankle and foot level (S94.-),S94.-,S94
19,S85,Injury of blood vessels at lower leg level,excludes2,injury of blood vessels at ankle and foot level (S95.-),S95.-,S95
19,S86,"Injury of muscle, fascia and tendon at lower leg level",excludes2,"injury of muscle, fascia and tendon at ankle (S96.-)",S96.-,S96
19,S86,"Injury of muscle, fascia and tendon at lower leg level",excludes2,injury of patellar ligament (tendon) (S76.1-),S76.1-,S76
19,S86,"Injury of muscle, fascia and tendon at lower leg level",excludes2,sprain of joints and ligaments of knee (S83.-),S83.-,S83
19,S87,Crushing injury of lower leg,excludes2,crushing injury of ankle and foot (S97.-),S97.-,S97
19,S89,Other and unspecified injuries of lower leg,excludes2,other and unspecified injuries of ankle and foot (S99.-),S99.-,S99
19,Block S90-S99,Injuries to the ankle and foot (S90-S99),excludes2,burns and corrosions (T20-T32),T20-T32,T20
19,Block S90-S99,Injuries to the ankle and foot (S90-S99),excludes2,fracture of ankle and malleolus (S82.-),S82.-,S82
19,Block S90-S99,Injuries to the ankle and foot (S90-S99),excludes2,frostbite (T33-T34),T33-T34,T33
19,Block S90-S99,Injuries to the ankle and foot (S90-S99),excludes2,"insect bite or sting, venomous (T63.4)",T63.4,T63
19,S90.3,Contusion of foot,excludes2,"contusion of toes (S90.1-, S90.2-)",S90.1-; S90.2-,S90
19,S92,"Fracture of foot and toe, except ankle",excludes2,fracture of ankle (S82.-),S82.-,S82
19,S92,"Fracture of foot and toe, except ankle",excludes2,fracture of malleolus (S82.-),S82.-,S82
19,S92,"Fracture of foot and toe, except ankle",excludes2,traumatic amputation of ankle and foot (S98.-),S98.-,S98
19,S92.0,Fracture of calcaneus,excludes2,Physeal fracture of calcaneus (S99.0-),S99.0-,S99
19,S92.3,Fracture of metatarsal bone(s),excludes2,Physeal fracture of metatarsal (S99.1-),S99.1-,S99
19,S92.4,Fracture of great toe,excludes2,Physeal fracture of phalanx of toe (S99.2-),S99.2-,S99
19,S92.5,Fracture of lesser toe(s),excludes2,Physeal fracture of phalanx of toe (S99.2-),S99.2-,S99
19,S93,"Dislocation and sprain of joints and ligaments at ankle, foot and toe level",excludes2,strain of muscle and tendon of ankle and foot (S96.-),S96.-,S96
19,S93.3,Subluxation and dislocation of foot,excludes2,dislocation of toe (S93.1-),S93.1-,S93
19,S93.4,Sprain of ankle,excludes2,injury of Achilles tendon (S86.0-),S86.0-,S86
19,S93.6,Sprain of foot,excludes2,sprain of metatarsophalangeal joint of toe (S93.52-),S93.52-,S93
19,S93.6,Sprain of foot,excludes2,sprain of toe (S93.5-),S93.5-,S93
19,S95,Injury of blood vessels at ankle and foot level,excludes2,"injury of posterior tibial artery and vein (S85.1-, S85.8-)",S85.1-; S85.8-,S85
19,S96,Injury of muscle and tendon at ankle and foot level,excludes2,injury of Achilles tendon (S86.0-),S86.0-,S86
19,S96,Injury of muscle and tendon at ankle and foot level,excludes2,sprain of joints and ligaments of ankle and foot (S93.-),S93.-,S93
19,Block T15-T19,Effects of foreign body entering through natural orifice (T15-T19),excludes2,foreign body accidentally left in operation wound (T81.5-),T81.5-,T81
19,Block T15-T19,Effects of foreign body entering through natural orifice (T15-T19),excludes2,foreign body in penetrating wound - See open wound by body region,,
19,Block T15-T19,Effects of foreign body entering through natural orifice (T15-T19),excludes2,residual foreign body in soft tissue (M79.5),M79.5,M79
19,Block T15-T19,Effects of foreign body entering through natural orifice (T15-T19),excludes2,"splinter, without open wound - See superficial injury by body region",,
19,T15,Foreign body on external eye,excludes2,"foreign body in penetrating wound of orbit and eye ball (S05.4-, S05.5-)",S05.4-; S05.5-,S05
19,T15,Foreign body on external eye,excludes2,open wound of eyelid and periocular area (S01.1-),S01.1-,S01
19,T15,Foreign body on external eye,excludes2,retained foreign body in eyelid (H02.8-),H02.8-,H02
19,T15,Foreign body on external eye,excludes2,"retained (old) foreign body in penetrating wound of orbit and eye ball (H05.5-, H44.6-, H44.7-)",H05.5-; H44.6-; H44.7-,H05; H44
19,T15,Foreign body on external eye,excludes2,superficial foreign body of eyelid and periocular area (S00.25-),S00.25-,S00
19,T18,Foreign body in alimentary tract,excludes2,foreign body in pharynx (T17.2-),T17.2-,T17
19,T18.1,Foreign body in esophagus,excludes2,foreign body in respiratory tract (T17.-),T17.-,T17
19,T19,Foreign body in genitourinary tract,excludes2,complications due to implanted mesh (T83.7-),T83.7-,T83
19,T19,Foreign body in genitourinary tract,excludes2,mechanical complications of contraceptive device (intrauterine) (vaginal) (T83.3-),T83.3-,T83
19,T19,Foreign body in genitourinary tract,excludes2,presence of contraceptive device (intrauterine) (vaginal) (Z97.5),Z97.5,Z97
19,Block T20-T32,Burns and corrosions (T20-T32),excludes2,erythema [dermatitis] ab igne (L59.0),L59.0,L59
19,Block T20-T32,Burns and corrosions (T20-T32),excludes2,radiation-related disorders of the skin and subcutaneous tissue (L55-L59),L55-L59,L55
19,Block T20-T32,Burns and corrosions (T20-T32),excludes2,sunburn (L55.-),L55.-,L55
19,T20,"Burn and corrosion of head, face, and neck",excludes2,"burn and corrosion of ear drum (T28.41, T28.91)",T28.41; T28.91,T28
19,T20,"Burn and corrosion of head, face, and neck",excludes2,burn and corrosion of eye and adnexa (T26.-),T26.-,T26
19,T20,"Burn and corrosion of head, face, and neck",excludes2,burn and corrosion of mouth and pharynx (T28.0),T28.0,T28
19,T20.01,"Burn of unspecified degree of ear [any part, except ear drum]",excludes2,burn of ear drum (T28.41-),T28.41-,T28
19,T20.11,"Burn of first degree of ear [any part, except ear drum]",excludes2,burn of ear drum (T28.41-),T28.41-,T28
19,T20.21,"Burn of second degree of ear [any part, except ear drum]",excludes2,burn of ear drum (T28.41-),T28.41-,T28
19,T20.31,"Burn of third degree of ear [any part, except ear drum]",excludes2,burn of ear drum (T28.41-),T28.41-,T28
19,T20.41,"Corrosion of unspecified degree of ear [any part, except ear drum]",excludes2,corrosion of ear drum (T28.91-),T28.91-,T28
19,T20.51,"Corrosion of first degree of ear [any part, except ear drum]",excludes2,corrosion of ear drum (T28.91-),T28.91-,T28
19,T20.61,"Corrosion of second degree of ear [any part, except ear drum]",excludes2,corrosion of ear drum (T28.91-),T28.91-,T28
19,T20.71,"Corrosion of third degree of ear [any part, except ear drum]",excludes2,corrosion of ear drum (T28.91-),T28.91-,T28
19,T21,Burn and corrosion of trunk,excludes2,burns and corrosion of axilla (T22.- with fifth character 4),,
19,T21,Burn and corrosion of trunk,excludes2,burns and corrosion of scapular region (T22.- with fifth character 6),,
19,T21,Burn and corrosion of trunk,excludes2,burns and corrosion of shoulder (T22.- with fifth character 5),,
19,T21.07,Burn of unspecified degree of female genital region,excludes2,burn of vagina (T28.3),T28.3,T28
19,T21.17,Burn of first degree of female genital region,excludes2,burn of vagina (T28.3),T28.3,T28
19,T21.27,Burn of second degree of female genital region,excludes2,burn of vagina (T28.3),T28.3,T28
19,T21.37,Burn of third degree of female genital region,excludes2,burn of vagina (T28.3),T28.3,T28
19,T21.47,Corrosion of unspecified degree of female genital region,excludes2,corrosion of vagina (T28.8),T28.8,T28
19,T21.57,Corrosion of first degree of female genital region,excludes2,corrosion of vagina (T28.8),T28.8,T28
19,T21.67,Corrosion of second degree of female genital region,excludes2,corrosion of vagina (T28.8),T28.8,T28
19,T21.77,Corrosion of third degree of female genital region,excludes2,corrosion of vagina (T28.8),T28.8,T28
19,T22,"Burn and corrosion of shoulder and upper limb, except wrist and hand",excludes2,burn and corrosion of interscapular region (T21.-),T21.-,T21
19,T22,"Burn and corrosion of shoulder and upper limb, except wrist and hand",excludes2,burn and corrosion of wrist and hand (T23.-),T23.-,T23
19,T24,"Burn and corrosion of lower limb, except ankle and foot",excludes2,burn and corrosion of ankle and foot (T25.-),T25.-,T25
19,T24,"Burn and corrosion of lower limb, except ankle and foot",excludes2,burn and corrosion of hip region (T21.-),T21.-,T21
19,T25.02,Burn of unspecified degree of foot,excludes2,burn of unspecified degree of toe(s) (nail) (T25.03-),T25.03-,T25
19,T25.12,Burn of first degree of foot,excludes2,burn of first degree of toe(s) (nail) (T25.13-),T25.13-,T25
19,T25.22,Burn of second degree of foot,excludes2,burn of second degree of toe(s) (nail) (T25.23-),T25.23-,T25
19,T25.32,Burn of third degree of foot,excludes2,burn of third degree of toe(s) (nail) (T25.33-),T25.33-,T25
19,T25.42,Corrosion of unspecified degree of foot,excludes2,corrosion of unspecified degree of toe(s) (nail) (T25.43-),T25.43-,T25
19,T25.52,Corrosion of first degree of foot,excludes2,corrosion of first degree of toe(s) (nail) (T25.53-),T25.53-,T25
19,T25.62,Corrosion of second degree of foot,excludes2,corrosion of second degree of toe(s) (nail) (T25.63-),T25.63-,T25
19,T25.72,Corrosion of third degree of foot,excludes2,corrosion of third degree of toe(s) (nail) (T25.73-),T25.73-,T25
19,Block T33-T34,Frostbite (T33-T34),excludes2,"hypothermia and other effects of reduced temperature (T68, T69.-)",T68; T69.-,T68; T69
19,T33.4,Superficial frostbite of arm,excludes2,superficial frostbite of wrist and hand (T33.5-),T33.5-,T33
19,T33.52,Superficial frostbite of hand,excludes2,superficial frostbite of fingers (T33.53-),T33.53-,T33
19,T33.7,Superficial frostbite of knee and lower leg,excludes2,superficial frostbite of ankle and foot (T33.8-),T33.8-,T33
19,T34.4,Frostbite with tissue necrosis of arm,excludes2,frostbite with tissue necrosis of wrist and hand (T34.5-),T34.5-,T34
19,T34.52,Frostbite with tissue necrosis of hand,excludes2,frostbite with tissue necrosis of finger(s) (T34.53-),T34.53-,T34
19,T34.7,Frostbite with tissue necrosis of knee and lower leg,excludes2,frostbite with tissue necrosis of ankle and foot (T34.8-),T34.8-,T34
19,Block T36-T50,"Poisoning by, adverse effects of and underdosing of drugs, medicaments and biological substances (T36-T50)",excludes2,abuse and dependence of psychoactive substances (F10-F19),F10-F19,F10
19,Block T36-T50,"Poisoning by, adverse effects of and underdosing of drugs, medicaments and biological substances (T36-T50)",excludes2,abuse of non-dependence-producing substances (F55.-),F55.-,F55
19,Block T36-T50,"Poisoning by, adverse effects of and underdosing of drugs, medicaments and biological substances (T36-T50)",excludes2,immunodeficiency due to drugs (D84.821),D84.821,D84
19,Block T36-T50,"Poisoning by, adverse effects of and underdosing of drugs, medicaments and biological substances (T36-T50)",excludes2,drug reaction and poisoning affecting newborn (P00-P96),P00-P96,P00
19,Block T36-T50,"Poisoning by, adverse effects of and underdosing of drugs, medicaments and biological substances (T36-T50)",excludes2,pathological drug intoxication (inebriation) (F10-F19),F10-F19,F10
19,T40,"Poisoning by, adverse effect of and underdosing of narcotics and psychodysleptics [hallucinogens]",excludes2,drug dependence and related mental and behavioral disorders due to psychoactive substance use (F10.-F19.-),F10.-F19.-,F10
19,T41.3,"Poisoning by, adverse effect of and underdosing of local anesthetics",excludes2,poisoning by cocaine used as a central nervous system stimulant (T40.5X1-T40.5X4),T40.5X1-T40.5X4,T40
19,T42,"Poisoning by, adverse effect of and underdosing of antiepileptic, sedative- hypnotic and antiparkinsonism drugs",excludes2,drug dependence and related mental and behavioral disorders due to psychoactive substance use (F10.--F19.-),F10.--F19.-,F10
19,T43,"Poisoning by, adverse effect of and underdosing of psychotropic drugs, not elsewhere classified",excludes2,appetite depressants (T50.5-),T50.5-,T50
19,T43,"Poisoning by, adverse effect of and underdosing of psychotropic drugs, not elsewhere classified",excludes2,barbiturates (T42.3-),T42.3-,T42
19,T43,"Poisoning by, adverse effect of and underdosing of psychotropic drugs, not elsewhere classified",excludes2,benzodiazepines (T42.4-),T42.4-,T42
19,T43,"Poisoning by, adverse effect of and underdosing of psychotropic drugs, not elsewhere classified",excludes2,drug dependence and related mental and behavioral disorders due to psychoactive substance use (F10.- -F19.-),F10.--F19.-,F10
19,T43,"Poisoning by, adverse effect of and underdosing of psychotropic drugs, not elsewhere classified",excludes2,methaqualone (T42.6-),T42.6-,T42
19,T43,"Poisoning by, adverse effect of and underdosing of psychotropic drugs, not elsewhere classified",excludes2,psychodysleptics [hallucinogens] (T40.7-T40.9-),T40.7-T40.9-,T40
19,T44.8,"Poisoning by, adverse effect of and underdosing of centrally-acting and adrenergic-neuron- blocking agents",excludes2,"poisoning by, adverse effect of and underdosing of clonidine (T46.5)",T46.5,T46
19,T44.8,"Poisoning by, adverse effect of and underdosing of centrally-acting and adrenergic-neuron- blocking agents",excludes2,"poisoning by, adverse effect of and underdosing of guanethidine (T46.5)",T46.5,T46
19,T45.2,"Poisoning by, adverse effect of and underdosing of vitamins",excludes2,"poisoning by, adverse effect of and underdosing of nicotinic acid (derivatives) (T46.7)",T46.7,T46
19,T45.2,"Poisoning by, adverse effect of and underdosing of vitamins",excludes2,"poisoning by, adverse effect of and underdosing of iron (T45.4)",T45.4,T45
19,T45.2,"Poisoning by, adverse effect of and underdosing of vitamins",excludes2,"poisoning by, adverse effect of and underdosing of vitamin K (T45.7)",T45.7,T45
19,T45.52,"Poisoning by, adverse effect of and underdosing of antithrombotic drugs",excludes2,"poisoning by, adverse effect of and underdosing of aspirin (T39.01-)",T39.01-,T39
19,T45.52,"Poisoning by, adverse effect of and underdosing of antithrombotic drugs",excludes2,"poisoning by, adverse effect of and underdosing of acetylsalicylic acid (T39.01-)",T39.01-,T39
19,T45.8,"Poisoning by, adverse effect of and underdosing of other primarily systemic and hematological agents",excludes2,"poisoning by, adverse effect of and underdosing of immunoglobulin (T50.Z1)",T50.Z1,T50
19,T45.8,"Poisoning by, adverse effect of and underdosing of other primarily systemic and hematological agents",excludes2,"poisoning by, adverse effect of and underdosing of iron (T45.4)",T45.4,T45
19,T45.8,"Poisoning by, adverse effect of and underdosing of other primarily systemic and hematological agents",excludes2,transfusion reactions (T80.-),T80.-,T80
19,T46.5,"Poisoning by, adverse effect of and underdosing of other antihypertensive drugs",excludes2,"poisoning by, adverse effect of and underdosing of beta-adrenoreceptor antagonists (T44.7)",T44.7,T44
19,T46.5,"Poisoning by, adverse effect of and underdosing of other antihypertensive drugs",excludes2,"poisoning by, adverse effect of and underdosing of calcium-channel blockers (T46.1)",T46.1,T46
19,T46.5,"Poisoning by, adverse effect of and underdosing of other antihypertensive drugs",excludes2,"poisoning by, adverse effect of and underdosing of diuretics (T50.0-T50.2)",T50.0-T50.2,T50
19,T47.6,"Poisoning by, adverse effect of and underdosing of antidiarrheal drugs",excludes2,"poisoning by, adverse effect of and underdosing of systemic antibiotics and other anti-infectives (T36-T37)",T36-T37,T36
19,T48.5,"Poisoning by, adverse effect of and underdosing of other anti-common-cold drugs",excludes2,"poisoning by, adverse effect of and underdosing of antipyretics, NEC (T39.9-)",T39.9-,T39
19,T48.5,"Poisoning by, adverse effect of and underdosing of other anti-common-cold drugs",excludes2,"poisoning by, adverse effect of and underdosing of non-steroidal antiinflammatory drugs (T39.3-)",T39.3-,T39
19,T48.5,"Poisoning by, adverse effect of and underdosing of other anti-common-cold drugs",excludes2,"poisoning by, adverse effect of and underdosing of salicylates (T39.0-)",T39.0-,T39
19,T51.0,Toxic effect of ethanol,excludes2,"acute alcohol intoxication or 'hangover' effects (F10.129, F10.229, F10.929)",F10.129; F10.229; F10.929,F10
19,T51.0,Toxic effect of ethanol,excludes2,"drunkenness (F10.129, F10.229, F10.929)",F10.129; F10.229; F10.929,F10
19,T51.0,Toxic effect of ethanol,excludes2,"pathological alcohol intoxication (F10.129, F10.229, F10.929)",F10.129; F10.229; F10.929,F10
19,T59.81,Toxic effect of smoke,excludes2,toxic effect of cigarette (tobacco) smoke (T65.22-),T65.22-,T65
19,T63,Toxic effect of contact with venomous animals and plants,excludes2,"ingestion of toxic animal or plant (T61.-, T62.-)",T61.-; T62.-,T61; T62
19,T63.5,Toxic effect of contact with venomous fish,excludes2,poisoning by ingestion of fish (T61.-),T61.-,T61
19,T63.6,Toxic effect of contact with other venomous marine animals,excludes2,poisoning by ingestion of shellfish (T61.78-),T61.78-,T61
19,T65.2,Toxic effect of tobacco and nicotine,excludes2,nicotine dependence (F17.-),F17.-,F17
19,T67,Effects of heat and light,excludes2,burns (T20-T31),T20-T31,T20
19,T67,Effects of heat and light,excludes2,sunburn (L55.-),L55.-,L55
19,T67,Effects of heat and light,excludes2,sweat disorder due to heat (L74-L75),L74-L75,L74
19,T68,Hypothermia,excludes2,frostbite (T33-T34),T33-T34,T33
19,T69,Other effects of reduced temperature,excludes2,frostbite (T33-T34),T33-T34,T33
19,T70.2,Other and unspecified effects of high altitude,excludes2,polycythemia due to high altitude (D75.1),D75.1,D75
19,T74.1,"Physical abuse, confirmed",excludes2,sexual abuse (T74.2-),T74.2-,T74
19,T74.12,"Child physical abuse, confirmed",excludes2,shaken infant syndrome (T74.4),T74.4,T74
19,T75,Other and unspecified effects of other external causes,excludes2,burns (electric) (T20-T31),T20-T31,T20
19,T78,"Adverse effects, not elsewhere classified",excludes2,complications of surgical and medical care NEC (T80-T88),T80-T88,T80
19,T78.05,Anaphylactic reaction due to tree nuts and seeds,excludes2,anaphylactic reaction due to peanuts (T78.01),T78.01,T78
19,T78.1,"Other adverse food reactions, not elsewhere classified",excludes2,allergic and dietetic gastroenteritis and colitis (K52.29),K52.29,K52
19,T78.1,"Other adverse food reactions, not elsewhere classified",excludes2,allergic rhinitis due to food (J30.5),J30.5,J30
19,T78.1,"Other adverse food reactions, not elsewhere classified",excludes2,"dermatitis due to food in contact with skin (L23.6, L24.6, L25.4)",L23.6; L24.6; L25.4,L23; L24; L25
19,T78.1,"Other adverse food reactions, not elsewhere classified",excludes2,dermatitis due to ingested food (L27.2),L27.2,L27
19,T78.1,"Other adverse food reactions, not elsewhere classified",excludes2,food protein-induced enterocolitis syndrome (K52.21),K52.21,K52
19,T78.1,"Other adverse food reactions, not elsewhere classified",excludes2,food protein-induced enteropathy (K52.22),K52.22,K52
19,T79,"Certain early complications of trauma, not elsewhere classified",excludes2,acute respiratory distress syndrome (J80),J80,J80
19,T79,"Certain early complications of trauma, not elsewhere classified",excludes2,complications occurring during or following medical procedures (T80-T88),T80-T88,T80
19,T79,"Certain early complications of trauma, not elsewhere classified",excludes2,complications of surgical and medical care NEC (T80-T88),T80-T88,T80
19,T79,"Certain early complications of trauma, not elsewhere classified",excludes2,newborn respiratory distress syndrome (P22.0),P22.0,P22
19,T79.6,Traumatic ischemia of muscle,excludes2,anterior tibial syndrome (M76.8),M76.8,M76
19,T79.6,Traumatic ischemia of muscle,excludes2,compartment syndrome (traumatic) (T79.A-),T79.A-,T79
19,T79.6,Traumatic ischemia of muscle,excludes2,nontraumatic ischemia of muscle (M62.2-),M62.2-,M62
19,T79.7,Traumatic subcutaneous emphysema,excludes2,emphysema NOS (J43),J43,J43
19,T79.7,Traumatic subcutaneous emphysema,excludes2,emphysema (subcutaneous) resulting from a procedure (T81.82),T81.82,T81
19,T79.A,Traumatic compartment syndrome,excludes2,traumatic ischemic infarction of muscle (T79.6),T79.6,T79
19,Block T80-T88,"Complications of surgical and medical care, not elsewhere classified (T80-T88)",excludes2,"any encounters with medical care for postprocedural conditions in which no complications are present, such as:",,
19,Block T80-T88,"Complications of surgical and medical care, not elsewhere classified (T80-T88)",excludes2,artificial opening status (Z93.-),Z93.-,Z93
19,Block T80-T88,"Complications of surgical and medical care, not elsewhere classified (T80-T88)",excludes2,closure of external stoma (Z43.-),Z43.-,Z43
19,Block T80-T88,"Complications of surgical and medical care, not elsewhere classified (T80-T88)",excludes2,fitting and adjustment of external prosthetic device (Z44.-),Z44.-,Z44
19,Block T80-T88,"Complications of surgical and medical care, not elsewhere classified (T80-T88)",excludes2,burns and corrosions from local applications and irradiation (T20-T32),T20-T32,T20
19,Block T80-T88,"Complications of surgical and medical care, not elsewhere classified (T80-T88)",excludes2,"complications of surgical procedures during pregnancy, childbirth and the puerperium (O00-O9A)",O00-O9A,O00
19,Block T80-T88,"Complications of surgical and medical care, not elsewhere classified (T80-T88)",excludes2,mechanical complication of respirator [ventilator] (J95.850),J95.850,J95
19,Block T80-T88,"Complications of surgical and medical care, not elsewhere classified (T80-T88)",excludes2,poisoning and toxic effects of drugs and chemicals (T36-T65 with fifth or sixth character 1-4 or 6),,
19,Block T80-T88,"Complications of surgical and medical care, not elsewhere classified (T80-T88)",excludes2,postprocedural fever (R50.82),R50.82,R50
19,Block T80-T88,"Complications of surgical and medical care, not elsewhere classified (T80-T88)",excludes2,"specified complications classified elsewhere, such as:",,
19,Block T80-T88,"Complications of surgical and medical care, not elsewhere classified (T80-T88)",excludes2,cerebrospinal fluid leak from spinal puncture (G97.0),G97.0,G97
19,Block T80-T88,"Complications of surgical and medical care, not elsewhere classified (T80-T88)",excludes2,colostomy malfunction (K94.0-),K94.0-,K94
19,Block T80-T88,"Complications of surgical and medical care, not elsewhere classified (T80-T88)",excludes2,disorders of fluid and electrolyte imbalance (E86-E87),E86-E87,E86
19,Block T80-T88,"Complications of surgical and medical care, not elsewhere classified (T80-T88)",excludes2,functional disturbances following cardiac surgery (I97.0-I97.1),I97.0-I97.1,I97
19,Block T80-T88,"Complications of surgical and medical care, not elsewhere classified (T80-T88)",excludes2,"intraoperative and postprocedural complications of specified body systems (D78.-, E36.-, E89.-, G97.3-, G97.4, H59.3-, H59.-, H95.2-, H95.3, I97.4-, I97.5, J95.6-, J95.7, K91.6-, L76.-, M96.-, N99.-)",D78.-; E36.-; E89.-; G97.3-; G97.4; H59.3-; H59.-; H95.2-; H95.3; I97.4-; I97.5; J95.6-; J95.7; K91.6-; L76.-; M96.-; N99.-,D78; E36; E89; G97; H59; H95; I97; J95; K91; L76; M96; N99
19,Block T80-T88,"Complications of surgical and medical care, not elsewhere classified (T80-T88)",excludes2,"ostomy complications (J95.0-, K94.-, N99.5-)",J95.0-; K94.-; N99.5-,J95; K94; N99
19,Block T80-T88,"Complications of surgical and medical care, not elsewhere classified (T80-T88)",excludes2,postgastric surgery syndromes (K91.1),K91.1,K91
19,Block T80-T88,"Complications of surgical and medical care, not elsewhere classified (T80-T88)",excludes2,postlaminectomy syndrome NEC (M96.1),M96.1,M96
19,Block T80-T88,"Complications of surgical and medical care, not elsewhere classified (T80-T88)",excludes2,postmastectomy lymphedema syndrome (I97.2),I97.2,I97
19,Block T80-T88,"Complications of surgical and medical care, not elsewhere classified (T80-T88)",excludes2,postsurgical blind-loop syndrome (K91.2),K91.2,K91
19,Block T80-T88,"Complications of surgical and medical care, not elsewhere classified (T80-T88)",excludes2,ventilator associated pneumonia (J95.851),J95.851,J95
19,T80,"Complications following infusion, transfusion and therapeutic injection",excludes2,bone marrow transplant rejection (T86.01),T86.01,T86
19,T80,"Complications following infusion, transfusion and therapeutic injection",excludes2,febrile nonhemolytic transfusion reaction (R50.84),R50.84,R50
19,T80,"Complications following infusion, transfusion and therapeutic injection",excludes2,fluid overload due to transfusion (E87.71),E87.71,E87
19,T80,"Complications following infusion, transfusion and therapeutic injection",excludes2,posttransfusion purpura (D69.51),D69.51,D69
19,T80,"Complications following infusion, transfusion and therapeutic injection",excludes2,transfusion associated circulatory overload (TACO) (E87.71),E87.71,E87
19,T80,"Complications following infusion, transfusion and therapeutic injection",excludes2,transfusion (red blood cell) associated hemochromatosis (E83.111),E83.111,E83
19,T80,"Complications following infusion, transfusion and therapeutic injection",excludes2,transfusion related acute lung injury (TRALI) (J95.84),J95.84,J95
19,T80.1,"Vascular complications following infusion, transfusion and therapeutic injection",excludes2,extravasation of vesicant agent (T80.81-),T80.81-,T80
19,T80.1,"Vascular complications following infusion, transfusion and therapeutic injection",excludes2,infiltration of vesicant agent (T80.81-),T80.81-,T80
19,T80.1,"Vascular complications following infusion, transfusion and therapeutic injection",excludes2,"vascular complications specified as due to prosthetic devices, implants and grafts (T82.8-, T83.8-, T84.8-, T85.8-)",T82.8-; T83.8-; T84.8-; T85.8-,T82; T83; T84; T85
19,T80.1,"Vascular complications following infusion, transfusion and therapeutic injection",excludes2,postprocedural vascular complications (T81.7-),T81.7-,T81
19,T80.2,"Infections following infusion, transfusion and therapeutic injection",excludes2,"infections specified as due to prosthetic devices, implants and grafts (T82.6-T82.7, T83.5-T83.6, T84.5-T84.7, T85.7)",T82.6-T82.7; T83.5-T83.6; T84.5-T84.7; T85.7,T82; T83; T84; T85
19,T80.2,"Infections following infusion, transfusion and therapeutic injection",excludes2,postprocedural infections (T81.4-),T81.4-,T81
19,T80.6,Other serum reactions,excludes2,serum hepatitis (B16-B19),B16-B19,B16
19,T80.82,Complication of immune effector cellular therapy,excludes2,adverse effect of immune checkpoint inhibitors and immunostimulant drugs (T45.AX5),T45.AX5,T45
19,T80.82,Complication of immune effector cellular therapy,excludes2,complication of bone marrow transplant (T86.0),T86.0,T86
19,T80.82,Complication of immune effector cellular therapy,excludes2,complication of stem cell transplant (T86.5),T86.5,T86
19,T81,"Complications of procedures, not elsewhere classified",excludes2,complications following immunization (T88.0-T88.1),T88.0-T88.1,T88
19,T81,"Complications of procedures, not elsewhere classified",excludes2,"complications following infusion, transfusion and therapeutic injection (T80.-)",T80.-,T80
19,T81,"Complications of procedures, not elsewhere classified",excludes2,complications of transplanted organs and tissue (T86.-),T86.-,T86
19,T81,"Complications of procedures, not elsewhere classified",excludes2,"specified complications classified elsewhere, such as:",,
19,T81,"Complications of procedures, not elsewhere classified",excludes2,"complication of prosthetic devices, implants and grafts (T82-T85)",T82-T85,T82
19,T81,"Complications of procedures, not elsewhere classified",excludes2,"dermatitis due to drugs and medicaments (L23.3, L24.4, L25.1, L27.0-L27.1)",L23.3; L24.4; L25.1; L27.0-L27.1,L23; L24; L25; L27
19,T81,"Complications of procedures, not elsewhere classified",excludes2,endosseous dental implant failure (M27.6-),M27.6-,M27
19,T81,"Complications of procedures, not elsewhere classified",excludes2,floppy iris syndrome (IFIS) (intraoperative) H21.81,,
19,T81,"Complications of procedures, not elsewhere classified",excludes2,"intraoperative and postprocedural complications of specific body system (D78.-, E36.-, E89.-, G97.3-, G97.4, H59.3-, H59.-, H95.2-, H95.3, I97.4-, I97.5, J95, K91.-, L76.-, M96.-, N99.-)",D78.-; E36.-; E89.-; G97.3-; G97.4; H59.3-; H59.-; H95.2-; H95.3; I97.4-; I97.5; J95; K91.-; L76.-; M96.-; N99.-,D78; E36; E89; G97; H59; H95; I97; J95; K91; L76; M96; N99
19,T81,"Complications of procedures, not elsewhere classified",excludes2,"ostomy complications (J95.0-, K94.-, N99.5-)",J95.0-; K94.-; N99.5-,J95; K94; N99
19,T81,"Complications of procedures, not elsewhere classified",excludes2,plateau iris syndrome (post-iridectomy) (postprocedural) H21.82,,
19,T81,"Complications of procedures, not elsewhere classified",excludes2,poisoning and toxic effects of drugs and chemicals (T36-T65 with fifth or sixth character 1-4),,
19,T81.4,Infection following a procedure,excludes2,bleb associated endophthalmitis (H59.4-),H59.4-,H59
19,T81.4,Infection following a procedure,excludes2,"infection due to infusion, transfusion and therapeutic injection (T80.2-)",T80.2-,T80
19,T81.4,Infection following a procedure,excludes2,"infection due to prosthetic devices, implants and grafts (T82.6-T82.7, T83.5-T83.6, T84.5-T84.7, T85.7)",T82.6-T82.7; T83.5-T83.6; T84.5-T84.7; T85.7,T82; T83; T84; T85
19,T81.4,Infection following a procedure,excludes2,obstetric surgical wound infection (O86.0-),O86.0-,O86
19,T81.4,Infection following a procedure,excludes2,postprocedural fever NOS (R50.82),R50.82,R50
19,T81.4,Infection following a procedure,excludes2,postprocedural retroperitoneal abscess (K68.11),K68.11,K68
19,T81.59,Other complications of foreign body accidentally left in body following procedure,excludes2,"obstruction or perforation due to prosthetic devices and implants intentionally left in body (T82.0-T82.5, T83.0-T83.4, T83.7, T84.0-T84.4, T85.0-T85.6)",T82.0-T82.5; T83.0-T83.4; T83.7; T84.0-T84.4; T85.0-T85.6,T82; T83; T84; T85
19,T81.6,Acute reaction to foreign substance accidentally left during a procedure,excludes2,complications of foreign body accidentally left in body cavity or operation wound following procedure (T81.5-),T81.5-,T81
19,T81.7,"Vascular complications following a procedure, not elsewhere classified",excludes2,"embolism due to prosthetic devices, implants and grafts (T82.8-, T83.81, T84.8-, T85.81-)",T82.8-; T83.81; T84.8-; T85.81-,T82; T83; T84; T85
19,T81.7,"Vascular complications following a procedure, not elsewhere classified",excludes2,"embolism following infusion, transfusion and therapeutic injection (T80.0)",T80.0,T80
19,T81.8,"Other complications of procedures, not elsewhere classified",excludes2,hypothermia following anesthesia (T88.51),T88.51,T88
19,T81.8,"Other complications of procedures, not elsewhere classified",excludes2,malignant hyperpyrexia due to anesthesia (T88.3),T88.3,T88
19,T82,"Complications of cardiac and vascular prosthetic devices, implants and grafts",excludes2,failure and rejection of transplanted organs and tissue (T86.-),T86.-,T86
19,T82.5,Mechanical complication of other cardiac and vascular devices and implants,excludes2,mechanical complication of epidural and subdural infusion catheter (T85.61),T85.61,T85
19,T83,"Complications of genitourinary prosthetic devices, implants and grafts",excludes2,failure and rejection of transplanted organs and tissue (T86.-),T86.-,T86
19,T83.0,Mechanical complication of urinary catheter,excludes2,complications of stoma of urinary tract (N99.5-),N99.5-,N99
19,T83.110,Breakdown (mechanical) of urinary electronic stimulator device,excludes2,Breakdown (mechanical) of electrode (lead) for sacral nerve neurostimulator (T85.111),T85.111,T85
19,T83.110,Breakdown (mechanical) of urinary electronic stimulator device,excludes2,"Breakdown (mechanical) of implanted electronic sacral neurostimulator, pulse generator or receiver (T85.113)",T85.113,T85
19,T83.120,Displacement of urinary electronic stimulator device,excludes2,Displacement of electrode (lead) for sacral nerve neurostimulator (T85.121),T85.121,T85
19,T83.120,Displacement of urinary electronic stimulator device,excludes2,"Displacement of implanted electronic sacral neurostimulator, pulse generator or receiver (T85.123)",T85.123,T85
19,T83.190,Other mechanical complication of urinary electronic stimulator device,excludes2,Other mechanical complication of electrode (lead) for sacral nerve neurostimulator (T85.191),T85.191,T85
19,T83.190,Other mechanical complication of urinary electronic stimulator device,excludes2,"Other mechanical complication of implanted electronic sacral neurostimulator, pulse generator or receiver (T85.193)",T85.193,T85
19,T83.51,Infection and inflammatory reaction due to urinary catheter,excludes2,complications of stoma of urinary tract (N99.5-),N99.5-,N99
19,T83.590,Infection and inflammatory reaction due to implanted urinary neurostimulation device,excludes2,Infection and inflammatory reaction due to electrode lead of sacral nerve neurostimulator (T85.732),T85.732,T85
19,T83.590,Infection and inflammatory reaction due to implanted urinary neurostimulation device,excludes2,Infection and inflammatory reaction due to pulse generator or receiver of sacral nerve neurostimulator (T85.734),T85.734,T85
19,T84,"Complications of internal orthopedic prosthetic devices, implants and grafts",excludes2,failure and rejection of transplanted organs and tissues (T86.-),T86.-,T86
19,T84,"Complications of internal orthopedic prosthetic devices, implants and grafts",excludes2,"fracture of bone following insertion of orthopedic implant, joint prosthesis or bone plate (M96.6)",M96.6,M96
19,T84.1,Mechanical complication of internal fixation device of bones of limb,excludes2,mechanical complication of internal fixation device of bones of feet (T84.2-),T84.2-,T84
19,T84.1,Mechanical complication of internal fixation device of bones of limb,excludes2,mechanical complication of internal fixation device of bones of fingers (T84.2-),T84.2-,T84
19,T84.1,Mechanical complication of internal fixation device of bones of limb,excludes2,mechanical complication of internal fixation device of bones of hands (T84.2-),T84.2-,T84
19,T84.1,Mechanical complication of internal fixation device of bones of limb,excludes2,mechanical complication of internal fixation device of bones of toes (T84.2-),T84.2-,T84
19,T84.3,"Mechanical complication of other bone devices, implants and grafts",excludes2,other complications of bone graft (T86.83-),T86.83-,T86
19,T85,"Complications of other internal prosthetic devices, implants and grafts",excludes2,failure and rejection of transplanted organs and tissue (T86.-),T86.-,T86
19,T85.3,"Mechanical complication of other ocular prosthetic devices, implants and grafts",excludes2,other complications of corneal graft (T86.84-),T86.84-,T86
19,T86.82,Complications of skin graft (allograft) (autograft),excludes2,complication of artificial skin graft (T85.693),T85.693,T85
19,T86.83,Complications of bone graft,excludes2,mechanical complications of bone graft (T84.3-),T84.3-,T84
19,T86.84,Complications of corneal transplant,excludes2,mechanical complications of corneal graft (T85.3-),T85.3-,T85
19,T87.89,Other complications of amputation stump,excludes2,phantom limb syndrome (G54.6-G54.7),G54.6-G54.7,G54
19,T88,"Other complications of surgical and medical care, not elsewhere classified",excludes2,"complication following infusion, transfusion and therapeutic injection (T80.-)",T80.-,T80
19,T88,"Other complications of surgical and medical care, not elsewhere classified",excludes2,complication following procedure NEC (T81.-),T81.-,T81
19,T88,"Other complications of surgical and medical care, not elsewhere classified",excludes2,complications of anesthesia in labor and delivery (O74.-),O74.-,O74
19,T88,"Other complications of surgical and medical care, not elsewhere classified",excludes2,complications of anesthesia in pregnancy (O29.-),O29.-,O29
19,T88,"Other complications of surgical and medical care, not elsewhere classified",excludes2,complications of anesthesia in puerperium (O89.-),O89.-,O89
19,T88,"Other complications of surgical and medical care, not elsewhere classified",excludes2,"complications of devices, implants and grafts (T82-T85)",T82-T85,T82
19,T88,"Other complications of surgical and medical care, not elsewhere classified",excludes2,complications of obstetric surgery and procedure (O75.4),O75.4,O75
19,T88,"Other complications of surgical and medical care, not elsewhere classified",excludes2,"dermatitis due to drugs and medicaments (L23.3, L24.4, L25.1, L27.0-L27.1)",L23.3; L24.4; L25.1; L27.0-L27.1,L23; L24; L25; L27
19,T88,"Other complications of surgical and medical care, not elsewhere classified",excludes2,poisoning and toxic effects of drugs and chemicals (T36-T65 with fifth or sixth character 1-4),,
19,T88,"Other complications of surgical and medical care, not elsewhere classified",excludes2,specified complications classified elsewhere,,
19,T88.1,"Other complications following immunization, not elsewhere classified",excludes2,anaphylactic shock due to serum (T80.5-),T80.5-,T80
19,T88.1,"Other complications following immunization, not elsewhere classified",excludes2,other serum reactions (T80.6-),T80.6-,T80
19,T88.1,"Other complications following immunization, not elsewhere classified",excludes2,postimmunization arthropathy (M02.2),M02.2,M02
19,T88.1,"Other complications following immunization, not elsewhere classified",excludes2,postimmunization encephalitis (G04.02),G04.02,G04
19,T88.1,"Other complications following immunization, not elsewhere classified",excludes2,postimmunization fever (R50.83),R50.83,R50
19,T88.52,Failed moderate sedation during procedure,excludes2,personal history of failed moderate sedation (Z92.83),Z92.83,Z92
19,T88.53,Unintended awareness under general anesthesia during procedure,excludes2,personal history of unintended awareness under general anesthesia (Z92.84),Z92.84,Z92
20,Block V00-V99,Transport accidents (V00-V99),excludes2,transport accidents due to cataclysm (X34-X38),X34-X38,X34
20,Block V10-V19,Pedal cycle rider injured in transport accident (V10-V19),excludes2,rupture of pedal cycle tire (W37.0),W37.0,W37
20,V91,Other injury due to accident to watercraft,excludes2,drowning and submersion due to accident to watercraft (V90.-),V90.-,V90
20,V91.3,Hit or struck by falling object due to accident to watercraft,excludes2,"drowning or submersion due to fall or jumping from damaged watercraft (V90.2-, V90.3-)",V90.2-; V90.3-,V90
20,V92.0,Drowning and submersion due to fall off watercraft,excludes2,hitting head on object or bottom of body of water due to fall from watercraft (V94.0-),V94.0-,V94
20,V93,"Other injury due to accident on board watercraft, without accident to watercraft",excludes2,"drowning and submersion due to accident on board watercraft, without accident to watercraft (V92.-)",V92.-,V92
20,V93.2,Heat exposure on board watercraft,excludes2,burn due to fire on board watercraft (V93.0-),V93.0-,V93
20,V93.5,Explosion on board watercraft,excludes2,fire on board watercraft (V93.0-),V93.0-,V93
20,V94.0,Hitting object or bottom of body of water due to fall from watercraft,excludes2,drowning and submersion due to fall from watercraft (V92.0-),V92.0-,V92
20,Block W00-W19,"Slipping, tripping, stumbling and falls (W00-W19)",excludes2,at risk for fall (history of fall) Z91.81,,
20,Block W00-W19,"Slipping, tripping, stumbling and falls (W00-W19)",excludes2,fall (in) (from) burning building (X00.-),X00.-,X00
20,Block W00-W19,"Slipping, tripping, stumbling and falls (W00-W19)",excludes2,"fall into fire (X00-X04, X08)",X00-X04; X08,X00; X08
20,W13.4,"Fall from, out of or through window",excludes2,fall with subsequent striking against sharp glass (W01.110-),W01.110-,W01
20,W16,"Fall, jump or diving into water",excludes2,striking or hitting diving board (W21.4),W21.4,W21
20,W20.0,Struck by falling object in cave-in,excludes2,asphyxiation due to cave-in (T71.21),T71.21,T71
20,W25,Contact with sharp glass,excludes2,glass embedded in skin (W45.-),W45.-,W45
20,W26,Contact with other sharp objects,excludes2,sharp object(s) embedded in skin (W45.-),W45.-,W45
20,W28,Contact with powered lawn mower,excludes2,exposure to electric current (W86.-),W86.-,W86
20,W44,Foreign body entering into or through a natural orifice,excludes2,contact with other sharp objects (W26),W26,W26
20,W44,Foreign body entering into or through a natural orifice,excludes2,contact with sharp glass (W25),W25,W25
20,W44,Foreign body entering into or through a natural orifice,excludes2,foreign body or object entering through skin (W45),W45,W45
20,W44.B1,Plastic bead entering into or through a natural orifice,excludes2,Plastic jewelry entering into or through a natural orifice (W44.B4),W44.B4,W44
20,W44.B4,Plastic jewelry entering into or through a natural orifice,excludes2,Plastic bead entering into or through a natural orifice (W44.B1),W44.B1,W44
20,W45,Foreign body or object entering through skin,excludes2,contact with hand tools (nonpowered) (powered) (W27-W29),W27-W29,W27
20,W45,Foreign body or object entering through skin,excludes2,contact with other sharp object(s) (W26.-),W26.-,W26
20,W45,Foreign body or object entering through skin,excludes2,contact with sharp glass (W25.-),W25.-,W25
20,W45,Foreign body or object entering through skin,excludes2,struck by objects (W20-W22),W20-W22,W20
20,Block W65-W74,Accidental non-transport drowning and submersion (W65-W74),excludes2,accidental drowning and submersion due to cataclysm (X34-X39),X34-X39,X34
20,W89,Exposure to man-made visible and ultraviolet light,excludes2,exposure to sunlight (X32),X32,X32
20,W90,Exposure to other nonionizing radiation,excludes2,exposure to sunlight (X32),X32,X32
20,Block X00-X08,"Exposure to smoke, fire and flames (X00-X08)",excludes2,explosions (W35-W40),W35-W40,W35
20,Block X00-X08,"Exposure to smoke, fire and flames (X00-X08)",excludes2,lightning (T75.0-),T75.0-,T75
20,Block X00-X08,"Exposure to smoke, fire and flames (X00-X08)",excludes2,transport accident (V01-V99),V01-V99,V01
20,X00,Exposure to uncontrolled fire in building or structure,excludes2,Exposure to ignition or melting of nightwear (X05),X05,X05
20,X00,Exposure to uncontrolled fire in building or structure,excludes2,Exposure to ignition or melting of other clothing and apparel (X06.-),X06.-,X06
20,X00,Exposure to uncontrolled fire in building or structure,excludes2,"Exposure to other specified smoke, fire and flames (X08.-)",X08.-,X08
20,X04,Exposure to ignition of highly flammable material,excludes2,exposure to ignition or melting of nightwear (X05),X05,X05
20,X04,Exposure to ignition of highly flammable material,excludes2,exposure to ignition or melting of other clothing and apparel (X06),X06,X06
20,X05,Exposure to ignition or melting of nightwear,excludes2,exposure to uncontrolled fire in building or structure (X00.-),X00.-,X00
20,X05,Exposure to ignition or melting of nightwear,excludes2,"exposure to uncontrolled fire, not in building or structure (X01.-)",X01.-,X01
20,X05,Exposure to ignition or melting of nightwear,excludes2,exposure to controlled fire in building or structure (X02.-),X02.-,X02
20,X05,Exposure to ignition or melting of nightwear,excludes2,"exposure to controlled fire, not in building or structure (X03.-)",X03.-,X03
20,X05,Exposure to ignition or melting of nightwear,excludes2,exposure to ignition of highly flammable materials (X04.-),X04.-,X04
20,X06,Exposure to ignition or melting of other clothing and apparel,excludes2,exposure to uncontrolled fire in building or structure (X00.-),X00.-,X00
20,X06,Exposure to ignition or melting of other clothing and apparel,excludes2,"exposure to uncontrolled fire, not in building or structure (X01.-)",X01.-,X01
20,X06,Exposure to ignition or melting of other clothing and apparel,excludes2,exposure to controlled fire in building or structure (X02.-),X02.-,X02
20,X06,Exposure to ignition or melting of other clothing and apparel,excludes2,"exposure to controlled fire, not in building or structure (X03.-)",X03.-,X03
20,X06,Exposure to ignition or melting of other clothing and apparel,excludes2,exposure to ignition of highly flammable materials (X04.-),X04.-,X04
20,X32,Exposure to sunlight,excludes2,radiation-related disorders of the skin and subcutaneous tissue (L55-L59),L55-L59,L55
20,X34,Earthquake,excludes2,tidal wave (tsunami) due to earthquake (X37.41),X37.41,X37
20,X35,Volcanic eruption,excludes2,tidal wave (tsunami) due to volcanic eruption (X37.41),X37.41,X37
20,X36,"Avalanche, landslide and other earth movements",excludes2,transport accident involving collision with avalanche or landslide not in motion (V01-V99),V01-V99,V01
20,X37.8,Other cataclysmic storms,excludes2,flood (X38),X38,X38
20,X50.3,Overexertion from repetitive movements,excludes2,Overuse from prolonged static or awkward postures (X50.1),X50.1,X50
20,Y22,"Handgun discharge, undetermined intent",excludes2,very pistol (Y24.8),Y24.8,Y24
20,Y23,"Rifle, shotgun and larger firearm discharge, undetermined intent",excludes2,airgun (Y24.0),Y24.0,Y24
20,Block Y62-Y69,Misadventures to patients during surgical and medical care (Y62-Y69),excludes2,breakdown or malfunctioning of medical device (during procedure) (after implantation) (ongoing use) (Y70-Y82),Y70-Y82,Y70
20,Y63,Failure in dosage during surgical and medical care,excludes2,accidental overdose of drug or wrong drug given in error (T36-T50),T36-T50,T36
20,Block Y70-Y82,Medical devices associated with adverse incidents in diagnostic and therapeutic use (Y70-Y82),excludes2,later complications following use of medical devices without breakdown or malfunctioning of device (Y83-Y84),Y83-Y84,Y83
20,Block Y70-Y82,Medical devices associated with adverse incidents in diagnostic and therapeutic use (Y70-Y82),excludes2,"misadventure to patients during surgical and medical care, classifiable to (Y62-Y69)",Y62-Y69,Y62
20,Block Y70-Y82,Medical devices associated with adverse incidents in diagnostic and therapeutic use (Y70-Y82),excludes2,"surgical and other medical procedures as the cause of abnormal reaction of the patient, or of later complication, without mention of misadventure at the time of the procedure (Y83-Y84)",Y83-Y84,Y83
20,Block Y83-Y84,"Surgical and other medical procedures as the cause of abnormal reaction of the patient, or of later complication, without mention of misadventure at the time of the procedure (Y83-Y84)",excludes2,breakdown or malfunctioning of medical device (after implantation) (during procedure) (ongoing use) (Y70-Y82),Y70-Y82,Y70
21,Block Z00-Z13,Persons encountering health services for examinations (Z00-Z13),excludes2,"examinations related to pregnancy and reproduction (Z30-Z36, Z39.-)",Z30-Z36; Z39.-,Z30; Z39
21,Z00,"Encounter for general examination without complaint, suspected or reported diagnosis",excludes2,encounter for pre-procedural examinations (Z01.81-),Z01.81-,Z01
21,Z00,"Encounter for general examination without complaint, suspected or reported diagnosis",excludes2,special screening examinations (Z11-Z13),Z11-Z13,Z11
21,Z01,"Encounter for other special examination without complaint, suspected or reported diagnosis",excludes2,encounter for laboratory and radiologic examinations as a component of general medical examinations (Z00.0-),Z00.0-,Z00
21,Z01,"Encounter for other special examination without complaint, suspected or reported diagnosis",excludes2,screening examinations (Z11-Z13),Z11-Z13,Z11
21,Z01.4,Encounter for gynecological examination,excludes2,pregnancy examination or test (Z32.0-),Z32.0-,Z32
21,Z01.4,Encounter for gynecological examination,excludes2,routine examination for contraceptive maintenance (Z30.4-),Z30.4-,Z30
21,Z02.84,Encounter for child welfare exam,excludes2,encounter for examination and observation for alleged child physical abuse (Z04.72),Z04.72,Z04
21,Z02.84,Encounter for child welfare exam,excludes2,encounter for examination and observation for alleged child rape (Z04.42),Z04.42,Z04
21,Z03.82,Encounter for observation for suspected foreign body ruled out,excludes2,confirmed foreign body ingestion or aspiration including:,,
21,Z03.82,Encounter for observation for suspected foreign body ruled out,excludes2,foreign body in alimentary tract (T18),T18,T18
21,Z03.82,Encounter for observation for suspected foreign body ruled out,excludes2,foreign body in ear (T16),T16,T16
21,Z03.82,Encounter for observation for suspected foreign body ruled out,excludes2,foreign body on external eye (T15),T15,T15
21,Z03.82,Encounter for observation for suspected foreign body ruled out,excludes2,foreign body in respiratory tract (T17),T17,T17
21,Z11.3,Encounter for screening for infections with a predominantly sexual mode of transmission,excludes2,encounter for screening for human immunodeficiency virus [HIV] (Z11.4),Z11.4,Z11
21,Z11.3,Encounter for screening for infections with a predominantly sexual mode of transmission,excludes2,encounter for screening for human papillomavirus (Z11.51),Z11.51,Z11
21,Z11.5,Encounter for screening for other viral diseases,excludes2,encounter for screening for viral intestinal disease (Z11.0),Z11.0,Z11
21,Z11.6,Encounter for screening for other protozoal diseases and helminthiases,excludes2,encounter for screening for protozoal intestinal disease (Z11.0),Z11.0,Z11
21,Z12.4,Encounter for screening for malignant neoplasm of cervix,excludes2,encounter for screening for human papillomavirus (Z11.51),Z11.51,Z11
21,Z13.29,Encounter for screening for other suspected endocrine disorder,excludes2,encounter for screening for diabetes mellitus (Z13.1),Z13.1,Z13
21,Z13.4,Encounter for screening for certain developmental disorders in childhood,excludes2,encounter for routine child health examination (Z00.12-),Z00.12-,Z00
21,Z13.5,Encounter for screening for eye and ear disorders,excludes2,encounter for general hearing examination (Z01.1-),Z01.1-,Z01
21,Z13.5,Encounter for screening for eye and ear disorders,excludes2,encounter for general vision examination (Z01.0-),Z01.0-,Z01
21,Z13.8,Encounter for screening for other specified diseases and disorders,excludes2,screening for malignant neoplasms (Z12.-),Z12.-,Z12
21,Z16.12,Extended spectrum beta lactamase (ESBL) resistance,excludes2,Methicillin resistant Staphylococcus aureus infection in diseases classified elsewhere (B95.62),B95.62,B95
21,Z20,Contact with and (suspected) exposure to communicable diseases,excludes2,personal history of infectious and parasitic diseases (Z86.1-),Z86.1-,Z86
21,Z22,Carrier of infectious disease,excludes2,carrier of viral hepatitis (B18.-),B18.-,B18
21,Z31,Encounter for procreative management,excludes2,complications associated with artificial fertilization (N98.-),N98.-,N98
21,Z31,Encounter for procreative management,excludes2,female infertility (N97.-),N97.-,N97
21,Z31,Encounter for procreative management,excludes2,male infertility (N46.-),N46.-,N46
21,Z36,Encounter for antenatal screening of mother,excludes2,abnormal findings on antenatal screening of mother (O28.-),O28.-,O28
21,Z36,Encounter for antenatal screening of mother,excludes2,"genetic counseling and testing (Z31.43-, Z31.5)",Z31.43-; Z31.5,Z31
21,Z36,Encounter for antenatal screening of mother,excludes2,routine prenatal care (Z34),Z34,Z34
21,Block Z40-Z53,Encounters for other specific health care (Z40-Z53),excludes2,follow-up examination for medical surveillance after treatment (Z08-Z09),Z08-Z09,Z08
21,Z43,Encounter for attention to artificial openings,excludes2,fitting and adjustment of prosthetic and other devices (Z44-Z46),Z44-Z46,Z44
21,Z43.1,Encounter for attention to gastrostomy,excludes2,"artificial opening status only, without need for care (Z93.-)",Z93.-,Z93
21,Z45,Encounter for adjustment and management of implanted device,excludes2,encounter for fitting and adjustment of non-implanted device (Z46.-),Z46.-,Z46
21,Z45.018,Encounter for adjustment and management of other part of cardiac pacemaker,excludes2,"presence of prosthetic and other devices (Z95.1-Z95.5, Z95.811-Z97)",Z95.1-Z95.5; Z95.811-Z97,Z95
21,Z46,Encounter for fitting and adjustment of other devices,excludes2,encounter for fitting and management of implanted devices (Z45.-),Z45.-,Z45
21,Z46,Encounter for fitting and adjustment of other devices,excludes2,issue of repeat prescription only (Z76.0),Z76.0,Z76
21,Z46,Encounter for fitting and adjustment of other devices,excludes2,presence of prosthetic and other devices (Z95-Z97),Z95-Z97,Z95
21,Z46.2,Encounter for fitting and adjustment of other devices related to nervous system and special senses,excludes2,encounter for adjustment and management of implanted nervous system device (Z45.4-),Z45.4-,Z45
21,Z46.2,Encounter for fitting and adjustment of other devices related to nervous system and special senses,excludes2,encounter for adjustment and management of implanted visual substitution device (Z45.31),Z45.31,Z45
21,Z46.6,Encounter for fitting and adjustment of urinary device,excludes2,"attention to artificial openings of urinary tract (Z43.5, Z43.6)",Z43.5; Z43.6,Z43
21,Z48,Encounter for other postprocedural aftercare,excludes2,encounter for attention to artificial openings (Z43.-),Z43.-,Z43
21,Z48,Encounter for other postprocedural aftercare,excludes2,encounter for fitting and adjustment of prosthetic and other devices (Z44-Z46),Z44-Z46,Z44
21,Z48.81,Encounter for surgical aftercare following surgery on specified body systems,excludes2,aftercare following organ transplant (Z48.2-),Z48.2-,Z48
21,Z48.81,Encounter for surgical aftercare following surgery on specified body systems,excludes2,orthopedic aftercare (Z47.-),Z47.-,Z47
21,Z48.811,Encounter for surgical aftercare following surgery on the nervous system,excludes2,encounter for surgical aftercare following surgery on the sense organs (Z48.810),Z48.810,Z48
21,Z51.1,Encounter for antineoplastic chemotherapy and immunotherapy,excludes2,encounter for chemotherapy and immunotherapy for nonneoplastic condition - code to condition,,
21,Z56,Problems related to employment and unemployment,excludes2,occupational exposure to risk factors (Z57.-),Z57.-,Z57
21,Z56,Problems related to employment and unemployment,excludes2,problems related to housing and economic circumstances (Z59.-),Z59.-,Z59
21,Z57.31,Occupational exposure to environmental tobacco smoke,excludes2,exposure to environmental tobacco smoke (Z77.22),Z77.22,Z77
21,Z58,Problems related to physical environment,excludes2,occupational exposure (Z57.-),Z57.-,Z57
21,Z58.6,Inadequate drinking-water supply,excludes2,deprivation of water (T73.1),T73.1,T73
21,Z59,Problems related to housing and economic circumstances,excludes2,problems related to upbringing (Z62.-),Z62.-,Z62
21,Z59.1,Inadequate housing,excludes2,problems related to the natural and physical environment (Z77.1-),Z77.1-,Z77
21,Z59.12,Inadequate housing utilities,excludes2,basic services unavailable in physical environment (Z58.81),Z58.81,Z58
21,Z59.12,Inadequate housing utilities,excludes2,"financial insecurity, difficulty paying for utilities (Z59.861)",Z59.861,Z59
21,Z59.12,Inadequate housing utilities,excludes2,lack of adequate food (Z59.4-),Z59.4-,Z59
21,Z59.12,Inadequate housing utilities,excludes2,other problems related to housing and economic circumstances (Z59.8-),Z59.8-,Z59
21,Z59.4,Lack of adequate food,excludes2,deprivation of food (T73.0),T73.0,T73
21,Z59.4,Lack of adequate food,excludes2,effects of hunger (T73.0),T73.0,T73
21,Z59.4,Lack of adequate food,excludes2,inappropriate diet or eating habits (Z72.4),Z72.4,Z72
21,Z59.4,Lack of adequate food,excludes2,malnutrition (E40-E46),E40-E46,E40
21,Z59.819,"Housing instability, housed unspecified",excludes2,extreme poverty (Z59.5),Z59.5,Z59
21,Z59.819,"Housing instability, housed unspecified",excludes2,financial insecurity (Z59.86-),Z59.86-,Z59
21,Z59.819,"Housing instability, housed unspecified",excludes2,low income (Z59.6),Z59.6,Z59
21,Z59.819,"Housing instability, housed unspecified",excludes2,"material hardship due to limited financial resources, not elsewhere classified (Z59.87)",Z59.87,Z59
21,Z59.82,Transportation insecurity,excludes2,unavailability and inaccessibility of healthcare facilities (Z75.3),Z75.3,Z75
21,Z59.86,Financial insecurity,excludes2,extreme poverty (Z59.5),Z59.5,Z59
21,Z59.86,Financial insecurity,excludes2,low income (Z59.6),Z59.6,Z59
21,Z59.86,Financial insecurity,excludes2,"material hardship, not elsewhere classified (Z59.87)",Z59.87,Z59
21,Z59.861,"Financial insecurity, difficulty paying for utilities",excludes2,inadequate housing utilities (Z59.12),Z59.12,Z59
21,Z59.87,"Material hardship due to limited financial resources, not elsewhere classified",excludes2,extreme poverty (Z59.5),Z59.5,Z59
21,Z59.87,"Material hardship due to limited financial resources, not elsewhere classified",excludes2,"financial insecurity, not elsewhere classified (Z59.86-)",Z59.86-,Z59
21,Z59.87,"Material hardship due to limited financial resources, not elsewhere classified",excludes2,low income (Z59.6),Z59.6,Z59
21,Z62,Problems related to upbringing,excludes2,maltreatment syndrome (T74.-),T74.-,T74
21,Z62,Problems related to upbringing,excludes2,problems related to housing and economic circumstances (Z59.-),Z59.-,Z59
21,Z62.815,Personal history of intimate partner abuse in childhood,excludes2,"adult and child abuse, neglect and other maltreatment, confirmed (T74.-)",T74.-,T74
21,Z63,"Other problems related to primary support group, including family circumstances",excludes2,"maltreatment syndrome (T74.-, T76)",T74.-; T76,T74; T76
21,Z63,"Other problems related to primary support group, including family circumstances",excludes2,parent-child problems (Z62.-),Z62.-,Z62
21,Z63,"Other problems related to primary support group, including family circumstances",excludes2,problems related to negative life events in childhood (Z62.-),Z62.-,Z62
21,Z63,"Other problems related to primary support group, including family circumstances",excludes2,problems related to upbringing (Z62.-),Z62.-,Z62
21,Z70,"Counseling related to sexual attitude, behavior and orientation",excludes2,contraceptive or procreative counseling (Z30-Z31),Z30-Z31,Z30
21,Z71,"Persons encountering health services for other counseling and medical advice, not elsewhere classified",excludes2,contraceptive or procreation counseling (Z30-Z31),Z30-Z31,Z30
21,Z71,"Persons encountering health services for other counseling and medical advice, not elsewhere classified",excludes2,sex counseling (Z70.-),Z70.-,Z70
21,Z71.0,Person encountering health services to consult on behalf of another person,excludes2,anxiety (normal) about sick person in family (Z63.7),Z63.7,Z63
21,Z71.0,Person encountering health services to consult on behalf of another person,excludes2,expectant (adoptive) parent(s) pre-birth pediatrician visit (Z76.81),Z76.81,Z76
21,Z71.8,Other specified counseling,excludes2,counseling for contraception (Z30.0-),Z30.0-,Z30
21,Z71.84,Encounter for health counseling related to travel,excludes2,encounter for administrative examination (Z02.-),Z02.-,Z02
21,Z71.84,Encounter for health counseling related to travel,excludes2,"encounter for other special examination without complaint, suspected or reported diagnosis (Z01.-)",Z01.-,Z01
21,Z72,Problems related to lifestyle,excludes2,problems related to life-management difficulty (Z73.-),Z73.-,Z73
21,Z72,Problems related to lifestyle,excludes2,problems related to socioeconomic and psychosocial circumstances (Z55-Z65),Z55-Z65,Z55
21,Z73,Problems related to life management difficulty,excludes2,problems related to socioeconomic and psychosocial circumstances (Z55-Z65),Z55-Z65,Z55
21,Z74,Problems related to care provider dependency,excludes2,dependence on enabling machines or devices NEC (Z99.-),Z99.-,Z99
21,Z74.09,Other reduced mobility,excludes2,wheelchair dependence (Z99.3),Z99.3,Z99
21,Z76.0,Encounter for issue of repeat prescription,excludes2,issue of medical certificate (Z02.7),Z02.7,Z02
21,Z76.0,Encounter for issue of repeat prescription,excludes2,repeat prescription for contraceptive (Z30.4-),Z30.4-,Z30
21,Z77,Other contact with and (suspected) exposures hazardous to health,excludes2,contact with and (suspected) exposure to communicable diseases (Z20.-),Z20.-,Z20
21,Z77,Other contact with and (suspected) exposures hazardous to health,excludes2,exposure to (parental) (environmental) tobacco smoke in the perinatal period (P96.81),P96.81,P96
21,Z77,Other contact with and (suspected) exposures hazardous to health,excludes2,newborn affected by noxious substances transmitted via placenta or breast milk (P04.-),P04.-,P04
21,Z77,Other contact with and (suspected) exposures hazardous to health,excludes2,occupational exposure to risk factors (Z57.-),Z57.-,Z57
21,Z77,Other contact with and (suspected) exposures hazardous to health,excludes2,retained foreign body (Z18.-),Z18.-,Z18
21,Z77,Other contact with and (suspected) exposures hazardous to health,excludes2,retained foreign body fully removed (Z87.821),Z87.821,Z87
21,Z77,Other contact with and (suspected) exposures hazardous to health,excludes2,toxic effects of substances chiefly nonmedicinal as to source (T51-T65),T51-T65,T51
21,Z77.123,Contact with and (suspected) exposure to radon and other naturally occurring radiation,excludes2,"radiation exposure as the cause of a confirmed condition (W88-W90, X39.0-)",W88-W90; X39.0-,W88; X39
21,Z77.123,Contact with and (suspected) exposure to radon and other naturally occurring radiation,excludes2,radiation sickness NOS (T66),T66,T66
21,Z77.22,Contact with and (suspected) exposure to environmental tobacco smoke (acute) (chronic),excludes2,occupational exposure to environmental tobacco smoke (Z57.31),Z57.31,Z57
21,Z78,Other specified health status,excludes2,asymptomatic human immunodeficiency virus [HIV] infection status (Z21),Z21,Z21
21,Z78,Other specified health status,excludes2,postprocedural status (Z93-Z99),Z93-Z99,Z93
21,Z78,Other specified health status,excludes2,sex reassignment status (Z87.890-),Z87.890-,Z87
21,Z78.0,Asymptomatic menopausal state,excludes2,symptomatic menopausal state (N95.1),N95.1,N95
21,Z79,Long term (current) drug therapy,excludes2,drug abuse and dependence (F11-F19),F11-F19,F11
21,Z79,Long term (current) drug therapy,excludes2,"drug use complicating pregnancy, childbirth, and the puerperium (O99.32-)",O99.32-,O99
21,Z79.0,Long term (current) use of anticoagulants and antithrombotics/antiplatelets,excludes2,long term (current) use of aspirin (Z79.82),Z79.82,Z79
21,Z79.1,Long term (current) use of non-steroidal anti-inflammatories (NSAID),excludes2,long term (current) use of aspirin (Z79.82),Z79.82,Z79
21,Z79.4,Long term (current) use of insulin,excludes2,long-term (current) use of injectable non-insulin antidiabetic drugs (Z79.85),Z79.85,Z79
21,Z79.4,Long term (current) use of insulin,excludes2,long term (current) use of oral antidiabetic drugs (Z79.84),Z79.84,Z79
21,Z79.4,Long term (current) use of insulin,excludes2,long term (current) use of oral hypoglycemic drugs (Z79.84),Z79.84,Z79
21,Z79.6,Long term (current) use of immunomodulators and immunosuppressants,excludes2,long term (current) use of steroids (Z79.5-),Z79.5-,Z79
21,Z79.6,Long term (current) use of immunomodulators and immunosuppressants,excludes2,long term (current) use of agents affecting estrogen receptors and estrogen levels (Z79.81-),Z79.81-,Z79
21,Z79.84,Long term (current) use of oral hypoglycemic drugs,excludes2,long-term (current) use of injectable non-insulin antidiabetic drugs (Z79.85),Z79.85,Z79
21,Z79.84,Long term (current) use of oral hypoglycemic drugs,excludes2,long term (current) use of insulin (Z79.4),Z79.4,Z79
21,Z79.85,Long-term (current) use of injectable non-insulin antidiabetic drugs,excludes2,long term (current) use of insulin (Z79.4),Z79.4,Z79
21,Z79.85,Long-term (current) use of injectable non-insulin antidiabetic drugs,excludes2,long term (current) use of oral hypoglycemic drugs (Z79.84),Z79.84,Z79
21,Z79.891,Long term (current) use of opiate analgesic,excludes2,methadone use NOS (F11.9-),F11.9-,F11
21,Z79.891,Long term (current) use of opiate analgesic,excludes2,use of methadone for treatment of heroin addiction (F11.2-),F11.2-,F11
21,Z82.5,Family history of asthma and other chronic lower respiratory diseases,excludes2,family history of other diseases of the respiratory system (Z83.6),Z83.6,Z83
21,Z83,Family history of other specific disorders,excludes2,contact with and (suspected) exposure to communicable disease in the family (Z20.-),Z20.-,Z20
21,Z83.51,Family history of eye disorders,excludes2,family history of blindness and visual loss (Z82.1),Z82.1,Z82
21,Z83.52,Family history of ear disorders,excludes2,family history of deafness and hearing loss (Z82.2),Z82.2,Z82
21,Z83.6,Family history of other diseases of the respiratory system,excludes2,family history of asthma and other chronic lower respiratory diseases (Z82.5),Z82.5,Z82
21,Z83.71,Family history of colonic polyps,excludes2,family history of malignant neoplasm of digestive organs (Z80.0),Z80.0,Z80
21,Z85,Personal history of malignant neoplasm,excludes2,personal history of benign neoplasm (Z86.01-),Z86.01-,Z86
21,Z85,Personal history of malignant neoplasm,excludes2,personal history of carcinoma-in-situ (Z86.00-),Z86.00-,Z86
21,Z85.831,Personal history of malignant neoplasm of soft tissue,excludes2,personal history of malignant neoplasm of skin (Z85.82-),Z85.82-,Z85
21,Z86.0,Personal history of in-situ and benign neoplasms and neoplasms of uncertain behavior,excludes2,personal history of malignant neoplasms (Z85.-),Z85.-,Z85
21,Z86.006,Personal history of melanoma in-situ,excludes2,sites other than skin - code to personal history of in-situ neoplasm of the site,,
21,Z86.31,Personal history of diabetic foot ulcer,excludes2,"current diabetic foot ulcer (E08.621, E09.621, E10.621, E11.621, E13.621)",E08.621; E09.621; E10.621; E11.621; E13.621,E08; E09; E10; E11; E13
21,Z86.7,Personal history of diseases of the circulatory system,excludes2,old myocardial infarction (I25.2),I25.2,I25
21,Z86.7,Personal history of diseases of the circulatory system,excludes2,personal history of anaphylactic shock (Z87.892),Z87.892,Z87
21,Z86.7,Personal history of diseases of the circulatory system,excludes2,postmyocardial infarction syndrome (I24.1),I24.1,I24
21,Z87.2,Personal history of diseases of the skin and subcutaneous tissue,excludes2,personal history of diabetic foot ulcer (Z86.31),Z86.31,Z86
21,Z87.3,Personal history of diseases of the musculoskeletal system and connective tissue,excludes2,personal history of (healed) traumatic fracture (Z87.81),Z87.81,Z87
21,Z87.311,Personal history of (healed) other pathological fracture,excludes2,personal history of osteoporosis fracture (Z87.310),Z87.310,Z87
21,Z87.5,"Personal history of complications of pregnancy, childbirth and the puerperium",excludes2,recurrent pregnancy loss (N96),N96,N96
21,Z87.7,Personal history of (corrected) congenital malformations,excludes2,congenital malformations that have been partially corrected or repaired but which still require medical treatment - code to condition,,
21,Z87.7,Personal history of (corrected) congenital malformations,excludes2,other postprocedural states (Z98.-),Z98.-,Z98
21,Z87.7,Personal history of (corrected) congenital malformations,excludes2,personal history of medical treatment (Z92.-),Z92.-,Z92
21,Z87.7,Personal history of (corrected) congenital malformations,excludes2,presence of cardiac and vascular implants and grafts (Z95.-),Z95.-,Z95
21,Z87.7,Personal history of (corrected) congenital malformations,excludes2,presence of other devices (Z97.-),Z97.-,Z97
21,Z87.7,Personal history of (corrected) congenital malformations,excludes2,presence of other functional implants (Z96.-),Z96.-,Z96
21,Z87.7,Personal history of (corrected) congenital malformations,excludes2,transplanted organ and tissue status (Z94.-),Z94.-,Z94
21,Z87.8,Personal history of other specified conditions,excludes2,personal history of self harm (Z91.5-),Z91.5-,Z91
21,Z87.81,Personal history of (healed) traumatic fracture,excludes2,personal history of (healed) nontraumatic fracture (Z87.31-),Z87.31-,Z87
21,Z88,"Allergy status to drugs, medicaments and biological substances",excludes2,"Allergy status, other than to drugs and biological substances (Z91.0-)",Z91.0-,Z91
21,Z89.02,Acquired absence of other finger(s),excludes2,acquired absence of thumb (Z89.01-),Z89.01-,Z89
21,Z89.42,Acquired absence of other toe(s),excludes2,acquired absence of great toe (Z89.41-),Z89.41-,Z89
21,Z90,"Acquired absence of organs, not elsewhere classified",excludes2,postprocedural absence of endocrine glands (E89.-),E89.-,E89
21,Z90.09,Acquired absence of other part of head and neck,excludes2,teeth (K08.1),K08.1,K08
21,Z90.7,Acquired absence of genital organ(s),excludes2,female genital mutilation status (N90.81-),N90.81-,N90
21,Z91,"Personal risk factors, not elsewhere classified",excludes2,contact with and (suspected) exposures hazardous to health (Z77.-),Z77.-,Z77
21,Z91,"Personal risk factors, not elsewhere classified",excludes2,exposure to pollution and other problems related to physical environment (Z77.1-),Z77.1-,Z77
21,Z91,"Personal risk factors, not elsewhere classified",excludes2,female genital mutilation status (N90.81-),N90.81-,N90
21,Z91,"Personal risk factors, not elsewhere classified",excludes2,occupational exposure to risk factors (Z57.-),Z57.-,Z57
21,Z91,"Personal risk factors, not elsewhere classified",excludes2,"personal history of physical injury and trauma (Z87.81, Z87.82-)",Z87.81; Z87.82-,Z87
21,Z91.0,"Allergy status, other than to drugs and biological substances",excludes2,"Allergy status to drugs, medicaments, and biological substances (Z88.-)",Z88.-,Z88
21,Z91.01,Food allergy status,excludes2,food additives allergy status (Z91.02),Z91.02,Z91
21,Z91.1,Patient's noncompliance with medical treatment and regimen,excludes2,caregiver noncompliance with patient's medical treatment and regimen (Z91.A-),Z91.A-,Z91
21,Z91.41,Personal history of adult abuse,excludes2,personal history of abuse in childhood (Z62.81-),Z62.81-,Z62
21,Z91.82,Personal history of military deployment,excludes2,personal history of military service (Z91.85),Z91.85,Z91
21,Z91.85,Personal history of military service,excludes2,personal history of military deployment (Z91.82),Z91.82,Z91
21,Z92,Personal history of medical treatment,excludes2,postprocedural states (Z98.-),Z98.-,Z98
21,Z92.2,Personal history of drug therapy,excludes2,long term (current) drug therapy (Z79.-),Z79.-,Z79
21,Z92.22,Personal history of monoclonal drug therapy,excludes2,personal history of immune checkpoint inhibitor therapy (Z92.26),Z92.26,Z92
21,Z92.25,Personal history of immunosuppression therapy,excludes2,personal history of steroid therapy (Z92.24),Z92.24,Z92
21,Z92.83,Personal history of failed moderate sedation,excludes2,failed moderate sedation during procedure (T88.52),T88.52,T88
21,Z92.84,Personal history of unintended awareness under general anesthesia,excludes2,unintended awareness under general anesthesia during procedure (T88.53),T88.53,T88
21,Z92.85,Personal history of cellular therapy,excludes2,personal history of immune checkpoint inhibitor therapy (Z92.26),Z92.26,Z92
21,Z94,Transplanted organ and tissue status,excludes2,presence of vascular grafts (Z95.-),Z95.-,Z95
21,Z95,Presence of cardiac and vascular implants and grafts,excludes2,"complications of cardiac and vascular devices, implants and grafts (T82.-)",T82.-,T82
21,Z96,Presence of other functional implants,excludes2,"complications of internal prosthetic devices, implants and grafts (T82-T85)",T82-T85,T82
21,Z96,Presence of other functional implants,excludes2,fitting and adjustment of prosthetic and other devices (Z44-Z46),Z44-Z46,Z44
21,Z97,Presence of other devices,excludes2,fitting and adjustment of prosthetic and other devices (Z44-Z46),Z44-Z46,Z44
21,Z97,Presence of other devices,excludes2,presence of cerebrospinal fluid drainage device (Z98.2),Z98.2,Z98
21,Z98,Other postprocedural states,excludes2,"aftercare (Z43-Z49, Z51)",Z43-Z49; Z51,Z43; Z51
21,Z98,Other postprocedural states,excludes2,follow-up medical care (Z08-Z09),Z08-Z09,Z08
21,Z98,Other postprocedural states,excludes2,Fontan related circulation (I27.84-),I27.84-,I27
21,Z98,Other postprocedural states,excludes2,postprocedural complication - see Alphabetical Index,,
21,Z98.0,Intestinal bypass and anastomosis status,excludes2,bariatric surgery status (Z98.84),Z98.84,Z98
21,Z98.0,Intestinal bypass and anastomosis status,excludes2,gastric bypass status (Z98.84),Z98.84,Z98
21,Z98.0,Intestinal bypass and anastomosis status,excludes2,obesity surgery status (Z98.84),Z98.84,Z98
21,Z98.84,Bariatric surgery status,excludes2,intestinal bypass and anastomosis status (Z98.0),Z98.0,Z98
21,Z98.870,Personal history of in utero procedure during pregnancy,excludes2,complications from in utero procedure for current pregnancy (O35.7),O35.7,O35
21,Z98.870,Personal history of in utero procedure during pregnancy,excludes2,supervision of current pregnancy with history of in utero procedure during previous pregnancy (O09.82-),O09.82-,O09
21,Z99.2,Dependence on renal dialysis,excludes2,noncompliance with renal dialysis (Z91.15-),Z91.15-,Z91
22,U07.1,COVID-19,excludes2,coronavirus as the cause of diseases classified elsewhere (B97.2-),B97.2-,B97
22,U07.1,COVID-19,excludes2,pneumonia due to SARS-associated coronavirus (J12.81),J12.81,J12
